Event_ID,Year,Spawn_Date,Fishline_Raw,Standard_Line,Tanks_Involved,Primary_Tank,In_Tank,Setup_Staff_Initial,Collection_0H_Staff_Initial,Scoring_24H_Staff_Initial,Total_Eggs_0H,Survival_Rate_0H,Live_Embryos_0H,Survival_Rate_24H,Live_Embryos_24H,Fertility_Success,Source
EV-00001,2026,1/A,AB T96,AB,T0096,T0096,No,Enas,Enas,Enas,912,100.0,912,0.0,0,No,2026_log_sheet_part1
EV-00002,2024,2024-01-22,AB T22,AB,T0022,T0022,No,,,,1252,100.0,1252,86.3,1080,Yes,2024_master
EV-00003,2024,2024-01-22,Fli T54,Fli,T0054,T0054,No,,,,22,100.0,22,0.0,0,No,2024_master
EV-00004,2024,2024-01-22,Fli T51,Fli,T0051,T0051,No,,,,699,67.0,468,58.0,272,Yes,2024_master
EV-00005,2024,2024-01-22,Fli T38,Fli,T0038,T0038,No,,,,77,100.0,77,11.0,8,Yes,2024_master
EV-00006,2024,2024-01-22,Fli T50,Fli,T0050,T0050,No,,,,692,98.5,682,55.0,375,Yes,2024_master
EV-00007,2024,2024-01-22,Fli T55+ AB T33,AB,T0055;T0033,T0055,No,,,,146,100.0,146,95.0,139,Yes,2024_master
EV-00008,2024,2024-01-23,AB T52,AB,T0052,T0052,No,,,,250,96.0,240,91.6,220,Yes,2024_master
EV-00009,2024,2024-01-23,ABT57,AB,T0057,T0057,No,,,,250,59.0,148,77.0,114,Yes,2024_master
EV-00010,2024,2024-01-23,Fli T50,Fli,T0050,T0050,No,,,,24,78.0,19,9.5,2,Yes,2024_master
EV-00011,2024,2024-01-23,AB T29,AB,T0029,T0029,No,,,,1328,99.0,1315,84.7,1114,Yes,2024_master
EV-00012,2024,2024-01-23,AB T53,AB,T0053,T0053,No,,,,577,99.6,575,92.5,532,Yes,2024_master
EV-00013,2024,2024-01-23,AB T24,AB,T0024,T0024,No,,,,1043,100.0,1043,75.1,783,Yes,2024_master
EV-00014,2024,2024-01-23,AB T23,AB,T0023,T0023,No,,,,1661,99.6,1654,81.0,1340,Yes,2024_master
EV-00015,2024,2024-01-23,AB T46,AB,T0046,T0046,No,,,,1709,98.0,1675,91.9,1539,Yes,2024_master
EV-00016,2024,2024-01-23,AB T49,AB,T0049,T0049,No,,,,1339,94.0,1259,96.3,1212,Yes,2024_master
EV-00017,2024,2024-01-27,AB T22,AB,T0022,T0022,No,,,,823,99.0,815,84.4,688,Yes,2024_master
EV-00018,2024,2024-01-27,AB T32,AB,T0032,T0032,No,,,,1636,100.0,1636,80.0,1309,Yes,2024_master
EV-00019,2024,2024-01-28,AB T23,AB,T0023,T0023,No,,,,773,100.0,773,0.0,0,No,2024_master
EV-00020,2024,2024-01-29,AB T28,AB,T0028,T0028,No,,,,916,100.0,916,85.0,779,Yes,2024_master
EV-00021,2024,2024-01-29,AB T28,AB,T0028,T0028,No,,,,1944,99.5,1934,96.0,1857,Yes,2024_master
EV-00022,2024,2024-02-11,AB T22,AB,T0022,T0022,No,,,,870,100.0,870,95.9,834,Yes,2024_master
EV-00023,2024,2024-02-11,AB T23,AB,T0023,T0023,No,,,,800,100.0,800,85.25,682,Yes,2024_master
EV-00024,2024,2024-02-11,AB T32,AB,T0032,T0032,No,,,,45,100.0,45,77.0,35,Yes,2024_master
EV-00025,2024,2024-02-11,AB T28,AB,T0028,T0028,No,,,,737,100.0,737,99.4,733,Yes,2024_master
EV-00026,2024,2024-02-11,AB T34,AB,T0034,T0034,No,,,,475,53.0,252,83.0,209,Yes,2024_master
EV-00027,2024,2024-02-12,AB T24,AB,T0024,T0024,No,,,,1555,100.0,1555,81.3,1264,Yes,2024_master
EV-00028,2024,2024-02-17,AB T32,AB,T0032,T0032,Yes,,,,533,98.8,527,76.2,401,Yes,2024_master
EV-00029,2024,2024-02-17,AB T29,AB,T0029,T0029,No,,,,838,100.0,838,97.1,814,Yes,2024_master
EV-00030,2024,2024-02-18,AB T24,AB,T0024,T0024,No,,,,1158,100.0,1158,89.0,1031,Yes,2024_master
EV-00031,2024,2024-02-19,AB T32,AB,T0032,T0032,No,,,,1794,100.0,1794,89.3,1602,Yes,2024_master
EV-00032,2024,2024-02-20,AB T23,AB,T0023,T0023,No,,,,372,100.0,372,86.8,323,Yes,2024_master
EV-00033,2024,2024-02-24,AB T22,AB,T0022,T0022,No,,,,716,100.0,716,87.25,625,Yes,2024_master
EV-00034,2024,2024-02-24,AB T46,AB,T0046,T0046,No,,,,977,100.0,977,93.6,914,Yes,2024_master
EV-00035,2024,2024-02-24,AB T57,AB,T0057,T0057,No,,,,101,100.0,101,93.0,94,Yes,2024_master
EV-00036,2024,2024-02-24,AB T47,AB,T0047,T0047,No,,,,115,100.0,115,96.5,111,Yes,2024_master
EV-00037,2024,2024-02-24,AB T49,AB,T0049,T0049,No,,,,229,98.6,226,72.5,164,Yes,2024_master
EV-00038,2024,2024-02-25,AB T36,AB,T0036,T0036,No,,,,1623,99.8,1620,90.0,1458,Yes,2024_master
EV-00039,2024,2024-02-26,AB T34,AB,T0034,T0034,No,,,,346,100.0,346,90.0,311,Yes,2024_master
EV-00040,2024,2024-02-26,Gata T59,Gata,T0059,T0059,No,,,,404,100.0,404,67.0,271,Yes,2024_master
EV-00041,2024,2024-02-26,Gata T60,Gata,T0060,T0060,No,,,,256,100.0,256,23.0,59,Yes,2024_master
EV-00042,2024,2024-03-02,AB T27,AB,T0027,T0027,No,,,,459,98.8,453,72.6,329,Yes,2024_master
EV-00043,2024,2024-03-02,AB T27,AB,T0027,T0027,No,,,,0,0.0,0,0.0,0,No,2024_master
EV-00044,2024,2024-03-02,AB T33,AB,T0033,T0033,No,,,,475,99.0,470,85.8,403,Yes,2024_master
EV-00045,2024,2024-03-02,AB T35,AB,T0035,T0035,No,,,,103,99.0,102,86.2,88,Yes,2024_master
EV-00046,2024,2024-03-03,AB T22,AB,T0022,T0022,No,,,,767,100.0,767,85.9,659,Yes,2024_master
EV-00047,2024,2024-03-05,AB T25,AB,T0025,T0025,No,,,,294,95.0,279,93.0,260,Yes,2024_master
EV-00048,2024,2024-03-05,AB T52,AB,T0052,T0052,No,,,,571,100.0,571,96.3,550,Yes,2024_master
EV-00049,2024,2024-03-05,AB T53,AB,T0053,T0053,No,,,,186,100.0,186,97.0,180,Yes,2024_master
EV-00050,2024,2024-03-09,AB T22,AB,T0022,T0022,No,,,,943,100.0,943,95.0,896,Yes,2024_master
EV-00051,2024,2024-03-10,Fli T48,Fli,T0048,T0048,No,,,,1236,99.0,1224,91.8,1123,Yes,2024_master
EV-00052,2024,2024-03-10,Fli T55,Fli,T0055,T0055,No,,,,521,91.9,479,91.85,440,Yes,2024_master
EV-00053,2024,2024-03-10,Fli T54,Fli,T0054,T0054,No,,,,1250,91.0,1138,88.45,1006,Yes,2024_master
EV-00054,2024,2024-03-10,Fli T50,Fli,T0050,T0050,No,,,,833,98.6,821,91.3,750,Yes,2024_master
EV-00055,2024,2024-03-10,Fli T38,Fli,T0038,T0038,No,,,,566,99.4,563,46.7,263,Yes,2024_master
EV-00056,2024,2024-03-10,Fli T61,Fli,T0061,T0061,No,,,,1248,99.8,1246,72.7,905,Yes,2024_master
EV-00057,2024,2024-04-20,AB T22,AB,T0022,T0022,No,,,,2525,100.0,2525,80.9,2043,Yes,2024_master
EV-00058,2024,2024-04-20,AB T23,AB,T0023,T0023,No,,,,853,97.0,827,75.0,621,Yes,2024_master
EV-00059,2024,2024-04-20,AB T33,AB,T0033,T0033,No,,,,73,100.0,73,95.8,70,Yes,2024_master
EV-00060,2024,2024-04-20,AB T27,AB,T0027,T0027,No,,,,561,100.0,561,81.0,454,Yes,2024_master
EV-00061,2024,2024-04-21,AB T32,AB,T0032,T0032,No,,,,2169,99.3,2154,79.0,1702,Yes,2024_master
EV-00062,2024,2024-04-21,CMCL2 T21,Other,T0021,T0021,No,,,,62,100.0,62,85.0,53,Yes,2024_master
EV-00063,2024,2024-04-21,Gata T59,Gata,T0059,T0059,No,,,,222,100.0,222,59.0,131,Yes,2024_master
EV-00064,2024,2024-04-21,Fli T48,Fli,T0048,T0048,No,,,,204,100.0,204,80.0,163,Yes,2024_master
EV-00065,2024,2024-04-22,Gata from 23/10/23,Gata,,,No,,,,456,100.0,456,64.0,292,Yes,2024_master
EV-00066,2024,2024-04-22,Fli from 21/11/23,Fli,,,No,,,,409,87.1,356,58.9,210,Yes,2024_master
EV-00067,2024,2024-04-22,Gata T60,Gata,T0060,T0060,No,,,,452,99.3,449,81.0,364,Yes,2024_master
EV-00068,2024,2024-04-22,CmcL2 T16,Other,T0016,T0016,No,,,,264,99.2,262,60.0,157,Yes,2024_master
EV-00069,2024,2024-04-22,Fli T50,Fli,T0050,T0050,No,,,,321,93.7,301,80.5,242,Yes,2024_master
EV-00070,2024,2024-04-23,AB T33,AB,T0033,T0033,No,,,,143,100.0,143,87.0,124,Yes,2024_master
EV-00071,2024,2024-04-28,AB T24,AB,T0024,T0024,No,,,,1065,100.0,1065,78.5,836,Yes,2024_master
EV-00072,2024,2024-04-28,AB T28,AB,T0028,T0028,No,,,,735,99.1,728,76.0,554,Yes,2024_master
EV-00073,2024,2024-04-29,AB T23,AB,T0023,T0023,Yes,,,,1177,99.9,1176,76.0,894,Yes,2024_master
EV-00074,2024,2024-04-29,AB T32,AB,T0032,T0032,Yes,,,,969,99.0,959,79.0,758,Yes,2024_master
EV-00075,2024,2024-04-29,AB T22,AB,T0022,T0022,Yes,,,,1499,94.0,1409,92.0,1296,Yes,2024_master
EV-00076,2024,2024-05-25,AB T27,AB,T0027,T0027,No,,,,282,100.0,282,94.0,265,Yes,2024_master
EV-00077,2024,2024-05-25,AB T36,AB,T0036,T0036,No,,,,1383,100.0,1383,86.0,1189,Yes,2024_master
EV-00078,2024,2024-05-25,AB T25,AB,T0025,T0025,No,,,,935,100.0,935,74.5,697,Yes,2024_master
EV-00079,2024,2024-05-26,AB T35,AB,T0035,T0035,No,,,,679,96.0,652,64.0,417,Yes,2024_master
EV-00080,2024,2024-05-26,AB T30,AB,T0030,T0030,No,,,,320,96.0,307,94.0,289,Yes,2024_master
EV-00081,2024,2024-05-26,AB T22,AB,T0022,T0022,No,,,,2447,97.0,2374,64.0,1519,Yes,2024_master
EV-00082,2024,2024-05-27,AB T34,AB,T0034,T0034,No,,,,138,100.0,138,57.0,79,Yes,2024_master
EV-00083,2024,2024-05-27,AB T27,AB,T0027,T0027,No,,,,264,100.0,264,90.0,238,Yes,2024_master
EV-00084,2024,2024-05-28,AB T49,AB,T0049,T0049,No,,,,1823,100.0,1823,80.5,1468,Yes,2024_master
EV-00085,2024,2024-05-28,AB T47,AB,T0047,T0047,No,,,,1362,96.0,1308,93.4,1221,Yes,2024_master
EV-00086,2024,2024-06-01,AB T23,AB,T0023,T0023,No,,,,1764,99.0,1746,82.0,1432,Yes,2024_master
EV-00087,2024,2024-06-01,AB T29,AB,T0029,T0029,No,,,,1721,99.0,1704,87.2,1486,Yes,2024_master
EV-00088,2024,2024-06-02,AB T47(M) X Cas T13(F),AB,T0047;T0013,T0047,No,,,,212,100.0,212,50.4,107,Yes,2024_master
EV-00089,2024,2024-06-02,AB T47(F) X Cas T13(M),AB,T0047;T0013,T0047,No,,,,172,100.0,172,40.0,69,Yes,2024_master
EV-00090,2024,2024-06-02,AB T46,AB,T0046,T0046,No,,,,1455,100.0,1455,64.5,938,Yes,2024_master
EV-00091,2024,2024-06-03,Fli T38,Fli,T0038,T0038,No,,,,1254,99.0,1241,74.0,919,Yes,2024_master
EV-00092,2024,2024-06-03,Gata T60,Gata,T0060,T0060,No,,,,648,100.0,648,73.0,473,Yes,2024_master
EV-00093,2024,2024-06-03,Gata T59,Gata,T0059,T0059,No,,,,482,100.0,482,63.0,304,Yes,2024_master
EV-00094,2024,2024-06-03,Gata F2 Sidra not screened,Gata,,,No,,,,409,100.0,409,64.0,262,Yes,2024_master
EV-00095,2024,2024-06-03,Fli T51,Fli,T0051,T0051,No,,,,1435,100.0,1435,80.0,1148,Yes,2024_master
EV-00096,2024,2024-06-03,Fli T61,Fli,T0061,T0061,No,,,,0,0.0,0,0.0,0,No,2024_master
EV-00097,2024,2024-06-03,Fli T50,Fli,T0050,T0050,No,,,,77,96.0,74,25.0,18,Yes,2024_master
EV-00098,2024,2024-06-03,Fli T54,Fli,T0054,T0054,No,,,,181,0.0,0,93.0,0,Yes,2024_master
EV-00099,2024,2024-06-03,Fli T48,Fli,T0048,T0048,No,,,,671,100.0,671,87.0,584,Yes,2024_master
EV-00100,2024,2024-06-04,AB T35,AB,T0035,T0035,No,,,,42,100.0,42,76.0,32,Yes,2024_master
EV-00101,2024,2024-06-04,AB T25,AB,T0025,T0025,No,,,,1213,100.0,1213,79.0,958,Yes,2024_master
EV-00102,2024,2024-06-04,AB T27,AB,T0027,T0027,No,,,,145,100.0,145,89.0,129,Yes,2024_master
EV-00103,2024,2024-06-04,AB T34,AB,T0034,T0034,No,,,,167,100.0,167,53.8,90,Yes,2024_master
EV-00104,2024,2024-06-04,AB T30,AB,T0030,T0030,No,,,,158,100.0,158,91.0,144,Yes,2024_master
EV-00105,2024,2024-06-04,AB T31,AB,T0031,T0031,No,,,,141,97.0,137,47.0,64,Yes,2024_master
EV-00106,2024,2024-06-04,AB T27,AB,T0027,T0027,No,,,,24,100.0,24,66.6,16,Yes,2024_master
EV-00107,2024,2024-06-04,AB T36,AB,T0036,T0036,No,,,,1040,100.0,1040,84.0,874,Yes,2024_master
EV-00108,2024,2024-06-08,AB T53,AB,T0053,T0053,No,,,,0,0.0,0,0.0,0,No,2024_master
EV-00109,2024,2024-06-08,AB T52,AB,T0052,T0052,No,,,,397,100.0,397,93.0,369,Yes,2024_master
EV-00110,2024,2024-06-08,AB (Sidra) G1 tank,AB,,,No,,,,55,100.0,55,50.9,28,Yes,2024_master
EV-00111,2024,2024-06-08,AB T22,AB,T0022,T0022,No,,,,1272,99.3,1263,79.3,1002,Yes,2024_master
EV-00112,2024,2024-06-08,AB T24,AB,T0024,T0024,No,,,,2013,97.0,1953,73.0,1425,Yes,2024_master
EV-00113,2024,2024-06-08,AB T23,AB,T0023,T0023,No,,,,1210,100.0,1210,68.9,834,Yes,2024_master
EV-00114,2024,2024-06-09,AB T47,AB,T0047,T0047,No,,,,137,100.0,137,94.5,129,Yes,2024_master
EV-00115,2024,2024-06-09,Cas T13(F) X AB T47(M),AB,T0013;T0047,T0013,No,,,,240,100.0,240,90.0,216,Yes,2024_master
EV-00116,2024,2024-06-09,AB T47(F) Cas T13(M),AB,T0047;T0013,T0047,No,,,,0,0.0,0,0.0,0,No,2024_master
EV-00117,2024,2024-07-06,AB T35,AB,T0035,T0035,No,,,,434,7.0,30,67.0,20,Yes,2024_master
EV-00118,2024,2024-07-06,AB T30,AB,T0030,T0030,No,,,,41,100.0,41,100.0,41,Yes,2024_master
EV-00119,2024,2024-07-07,AB T25,AB,T0025,T0025,No,,,,409,100.0,409,84.0,344,Yes,2024_master
EV-00120,2024,2024-07-07,AB T34,AB,T0034,T0034,No,,,,258,100.0,258,77.0,199,Yes,2024_master
EV-00121,2024,2024-07-07,AB T36,AB,T0036,T0036,No,,,,530,100.0,530,89.0,472,Yes,2024_master
EV-00122,2024,2024-07-07,AB T22,AB,T0022,T0022,No,,,,604,100.0,604,82.0,495,Yes,2024_master
EV-00123,2024,2024-07-07,AB T23,AB,T0023,T0023,No,,,,153,100.0,153,75.0,115,Yes,2024_master
EV-00124,2024,2024-07-14,AB T30,AB,T0030,T0030,No,,,,394,100.0,394,90.1,355,Yes,2024_master
EV-00125,2024,2024-07-14,AB T27,AB,T0027,T0027,No,,,,794,98.2,780,74.7,582,Yes,2024_master
EV-00126,2024,2024-07-14,AB T25,AB,T0025,T0025,No,,,,591,100.0,591,88.0,520,Yes,2024_master
EV-00127,2024,2024-07-14,AB T36,AB,T0036,T0036,No,,,,470,96.1,452,99.1,448,Yes,2024_master
EV-00128,2024,2024-07-14,AB T27,AB,T0027,T0027,No,,,,411,93.1,383,91.6,350,Yes,2024_master
EV-00129,2024,2024-07-16,Gata T59,Gata,T0059,T0059,No,,,,37,100.0,37,0.0,0,No,2024_master
EV-00130,2024,2024-07-16,Gata T60,Gata,T0060,T0060,No,,,,93,100.0,93,70.0,65,Yes,2024_master
EV-00131,2024,2024-07-16,Gata F2+ Tecni system,Gata,,,No,,,,0,0.0,0,0.0,0,No,2024_master
EV-00132,2024,2024-07-16,Gata F2 Tecni System,Gata,,,No,,,,192,100.0,192,6.25,12,Yes,2024_master
EV-00133,2024,2024-07-17,AB T28,AB,T0028,T0028,Yes,,,,0,0.0,0,0.0,0,No,2024_master
EV-00134,2024,2024-07-17,AB T29,AB,T0029,T0029,Yes,,,,452,97.8,442,83.0,367,Yes,2024_master
EV-00135,2024,2024-07-17,AB T31,AB,T0031,T0031,No,,,,544,100.0,544,78.1,425,Yes,2024_master
EV-00136,2024,2024-07-17,Gata G.F2.1,Gata,,,No,,,,65,100.0,65,66.1,43,Yes,2024_master
EV-00137,2024,2024-07-17,AB T23,AB,T0023,T0023,Yes,,,,1857,98.9,1837,66.7,1225,Yes,2024_master
EV-00138,2024,2024-07-28,AB T32,AB,T0032,T0032,Yes,,,,910,98.5,896,82.05,735,Yes,2024_master
EV-00139,2024,2024-07-28,AB T35,AB,T0035,T0035,Yes,,,,532,100.0,532,85.15,453,Yes,2024_master
EV-00140,2024,2024-07-30,AB T48,AB,T0048,T0048,No,,,,947,98.7,935,87.77,820,Yes,2024_master
EV-00141,2024,2024-07-30,AB T47,AB,T0047,T0047,No,,,,147,95.8,141,57.14,80,Yes,2024_master
EV-00142,2024,2024-07-30,AB T49,AB,T0049,T0049,No,,,,619,99.6,617,62.3,384,Yes,2024_master
EV-00143,2024,2024-07-30,AB T57,AB,T0057,T0057,No,,,,92,82.6,76,7.9,6,Yes,2024_master
EV-00144,2024,2024-08-03,AB T23,AB,T0023,T0023,Yes,,,,2149,99.5,2138,80.2,1715,Yes,2024_master
EV-00145,2024,2024-08-03,AB T27,AB,T0027,T0027,No,,,,952,99.7,949,94.3,895,Yes,2024_master
EV-00146,2024,2024-08-03,AB T30,AB,T0030,T0030,No,,,,883,100.0,883,94.0,830,Yes,2024_master
EV-00147,2024,2024-08-03,AB T25,AB,T0025,T0025,Yes,,,,1509,99.6,1503,88.5,1330,Yes,2024_master
EV-00148,2024,2024-08-03,AB T27,AB,T0027,T0027,Yes,,,,120,100.0,120,86.6,104,Yes,2024_master
EV-00149,2024,2024-08-04,AB T36,AB,T0036,T0036,No,,,,1243,100.0,1243,64.75,805,Yes,2024_master
EV-00150,2024,2024-08-04,AB T31,AB,T0031,T0031,No,,,,185,100.0,185,81.6,151,Yes,2024_master
EV-00151,2024,2024-08-04,AB T29,AB,T0029,T0029,Yes,,,,1969,100.0,1969,75.6,1489,Yes,2024_master
EV-00152,2024,2024-08-10,AB T27,AB,T0027,T0027,No,,,,676,100.0,676,98.0,662,Yes,2024_master
EV-00153,2024,2024-08-10,AB T24,AB,T0024,T0024,Yes,,,,1603,100.0,1603,78.5,1258,Yes,2024_master
EV-00154,2024,2024-08-10,AB T22,AB,T0022,T0022,Yes,,,,903,99.0,894,75.4,674,Yes,2024_master
EV-00155,2024,2024-08-10,AB T32,AB,T0032,T0032,Yes,,,,896,100.0,896,80.0,717,Yes,2024_master
EV-00156,2024,2024-08-11,AB T27,AB,T0027,T0027,No,,,,204,100.0,204,98.0,200,Yes,2024_master
EV-00157,2024,2024-08-11,AB T25,AB,T0025,T0025,Yes,,,,1018,99.0,1008,87.1,878,Yes,2024_master
EV-00158,2024,2024-08-11,AB T30,AB,T0030,T0030,No,,,,724,100.0,724,83.33,603,Yes,2024_master
EV-00159,2024,2024-08-11,AB T27,AB,T0027,T0027,Yes,,,,269,100.0,269,83.6,225,Yes,2024_master
EV-00160,2024,2024-08-11,AB T36,AB,T0036,T0036,Yes,,,,628,100.0,628,90.2,566,Yes,2024_master
EV-00161,2024,2024-08-13,Fli T51,Fli,T0051,T0051,No,,,,329,100.0,329,57.4,189,Yes,2024_master
EV-00162,2024,2024-08-13,Fli (Sidra) G1,Fli,,,No,,,,440,100.0,440,71.8,316,Yes,2024_master
EV-00163,2024,2024-08-13,Fli T48,Fli,T0048,T0048,No,,,,641,100.0,641,79.5,510,Yes,2024_master
EV-00164,2024,2024-08-13,Fli T50,Fli,T0050,T0050,No,,,,0,0.0,0,0.0,0,No,2024_master
EV-00165,2024,2024-08-17,AB T27,AB,T0027,T0027,No,,,,621,100.0,621,92.66,575,Yes,2024_master
EV-00166,2024,2024-08-17,AB T31,AB,T0031,T0031,No,,,,740,100.0,740,78.3,579,Yes,2024_master
EV-00167,2024,2024-08-17,AB T28,AB,T0028,T0028,Yes,,,,0,0.0,0,0.0,0,No,2024_master
EV-00168,2024,2024-08-17,AB T23,AB,T0023,T0023,No,,,,958,100.0,958,62.0,594,Yes,2024_master
EV-00169,2024,2024-08-18,AB T29,AB,T0029,T0029,Yes,,,,968,100.0,968,83.0,803,Yes,2024_master
EV-00170,2024,2024-08-18,AB T27,AB,T0027,T0027,Yes,,,,581,100.0,581,96.0,558,Yes,2024_master
EV-00171,2024,2024-08-18,AB T27,AB,T0027,T0027,No,,,,170,100.0,170,100.0,170,Yes,2024_master
EV-00172,2024,2024-08-18,AB T25,AB,T0025,T0025,Yes,,,,370,100.0,370,92.0,340,Yes,2024_master
EV-00173,2024,2024-08-18,AB T36,AB,T0036,T0036,No,,,,221,100.0,221,91.0,201,Yes,2024_master
EV-00174,2024,2024-08-19,AB T35,AB,T0035,T0035,No,,,,126,100.0,126,57.0,72,Yes,2024_master
EV-00175,2024,2024-08-20,AB T31,AB,T0031,T0031,No,,,,136,100.0,136,67.0,91,Yes,2024_master
EV-00176,2024,2024-08-20,AB T52,AB,T0052,T0052,No,,,,4188,100.0,4188,85.6,3585,Yes,2024_master
EV-00177,2024,2024-08-20,AB T53,AB,T0053,T0053,No,,,,0,0.0,0,0.0,0,No,2024_master
EV-00178,2024,2024-08-24,Fli T54,Fli,T0054,T0054,No,,,,244,100.0,244,81.0,198,Yes,2024_master
EV-00179,2024,2024-08-24,Fli T51,Fli,T0051,T0051,No,,,,252,100.0,252,80.0,202,Yes,2024_master
EV-00180,2024,2024-08-24,AB T36,AB,T0036,T0036,No,,,,381,100.0,381,95.8,365,Yes,2024_master
EV-00181,2024,2024-08-24,Fli T48,Fli,T0048,T0048,No,,,,281,100.0,281,94.6,266,Yes,2024_master
EV-00182,2024,2024-08-24,Gata T59,Gata,T0059,T0059,No,,,,397,100.0,397,60.0,238,Yes,2024_master
EV-00183,2024,2024-08-24,AB T25,AB,T0025,T0025,No,,,,944,100.0,944,96.8,914,Yes,2024_master
EV-00184,2024,2024-08-24,AB T27,AB,T0027,T0027,No,,,,350,100.0,350,96.8,339,Yes,2024_master
EV-00185,2024,2024-08-24,Fli from F1 (29.11),Fli,,,No,,,,278,100.0,278,73.0,203,Yes,2024_master
EV-00186,2024,2024-08-25,AB T29,AB,T0029,T0029,No,,,,285,100.0,285,78.0,222,Yes,2024_master
EV-00187,2024,2024-08-25,AB T28,AB,T0028,T0028,No,,,,134,100.0,134,97.0,130,Yes,2024_master
EV-00188,2024,2024-08-25,AB T31,AB,T0031,T0031,No,,,,210,100.0,210,63.0,132,Yes,2024_master
EV-00189,2024,2024-08-25,AB T23,AB,T0023,T0023,No,,,,1329,100.0,1329,65.5,870,Yes,2024_master
EV-00190,2024,2024-08-25,AB T27,AB,T0027,T0027,No,,,,1401,100.0,1401,91.0,1275,Yes,2024_master
EV-00191,2024,2024-08-27,ABT57,AB,T0057,T0057,No,,,,84,91.0,76,50.0,38,Yes,2024_master
EV-00192,2024,2024-08-27,AB T47,AB,T0047,T0047,No,,,,282,100.0,282,86.0,243,Yes,2024_master
EV-00193,2024,2024-08-27,AB T46,AB,T0046,T0046,No,,,,2052,100.0,2052,84.0,1724,Yes,2024_master
EV-00194,2024,2024-08-27,ART49,Other,T0049,T0049,No,,,,861,100.0,861,77.0,663,Yes,2024_master
EV-00195,2024,2024-08-30,AB T30,AB,T0030,T0030,No,,,,567,100.0,567,86.59,491,Yes,2024_master
EV-00196,2024,2024-09-08,AB T23,AB,T0023,T0023,No,,,,141,98.0,138,70.9,98,Yes,2024_master
EV-00197,2024,2024-09-10,AB T46,AB,T0046,T0046,No,,,,1907,99.0,1888,90.0,1699,Yes,2024_master
EV-00198,2024,2024-09-10,AB T53,AB,T0053,T0053,No,,,,141,100.0,141,94.0,133,Yes,2024_master
EV-00199,2024,2024-09-10,AB T31,AB,T0031,T0031,No,,,,369,100.0,369,90.0,332,Yes,2024_master
EV-00200,2024,2024-09-10,AB T47,AB,T0047,T0047,No,,,,310,100.0,310,85.0,264,Yes,2024_master
EV-00201,2024,2024-09-10,AB T49,AB,T0049,T0049,No,,,,533,98.8,527,65.8,347,Yes,2024_master
EV-00202,2024,2024-09-10,AB T52,AB,T0052,T0052,No,,,,3835,99.0,3797,87.4,3318,Yes,2024_master
EV-00203,2024,2024-09-10,AB T57,AB,T0057,T0057,No,,,,339,100.0,339,11.0,37,Yes,2024_master
EV-00204,2024,2024-09-14,AB T27,AB,T0027,T0027,No,,,,1006,100.0,1006,88.88,894,Yes,2024_master
EV-00205,2024,2024-09-14,AB T31,AB,T0031,T0031,No,,,,477,100.0,477,83.6,399,Yes,2024_master
EV-00206,2024,2024-09-14,AB T28,AB,T0028,T0028,No,,,,248,100.0,248,98.8,245,Yes,2024_master
EV-00207,2024,2024-09-14,AB T36,AB,T0036,T0036,No,,,,222,100.0,222,88.0,195,Yes,2024_master
EV-00208,2024,2024-09-14,AB T27,AB,T0027,T0027,No,,,,684,100.0,684,89.0,609,Yes,2024_master
EV-00209,2024,2024-09-14,AB T30,AB,T0030,T0030,No,,,,200,100.0,200,85.55,171,Yes,2024_master
EV-00210,2024,2024-09-14,AB T29,AB,T0029,T0029,No,,,,334,100.0,334,82.6,276,Yes,2024_master
EV-00211,2024,2024-09-14,AB T23,AB,T0023,T0023,No,,,,352,100.0,352,74.7,263,Yes,2024_master
EV-00212,2024,2024-09-15,AB T32,AB,T0032,T0032,No,,,,1131,100.0,1131,63.0,713,Yes,2024_master
EV-00213,2024,2024-09-15,AB T22,AB,T0022,T0022,No,,,,2300,100.0,2300,82.0,1886,Yes,2024_master
EV-00214,2024,2024-09-22,AB T35,AB,T0035,T0035,No,,,,187,100.0,187,83.4,156,Yes,2024_master
EV-00215,2024,2024-09-22,AB T32,AB,T0032,T0032,No,,,,458,100.0,458,83.9,384,Yes,2024_master
EV-00216,2024,2024-09-22,AB T27,AB,T0027,T0027,No,,,,854,100.0,854,92.0,786,Yes,2024_master
EV-00217,2024,2024-09-22,AB T28,AB,T0028,T0028,No,,,,90,100.0,90,100.0,90,Yes,2024_master
EV-00218,2024,2024-09-23,Fli T51,Fli,T0051,T0051,No,,,,494,100.0,494,81.3,402,Yes,2024_master
EV-00219,2024,2024-09-23,Fli T12,Fli,T0012,T0012,No,,,,691,100.0,691,73.0,504,Yes,2024_master
EV-00220,2024,2024-09-23,Fli T48,Fli,T0048,T0048,No,,,,427,97.0,414,86.7,359,Yes,2024_master
EV-00221,2024,2024-09-23,Fli T47,Fli,T0047,T0047,No,,,,310,100.0,310,75.8,235,Yes,2024_master
EV-00222,2024,2024-09-23,Fli T38,Fli,T0038,T0038,No,,,,592,100.0,592,88.6,525,Yes,2024_master
EV-00223,2024,2024-09-23,Fli T61,Fli,T0061,T0061,No,,,,718,100.0,718,75.6,543,Yes,2024_master
EV-00224,2024,2024-09-23,Fli T54,Fli,T0054,T0054,No,,,,3853,91.0,3506,83.4,2924,Yes,2024_master
EV-00225,2024,2024-09-28,AB T30,AB,T0030,T0030,No,,,,339,100.0,339,79.6,270,Yes,2024_master
EV-00226,2024,2024-09-28,AB T25,AB,T0025,T0025,No,,,,664,100.0,664,93.7,622,Yes,2024_master
EV-00227,2024,2024-09-28,AB T36,AB,T0036,T0036,No,,,,512,100.0,512,86.5,443,Yes,2024_master
EV-00228,2024,2024-09-28,AB T23,AB,T0023,T0023,No,,,,1590,100.0,1590,77.4,1231,Yes,2024_master
EV-00229,2024,2024-09-29,AB T57,AB,T0057,T0057,No,,,,0,0.0,0,0.0,0,No,2024_master
EV-00230,2024,2024-09-29,AB T52,AB,T0052,T0052,No,,,,2796,98.0,2740,89.3,2447,Yes,2024_master
EV-00231,2024,2024-09-29,AB T46,AB,T0046,T0046,No,,,,1500,100.0,1500,89.8,1347,Yes,2024_master
EV-00232,2024,2024-09-29,AB T49,AB,T0049,T0049,No,,,,292,100.0,292,63.0,184,Yes,2024_master
EV-00233,2024,2024-09-29,AB T47,AB,T0047,T0047,No,,,,210,100.0,210,82.8,174,Yes,2024_master
EV-00234,2024,2024-09-29,AB T27,AB,T0027,T0027,No,,,,590,100.0,590,95.4,563,Yes,2024_master
EV-00235,2024,2024-10-01,Fli T47,Fli,T0047,T0047,No,,,,669,100.0,669,78.4,524,Yes,2024_master
EV-00236,2024,2024-10-01,Fli T51,Fli,T0051,T0051,No,,,,2226,100.0,2226,63.0,1402,Yes,2024_master
EV-00237,2024,2024-10-01,Fli T50,Fli,T0050,T0050,No,,,,87,100.0,87,31.0,27,Yes,2024_master
EV-00238,2024,2024-10-01,Gata T51,Gata,T0051,T0051,No,,,,0,0.0,0,0.0,0,No,2024_master
EV-00239,2024,2024-10-02,AB T29,AB,T0029,T0029,No,,,,1191,100.0,1191,92.1,1097,Yes,2024_master
EV-00240,2024,2024-10-02,AB T31,AB,T0031,T0031,No,,,,39,100.0,39,58.97,23,Yes,2024_master
EV-00241,2024,2024-10-05,AB T28,AB,T0028,T0028,No,,,,232,100.0,232,77.1,179,Yes,2024_master
EV-00242,2024,2024-10-05,AB T23,AB,T0023,T0023,No,,,,1405,100.0,1405,85.0,1194,Yes,2024_master
EV-00243,2024,2024-10-05,AB T25,AB,T0025,T0025,No,,,,161,100.0,161,94.4,152,Yes,2024_master
EV-00244,2024,2024-10-05,AB T36,AB,T0036,T0036,No,,,,407,100.0,407,91.4,372,Yes,2024_master
EV-00245,2024,2024-10-06,AB T27,AB,T0027,T0027,No,,,,177,100.0,177,96.8,171,Yes,2024_master
EV-00246,2024,2024-10-06,AB T32,AB,T0032,T0032,No,,,,992,100.0,992,84.7,840,Yes,2024_master
EV-00247,2024,2024-10-06,AB T22,AB,T0022,T0022,No,,,,1800,100.0,1800,90.0,1620,Yes,2024_master
EV-00248,2024,2024-10-06,AB T30,AB,T0030,T0030,No,,,,20,100.0,20,85.0,17,Yes,2024_master
EV-00249,2024,2024-10-06,AB T31,AB,T0031,T0031,No,,,,0,0.0,0,0.0,0,No,2024_master
EV-00250,2024,2024-10-07,AB T34,AB,T0034,T0034,No,,,,570,98.0,559,93.0,519,Yes,2024_master
EV-00251,2024,2024-10-07,AB T24,AB,T0024,T0024,No,,,,3479,97.0,3375,80.0,2700,Yes,2024_master
EV-00252,2024,2024-10-07,AB T35,AB,T0035,T0035,No,,,,661,98.0,648,71.0,460,Yes,2024_master
EV-00253,2024,2024-10-12,AB T25,AB,T0025,T0025,No,,,,174,100.0,174,93.1,162,Yes,2024_master
EV-00254,2024,2024-10-12,AB T29,AB,T0029,T0029,No,,,,635,100.0,635,86.0,546,Yes,2024_master
EV-00255,2024,2024-10-12,AB T36,AB,T0036,T0036,No,,,,269,100.0,269,96.0,258,Yes,2024_master
EV-00256,2024,2024-10-13,AB T30,AB,T0030,T0030,No,,,,712,100.0,712,92.0,655,Yes,2024_master
EV-00257,2024,2024-10-13,AB T31,AB,T0031,T0031,No,,,,116,100.0,116,90.0,104,Yes,2024_master
EV-00258,2024,2024-10-13,AB T23,AB,T0023,T0023,No,,,,317,100.0,317,70.5,223,Yes,2024_master
EV-00259,2024,2024-10-14,Fli T52,Fli,T0052,T0052,No,,,,527,83.0,437,77.7,340,Yes,2024_master
EV-00260,2024,2024-10-14,Fli T47,Fli,T0047,T0047,No,,,,1256,99.0,1243,64.2,798,Yes,2024_master
EV-00261,2024,2024-10-14,Fli T58,Fli,T0058,T0058,No,,,,0,0.0,0,0.0,0,No,2024_master
EV-00262,2024,2024-10-14,Gata T20,Gata,T0020,T0020,No,,,,0,0.0,0,0.0,0,No,2024_master
EV-00263,2024,2024-10-14,Fli T11,Fli,T0011,T0011,No,,,,401,96.0,385,91.7,353,Yes,2024_master
EV-00264,2024,2024-10-14,Fli T12,Fli,T0012,T0012,No,,,,228,86.0,196,77.5,152,Yes,2024_master
EV-00265,2024,2024-10-20,AB T27,AB,T0027,T0027,No,,,,618,100.0,618,78.0,482,Yes,2024_master
EV-00266,2024,2024-10-20,AB T30,AB,T0030,T0030,No,,,,120,100.0,120,95.0,114,Yes,2024_master
EV-00267,2024,2024-10-20,AB T31,AB,T0031,T0031,No,,,,74,100.0,74,75.0,56,Yes,2024_master
EV-00268,2024,2024-10-20,AB T22,AB,T0022,T0022,No,,,,845,100.0,845,96.0,811,Yes,2024_master
EV-00269,2024,2024-10-20,AB T34,AB,T0034,T0034,No,,,,817,100.0,817,85.0,694,Yes,2024_master
EV-00270,2024,2024-10-20,AB T27,AB,T0027,T0027,No,,,,172,100.0,172,88.0,151,Yes,2024_master
EV-00271,2024,2024-10-21,AB T24,AB,T0024,T0024,No,,,,1969,100.0,1969,89.0,1752,Yes,2024_master
EV-00272,2024,2024-10-21,AB T32,AB,T0032,T0032,No,,,,632,100.0,632,81.0,512,Yes,2024_master
EV-00273,2024,2024-10-21,AB T38,AB,T0038,T0038,No,,,,335,100.0,335,77.0,258,Yes,2024_master
EV-00274,2024,2024-10-21,AB T39,AB,T0039,T0039,No,,,,393,95.0,373,72.0,269,Yes,2024_master
EV-00275,2024,2024-10-21,AB T23,AB,T0023,T0023,No,,,,827,100.0,827,65.0,538,Yes,2024_master
EV-00276,2024,2024-10-22,AB T63,AB,T0063,T0063,No,,,,1816,100.0,1816,88.0,1598,Yes,2024_master
EV-00277,2024,2024-10-22,AB T35,AB,T0035,T0035,No,,,,212,95.0,201,84.65,170,Yes,2024_master
EV-00278,2024,2024-10-23,AB T44,AB,T0044,T0044,No,,,,5055,97.4,4924,89.0,4382,Yes,2024_master
EV-00279,2024,2024-10-23,AB T46,AB,T0046,T0046,No,,,,447,100.0,447,92.0,411,Yes,2024_master
EV-00280,2024,2024-10-26,AB T28,AB,T0028,T0028,No,,,,0,0.0,0,0.0,0,No,2024_master
EV-00281,2024,2024-10-26,AB T27,AB,T0027,T0027,Yes,,,,0,0.0,0,0.0,0,No,2024_master
EV-00282,2024,2024-10-26,AB T30,AB,T0030,T0030,Yes,,,,47,100.0,47,90.0,42,Yes,2024_master
EV-00283,2024,2024-10-26,AB T22,AB,T0022,T0022,No,,,,1141,99.0,1130,87.5,988,Yes,2024_master
EV-00284,2024,2024-10-26,AB T27,AB,T0027,T0027,Yes,,,,264,100.0,264,81.0,214,Yes,2024_master
EV-00285,2024,2024-10-26,AB T24,AB,T0024,T0024,No,,,,1593,100.0,1593,85.5,1362,Yes,2024_master
EV-00286,2024,2024-10-27,AB T33,AB,T0033,T0033,No,,,,0,0.0,0,0.0,0,No,2024_master
EV-00287,2024,2024-10-27,AB T27,AB,T0027,T0027,No,,,,868,100.0,868,92.0,799,Yes,2024_master
EV-00288,2024,2024-10-27,AB T36,AB,T0036,T0036,No,,,,770,100.0,770,91.0,701,Yes,2024_master
EV-00289,2024,2024-10-27,AB T31,AB,T0031,T0031,No,,,,254,100.0,254,75.0,191,Yes,2024_master
EV-00290,2024,2024-10-27,AB T28,AB,T0028,T0028,No,,,,0,0.0,0,0.0,0,No,2024_master
EV-00291,2024,2024-10-28,Cas T15 (M) x AB T38 (F),AB,T0015;T0038,T0015,No,,,,0,0.0,0,0.0,0,No,2024_master
EV-00292,2024,2024-10-28,Cas T66,Casper,T0066,T0066,No,,,,0,0.0,0,0.0,0,No,2024_master
EV-00293,2024,2024-10-28,Cas T66 (F) X AB T38 (M),AB,T0066;T0038,T0066,No,,,,0,0.0,0,0.0,0,No,2024_master
EV-00294,2024,2024-10-28,Cas T66 (M) X AB T38 (F),AB,T0066;T0038,T0066,No,,,,0,0.0,0,0.0,0,No,2024_master
EV-00295,2024,2024-10-28,Cas T15 (F) X AB T38 (M),AB,T0015;T0038,T0015,No,,,,297,100.0,297,91.5,272,Yes,2024_master
EV-00296,2024,2024-10-29,AB T62,AB,T0062,T0062,No,,,,25,80.0,20,84.0,17,Yes,2024_master
EV-00297,2024,2024-10-29,AB T60,AB,T0060,T0060,No,,,,81,100.0,81,66.0,53,Yes,2024_master
EV-00298,2024,2024-10-29,AB T57,AB,T0057,T0057,No,,,,409,100.0,409,91.0,372,Yes,2024_master
EV-00299,2024,2024-10-29,AB T59,AB,T0059,T0059,No,,,,299,100.0,299,71.2,213,Yes,2024_master
EV-00300,2024,2024-11-02,AB T30,AB,T0030,T0030,No,,,,328,100.0,328,81.4,267,Yes,2024_master
EV-00301,2024,2024-11-02,AB T27,AB,T0027,T0027,No,,,,499,100.0,499,88.8,443,Yes,2024_master
EV-00302,2024,2024-11-02,AB T22,AB,T0022,T0022,No,,,,1758,98.0,1723,83.0,1430,Yes,2024_master
EV-00303,2024,2024-11-03,AB T24,AB,T0024,T0024,No,,,,1760,100.0,1760,88.8,1563,Yes,2024_master
EV-00304,2024,2024-11-04,AB T23,AB,T0023,T0023,Yes,,,,215,93.0,200,56.5,113,Yes,2024_master
EV-00305,2024,2024-11-04,AB T38 (M) X AB T63 (F),AB,T0038;T0063,T0038,No,,,,441,100.0,441,54.19,239,Yes,2024_master
EV-00306,2024,2024-11-04,AB T64,AB,T0064,T0064,Yes,,,,380,91.3,347,91.0,316,Yes,2024_master
EV-00307,2024,2024-11-04,AB T35,AB,T0035,T0035,No,,,,418,100.0,418,76.0,318,Yes,2024_master
EV-00308,2024,2024-11-04,AB T32,AB,T0032,T0032,Yes,,,,1188,95.7,1137,62.0,705,Yes,2024_master
EV-00309,2024,2024-11-04,AB T39,AB,T0039,T0039,No,,,,792,96.0,760,15.0,114,Yes,2024_master
EV-00310,2024,2024-11-04,AB T63,AB,T0063,T0063,No,,,,881,99.0,872,86.5,754,Yes,2024_master
EV-00311,2024,2024-11-04,AB T38,AB,T0038,T0038,No,,,,1350,100.0,1350,84.0,1134,Yes,2024_master
EV-00312,2024,2024-11-04,AB T37,AB,T0037,T0037,No,,,,0,0.0,0,0.0,0,No,2024_master
EV-00313,2024,2024-11-04,Cas T15 (F) X AB T38 (M),AB,T0015;T0038,T0015,No,,,,161,100.0,161,67.7,109,Yes,2024_master
EV-00314,2024,2024-11-04,Cas T66,Casper,T0066,T0066,No,,,,0,0.0,0,0.0,0,No,2024_master
EV-00315,2024,2024-11-04,Cas T66 (F) X AB T38 (M),AB,T0066;T0038,T0066,No,,,,119,100.0,119,95.8,114,Yes,2024_master
EV-00316,2024,2024-11-04,Cas T66 (F) X Cas T15 (M),Casper,T0066;T0015,T0066,No,,,,130,100.0,130,18.4,24,Yes,2024_master
EV-00317,2024,2024-11-05,AB T46,AB,T0046,T0046,No,,,,0,0.0,0,0.0,0,No,2024_master
EV-00318,2024,2024-11-05,AB T44,AB,T0044,T0044,No,,,,1881,100.0,1881,65.8,1238,Yes,2024_master
EV-00319,2024,2024-11-09,AB T36,AB,T0036,T0036,No,,,,1117,100.0,1117,90.0,1005,Yes,2024_master
EV-00320,2024,2024-11-09,AB T31,AB,T0031,T0031,No,,,,561,100.0,561,79.8,448,Yes,2024_master
EV-00321,2024,2024-11-09,AB T22,AB,T0022,T0022,Yes,,,,1404,100.0,1404,85.75,1204,Yes,2024_master
EV-00322,2024,2024-11-09,AB T33,AB,T0033,T0033,No,,,,0,0.0,0,0.0,0,No,2024_master
EV-00323,2024,2024-11-10,Gata T21,Gata,T0021,T0021,No,,,,0,0.0,0,0.0,0,No,2024_master
EV-00324,2024,2024-11-10,CMCL2 T17,Other,T0017,T0017,No,,,,95,97.9,93,39.7,37,Yes,2024_master
EV-00325,2024,2024-11-10,Gata T20,Gata,T0020,T0020,No,,,,0,0.0,0,0.0,0,No,2024_master
EV-00326,2024,2024-11-10,AB T57,AB,T0057,T0057,No,,,,330,98.4,325,91.0,295,Yes,2024_master
EV-00327,2024,2024-11-10,Gata T51,Gata,T0051,T0051,No,,,,0,0.0,0,0.0,0,No,2024_master
EV-00328,2024,2024-11-10,Gata T50,Gata,T0050,T0050,No,,,,0,0.0,0,0.0,0,No,2024_master
EV-00329,2024,2024-11-10,AB T30,AB,T0030,T0030,No,,,,664,99.0,657,90.0,592,Yes,2024_master
EV-00330,2024,2024-11-10,CMCL2 T45,Other,T0045,T0045,No,,,,366,100.0,366,84.0,307,Yes,2024_master
EV-00331,2024,2024-11-11,AB T27,AB,T0027,T0027,No,,,,247,100.0,247,77.0,190,Yes,2024_master
EV-00332,2024,2024-11-11,AB T24,AB,T0024,T0024,No,,,,1425,100.0,1425,87.1,1241,Yes,2024_master
EV-00333,2024,2024-11-11,Fli T12,Fli,T0012,T0012,No,,,,0,0.0,0,0.0,0,No,2024_master
EV-00334,2024,2024-11-11,Fli T13,Fli,T0013,T0013,No,,,,351,100.0,351,68.6,241,Yes,2024_master
EV-00335,2024,2024-11-11,Fli T11,Fli,T0011,T0011,No,,,,520,100.0,520,94.4,491,Yes,2024_master
EV-00336,2024,2024-11-11,Fli T11 (F) X AB T63 (M),AB,T0011;T0063,T0011,No,,,,437,72.0,315,90.8,286,Yes,2024_master
EV-00337,2024,2024-11-12,AB T39,AB,T0039,T0039,No,,,,308,100.0,308,56.4,174,Yes,2024_master
EV-00338,2024,2024-11-12,AB T23,AB,T0023,T0023,No,,,,2277,100.0,2277,82.0,1867,Yes,2024_master
EV-00339,2024,2024-11-12,AB T63,AB,T0063,T0063,No,,,,1449,89.0,1290,58.0,748,Yes,2024_master
EV-00340,2024,2024-11-12,AB T35,AB,T0035,T0035,No,,,,1088,100.0,1088,77.2,840,Yes,2024_master
EV-00341,2024,2024-11-12,AB T28,AB,T0028,T0028,No,,,,292,100.0,292,98.9,289,Yes,2024_master
EV-00342,2024,2024-11-12,AB T27,AB,T0027,T0027,No,,,,490,100.0,490,91.8,450,Yes,2024_master
EV-00343,2024,2024-11-12,AB T32,AB,T0032,T0032,No,,,,1087,92.9,1010,70.8,715,Yes,2024_master
EV-00344,2024,2024-11-12,AB T38,AB,T0038,T0038,No,,,,169,100.0,169,90.5,153,Yes,2024_master
EV-00345,2024,2024-11-13,AB T59,AB,T0059,T0059,No,,,,112,100.0,112,83.0,93,Yes,2024_master
EV-00346,2024,2024-11-13,AB T62,AB,T0062,T0062,No,,,,51,100.0,51,78.4,40,Yes,2024_master
EV-00347,2024,2024-11-13,AB T61,AB,T0061,T0061,No,,,,67,100.0,67,58.2,39,Yes,2024_master
EV-00348,2024,2024-11-13,AB T57,AB,T0057,T0057,No,,,,102,100.0,102,67.0,68,Yes,2024_master
EV-00349,2024,2024-11-13,AB T58,AB,T0058,T0058,No,,,,179,100.0,179,48.6,87,Yes,2024_master
EV-00350,2024,2024-11-13,Fli T47,Fli,T0047,T0047,No,,,,1519,100.0,1519,63.1,958,Yes,2024_master
EV-00351,2024,2024-11-13,Fli T58,Fli,T0058,T0058,No,,,,179,100.0,179,92.0,165,Yes,2024_master
EV-00352,2024,2024-11-13,AB T44,AB,T0044,T0044,No,,,,1509,100.0,1509,92.2,1391,Yes,2024_master
EV-00353,2024,2024-11-13,AB T46,AB,T0046,T0046,No,,,,287,100.0,287,89.5,257,Yes,2024_master
EV-00354,2024,2024-11-16,AB T33,AB,T0033,T0033,No,,,,19,100.0,19,0.0,0,No,2024_master
EV-00355,2024,2024-11-16,AB T31,AB,T0031,T0031,No,,,,0,0.0,0,0.0,0,No,2024_master
EV-00356,2024,2024-11-16,AB T22,AB,T0022,T0022,No,,,,275,100.0,275,92.0,253,Yes,2024_master
EV-00357,2024,2024-11-16,AB T36,AB,T0036,T0036,No,,,,532,100.0,532,92.5,492,Yes,2024_master
EV-00358,2024,2024-11-17,Gata T20,Gata,T0020,T0020,No,,,,180,100.0,180,60.0,108,Yes,2024_master
EV-00359,2024,2024-11-17,AB T30,AB,T0030,T0030,Yes,,,,292,100.0,292,69.0,201,Yes,2024_master
EV-00360,2024,2024-11-17,AB T24,AB,T0024,T0024,Yes,,,,1151,100.0,1151,78.0,898,Yes,2024_master
EV-00361,2024,2024-11-17,Gata T21 (F) X Gata T19 (M),Gata,T0021;T0019,T0021,No,,,,0,0.0,0,0.0,0,No,2024_master
EV-00362,2024,2024-11-17,Gata T21,Gata,T0021,T0021,No,,,,0,0.0,0,0.0,0,No,2024_master
EV-00363,2024,2024-11-17,AB T57,AB,T0057,T0057,No,,,,523,100.0,523,82.0,429,Yes,2024_master
EV-00364,2024,2024-11-17,Cas T66,Casper,T0066,T0066,No,,,,0,0.0,0,0.0,0,No,2024_master
EV-00365,2024,2024-11-17,Cas T15 (F) X Cas T66 (M),Casper,T0015;T0066,T0015,No,,,,0,0.0,0,0.0,0,No,2024_master
EV-00366,2024,2024-11-17,Cas T15,Casper,T0015,T0015,No,,,,174,100.0,174,47.0,82,Yes,2024_master
EV-00367,2024,2024-11-17,AB T28,AB,T0028,T0028,No,,,,76,100.0,76,98.0,74,Yes,2024_master
EV-00368,2024,2024-11-17,CMCL2 T17,Other,T0017,T0017,No,,,,255,100.0,255,71.0,181,Yes,2024_master
EV-00369,2024,2024-11-18,AB T32,AB,T0032,T0032,No,,,,530,97.0,514,86.0,442,Yes,2024_master
EV-00370,2024,2024-11-18,Fli T13,Fli,T0013,T0013,No,,,,61,100.0,61,36.0,22,Yes,2024_master
EV-00371,2024,2024-11-18,Fli T11,Fli,T0011,T0011,No,,,,767,100.0,767,89.0,683,Yes,2024_master
EV-00372,2024,2024-11-18,AB T60,AB,T0060,T0060,No,,,,684,100.0,684,91.0,622,Yes,2024_master
EV-00373,2024,2024-11-18,AB T27,AB,T0027,T0027,No,,,,149,100.0,149,63.0,94,Yes,2024_master
EV-00374,2024,2024-11-18,AB T23,AB,T0023,T0023,No,,,,661,95.0,628,74.0,465,Yes,2024_master
EV-00375,2024,2024-11-18,Fli T12,Fli,T0012,T0012,No,,,,1754,100.0,1754,84.0,1473,Yes,2024_master
EV-00376,2024,2024-11-18,AB T59,AB,T0059,T0059,No,,,,489,100.0,489,92.0,450,Yes,2024_master
EV-00377,2024,2024-11-19,AB T61,AB,T0061,T0061,No,,,,403,100.0,403,92.0,371,Yes,2024_master
EV-00378,2024,2024-11-19,AB T64,AB,T0064,T0064,No,,,,355,88.9,316,93.0,294,Yes,2024_master
EV-00379,2024,2024-11-19,AB T63,AB,T0063,T0063,No,,,,369,100.0,369,96.0,354,Yes,2024_master
EV-00380,2024,2024-11-19,AB T38,AB,T0038,T0038,No,,,,202,100.0,202,96.0,194,Yes,2024_master
EV-00381,2024,2024-11-19,AB T62,AB,T0062,T0062,No,,,,40,100.0,40,52.0,21,Yes,2024_master
EV-00382,2024,2024-11-19,AB T39,AB,T0039,T0039,No,,,,207,100.0,207,90.0,186,Yes,2024_master
EV-00383,2024,2024-11-20,Gata T52,Gata,T0052,T0052,No,,,,0,0.0,0,0.0,0,No,2024_master
EV-00384,2024,2024-11-20,CMCL2 T45,Other,T0045,T0045,No,,,,0,0.0,0,0.0,0,No,2024_master
EV-00385,2024,2024-11-20,Gata T51,Gata,T0051,T0051,No,,,,0,0.0,0,0.0,0,No,2024_master
EV-00386,2024,2024-11-20,AB T44,AB,T0044,T0044,No,,,,2980,98.4,2932,84.0,2463,Yes,2024_master
EV-00387,2024,2024-11-20,AB T46,AB,T0046,T0046,No,,,,125,100.0,125,84.0,105,Yes,2024_master
EV-00388,2024,2024-11-23,AB T22,AB,T0022,T0022,No,,,,766,100.0,766,87.0,666,Yes,2024_master
EV-00389,2024,2024-11-23,AB T27,AB,T0027,T0027,No,,,,212,100.0,212,81.0,172,Yes,2024_master
EV-00390,2024,2024-11-23,AB T30,AB,T0030,T0030,No,,,,210,100.0,210,62.0,130,Yes,2024_master
EV-00391,2024,2024-11-23,AB T27,AB,T0027,T0027,No,,,,69,100.0,69,84.0,58,Yes,2024_master
EV-00392,2024,2024-11-23,AB T36,AB,T0036,T0036,No,,,,554,100.0,554,84.0,465,Yes,2024_master
EV-00393,2024,2024-11-24,AB T28,AB,T0028,T0028,No,,,,54,100.0,54,67.0,36,Yes,2024_master
EV-00394,2024,2024-11-24,AB T59,AB,T0059,T0059,No,,,,257,100.0,257,80.0,206,Yes,2024_master
EV-00395,2024,2024-11-24,AB T24,AB,T0024,T0024,No,,,,726,100.0,726,83.0,603,Yes,2024_master
EV-00396,2024,2024-11-30,AB T36,AB,T0036,T0036,No,,,,700,100.0,700,89.0,623,Yes,2024_master
EV-00397,2024,2024-11-30,AB T30,AB,T0030,T0030,No,,,,32,100.0,32,75.0,24,Yes,2024_master
EV-00398,2024,2024-11-30,AB T61,AB,T0061,T0061,No,,,,355,100.0,355,91.0,323,Yes,2024_master
EV-00399,2024,2024-11-30,AB T24,AB,T0024,T0024,No,,,,1065,100.0,1065,80.0,852,Yes,2024_master
EV-00400,2024,2024-12-01,AB T31,AB,T0031,T0031,No,,,,329,100.0,329,96.0,316,Yes,2024_master
EV-00401,2024,2024-12-01,AB T22,AB,T0022,T0022,No,,,,1122,100.0,1122,90.0,1010,Yes,2024_master
EV-00402,2024,2024-12-01,AB T60,AB,T0060,T0060,No,,,,947,100.0,947,90.0,852,Yes,2024_master
EV-00403,2024,2024-12-01,AB T64,AB,T0064,T0064,No,,,,582,100.0,582,77.6,452,Yes,2024_master
EV-00404,2024,2024-12-01,AB T59,AB,T0059,T0059,No,,,,168,100.0,168,72.0,121,Yes,2024_master
EV-00405,2024,2024-12-01,AB T23,AB,T0023,T0023,No,,,,316,100.0,316,60.0,190,Yes,2024_master
EV-00406,2024,2024-12-02,AB T62,AB,T0062,T0062,No,,,,331,100.0,331,80.0,265,Yes,2024_master
EV-00407,2024,2024-12-02,AB T32,AB,T0032,T0032,No,,,,809,100.0,809,73.0,591,Yes,2024_master
EV-00408,2024,2024-12-02,AB T57,AB,T0057,T0057,No,,,,932,100.0,932,77.0,718,Yes,2024_master
EV-00409,2024,2024-12-02,Gata T50,Gata,T0050,T0050,No,,,,0,0.0,0,0.0,0,No,2024_master
EV-00410,2024,2024-12-02,Gata T51,Gata,T0051,T0051,No,,,,0,0.0,0,0.0,0,No,2024_master
EV-00411,2024,2024-12-03,AB T27,AB,T0027,T0027,No,,,,537,100.0,537,83.0,446,Yes,2024_master
EV-00412,2024,2024-12-03,Fli T11,Fli,T0011,T0011,No,,,,287,100.0,287,93.0,267,Yes,2024_master
EV-00413,2024,2024-12-03,Gata T50 (F) X AB T38 (M),AB,T0050;T0038,T0050,No,,,,2,100.0,2,0.0,0,No,2024_master
EV-00414,2024,2024-12-03,AB T35,AB,T0035,T0035,No,,,,149,12.0,18,72.0,13,Yes,2024_master
EV-00415,2024,2024-12-06,AB T60,AB,T0060,T0060,No,,,,880,100.0,880,93.6,824,Yes,2024_master
EV-00416,2024,2024-12-07,AB T22,AB,T0022,T0022,No,,,,1276,99.2,1266,83.4,1056,Yes,2024_master
EV-00417,2024,2024-12-08,Gata T19 (M) X AB T63 (F),AB,T0019;T0063,T0019,No,,,,0,0.0,0,63.0,0,No,2024_master
EV-00418,2024,2024-12-08,Gata T21(F) X AB T63(M),AB,T0021;T0063,T0021,No,,,,0,0.0,0,63.0,0,No,2024_master
EV-00419,2024,2024-12-08,AB T31,AB,T0031,T0031,No,,,,807,100.0,807,75.5,609,Yes,2024_master
EV-00420,2024,2024-12-08,AB T27,AB,T0027,T0027,No,,,,1123,100.0,1123,88.2,990,Yes,2024_master
EV-00421,2024,2024-12-09,AB T27,AB,T0027,T0027,No,,,,84,100.0,84,86.9,73,Yes,2024_master
EV-00422,2024,2024-12-09,AB T30,AB,T0030,T0030,No,,,,227,100.0,227,90.7,206,Yes,2024_master
EV-00423,2024,2024-12-09,AB T63,AB,T0063,T0063,No,,,,262,100.0,262,89.6,235,Yes,2024_master
EV-00424,2024,2024-12-09,AB T28,AB,T0028,T0028,No,,,,0,0.0,0,0.0,0,No,2024_master
EV-00425,2024,2024-12-10,AB T38,AB,T0038,T0038,No,,,,41,100.0,41,63.41,26,Yes,2024_master
EV-00426,2024,2024-12-10,AB T42,AB,T0042,T0042,No,,,,179,100.0,179,73.7,132,Yes,2024_master
EV-00427,2024,2024-12-10,AB T39,AB,T0039,T0039,No,,,,378,82.0,310,33.0,102,Yes,2024_master
EV-00428,2024,2024-12-10,AB T37,AB,T0037,T0037,No,,,,0,0.0,0,0.0,0,No,2024_master
EV-00429,2024,2024-12-10,AB T43,AB,T0043,T0043,No,,,,0,0.0,0,0.0,0,No,2024_master
EV-00430,2024,2024-12-12,AB T61,AB,T0061,T0061,No,,,,570,100.0,570,72.0,410,Yes,2024_master
EV-00431,2024,2024-12-15,Fli T12,Fli,T0012,T0012,No,,,,1860,100.0,1860,70.0,1302,Yes,2024_master
EV-00432,2024,2024-12-15,Fli T11,Fli,T0011,T0011,No,,,,1587,100.0,1587,80.0,1270,Yes,2024_master
EV-00433,2024,2024-12-15,AB T32,AB,T0032,T0032,Yes,,,,901,100.0,901,93.8,845,Yes,2024_master
EV-00434,2024,2024-12-15,AB T64,AB,T0064,T0064,Yes,,,,958,99.1,949,85.0,807,Yes,2024_master
EV-00435,2024,2024-12-15,AB T59,AB,T0059,T0059,Yes,,,,1157,99.0,1145,82.0,939,Yes,2024_master
EV-00436,2024,2024-12-15,AB T35,AB,T0035,T0035,No,,,,1316,100.0,1316,77.2,1016,Yes,2024_master
EV-00437,2024,2024-12-21,AB T30,AB,T0030,T0030,No,,,,161,100.0,161,80.0,129,Yes,2024_master
EV-00438,2024,2024-12-21,AB T28,AB,T0028,T0028,No,,,,0,0.0,0,0.0,0,No,2024_master
EV-00439,2024,2024-12-21,AB T27,AB,T0027,T0027,No,,,,153,100.0,153,95.4,146,Yes,2024_master
EV-00440,2024,2024-12-21,AB T27,AB,T0027,T0027,No,,,,710,100.0,710,89.4,635,Yes,2024_master
EV-00441,2024,2024-12-22,AB T60,AB,T0060,T0060,No,,,,1051,100.0,1051,89.2,937,Yes,2024_master
EV-00442,2024,2024-12-22,AB T57,AB,T0057,T0057,No,,,,860,100.0,860,76.16,655,Yes,2024_master
EV-00443,2024,2024-12-22,AB T62,AB,T0062,T0062,No,,,,603,100.0,603,94.36,569,Yes,2024_master
EV-00444,2024,2024-12-23,AB T37,AB,T0037,T0037,Yes,,,,0,0.0,0,0.0,0,No,2024_master
EV-00445,2024,2024-12-23,AB T39,AB,T0039,T0039,Yes,,,,0,0.0,0,0.0,0,No,2024_master
EV-00446,2024,2024-12-23,AB T38,AB,T0038,T0038,Yes,,,,0,0.0,0,0.0,0,No,2024_master
EV-00447,2024,2024-12-23,AB T63,AB,T0063,T0063,Yes,,,,139,100.0,139,70.5,98,Yes,2024_master
EV-00448,2024,2024-12-23,Cas T66,Casper,T0066,T0066,No,,,,0,0.0,0,0.0,0,No,2024_master
EV-00449,2024,2024-12-23,AB T61,AB,T0061,T0061,Yes,,,,466,100.0,466,92.4,431,Yes,2024_master
EV-00450,2024,2024-12-23,AB T22,AB,T0022,T0022,No,,,,1693,100.0,1693,82.16,1391,Yes,2024_master
EV-00451,2024,2024-12-23,AB T31,AB,T0031,T0031,No,,,,0,0.0,0,0.0,0,No,2024_master
EV-00452,2024,2024-12-23,Cas T66 (F)  X AB T59 (M),AB,T0066;T0059,T0066,No,,,,521,100.0,521,94.2,491,Yes,2024_master
EV-00453,2024,2024-12-24,AB T37,AB,T0037,T0037,No,,,,0,0.0,0,0.0,0,No,2024_master
EV-00454,2024,2024-12-24,AB T38,AB,T0038,T0038,No,,,,0,0.0,0,0.0,0,No,2024_master
EV-00455,2024,2024-12-24,AB T39,AB,T0039,T0039,No,,,,274,100.0,274,79.9,219,Yes,2024_master
EV-00456,2024,2024-12-24,AB T31,AB,T0031,T0031,No,,,,394,100.0,394,87.3,344,Yes,2024_master
EV-00457,2024,2024-12-28,AB T27,AB,T0027,T0027,No,,,,900,100.0,900,86.6,779,Yes,2024_master
EV-00458,2024,2024-12-28,AB T27,AB,T0027,T0027,No,,,,604,100.0,604,81.95,495,Yes,2024_master
EV-00459,2024,2024-12-28,AB T59,AB,T0059,T0059,No,,,,710,98.0,696,91.8,639,Yes,2024_master
EV-00460,2024,2024-12-29,AB T61,AB,T0061,T0061,No,,,,412,93.9,387,89.0,344,Yes,2024_master
EV-00461,2024,2024-12-29,AB T30,AB,T0030,T0030,Yes,,,,592,99.1,587,90.97,534,Yes,2024_master
EV-00462,2025,2024-12-29,AB T32,AB,T0032,T0032,Yes,,,,1596,98.18,1566,82.76,1296,Yes,2025_master
EV-00463,2025,2024-12-29,AB T64,AB,T0064,T0064,Yes,,,,1588,94.5,1500,88.1,1321,Yes,2025_master
EV-00464,2025,2024-12-31,AB T35,AB,T0035,T0035,No,,,,981,100.0,981,79.6,781,Yes,2025_master
EV-00465,2025,2024-12-31,AB T22,AB,T0022,T0022,No,,,,1661,100.0,1661,81.3,1350,Yes,2025_master
EV-00466,2025,2024-12-31,AB T60,AB,T0060,T0060,No,,,,848,100.0,848,88.4,750,Yes,2025_master
EV-00467,2025,2024-12-31,AB T61,AB,T0061,T0061,No,,,,260,100.0,260,92.6,241,Yes,2025_master
EV-00468,2025,2024-12-31,Gata T19 (M) X Gata T21 (F),Gata,T0019;T0021,T0019,No,,,,0,0.0,0,0.0,0,No,2025_master
EV-00469,2025,2024-12-31,Gata T21 (F) X AB T38 (M),AB,T0021;T0038,T0021,No,,,,0,0.0,0,0.0,0,No,2025_master
EV-00470,2025,2024-12-31,Gata T50 (F) X Gata T49 (M),Gata,T0050;T0049,T0050,No,,,,0,0.0,0,0.0,0,No,2025_master
EV-00471,2025,2025-01-01,AB T57,AB,T0057,T0057,Yes,,,,841,87.9,739,0.0,0,No,2025_master
EV-00472,2025,2025-01-01,AB T62,AB,T0062,T0062,Yes,,,,706,99.5,702,91.0,639,Yes,2025_master
EV-00473,2025,2025-01-01,AB T60,AB,T0060,T0060,Yes,,,,0,0.0,0,0.0,0,No,2025_master
EV-00474,2025,2025-01-01,Gata T19 (M) X Gata T21 (F),Gata,T0019;T0021,T0019,No,,,,0,0.0,0,0.0,0,No,2025_master
EV-00475,2025,2025-01-01,Gata T21 (F) x AB T38 (M),AB,T0021;T0038,T0021,No,,,,0,0.0,0,0.0,0,No,2025_master
EV-00476,2025,2025-01-01,Gata T50 (F) x Gata T49 (M),Gata,T0050;T0049,T0050,No,,,,0,0.0,0,0.0,0,No,2025_master
EV-00477,2025,2025-01-01,AB T35,AB,T0035,T0035,No,,,,0,0.0,0,0.0,0,No,2025_master
EV-00478,2025,2025-01-05,AB T31,AB,T0031,T0031,No,,,,685,100.0,685,90.0,616,Yes,2025_master
EV-00479,2025,2025-01-05,AB T30,AB,T0030,T0030,No,,,,985,100.0,985,82.0,808,Yes,2025_master
EV-00480,2025,2025-01-05,AB T27,AB,T0027,T0027,No,,,,339,100.0,339,93.5,317,Yes,2025_master
EV-00481,2025,2025-01-05,AB T26,AB,T0026,T0026,No,,,,894,100.0,894,82.5,738,Yes,2025_master
EV-00482,2025,2025-01-05,AB T59,AB,T0059,T0059,No,,,,966,100.0,966,64.8,626,Yes,2025_master
EV-00483,2025,2025-01-07,AB T22,AB,T0022,T0022,No,,,,216,100.0,216,93.0,201,Yes,2025_master
EV-00484,2025,2025-01-07,AB T60,AB,T0060,T0060,No,,,,857,100.0,857,92.0,788,Yes,2025_master
EV-00485,2025,2025-01-07,AB T61,AB,T0061,T0061,No,,,,927,100.0,927,83.0,769,Yes,2025_master
EV-00486,2025,2025-01-07,AB T32,AB,T0032,T0032,No,,,,1613,100.0,1613,76.0,1226,Yes,2025_master
EV-00487,2025,2025-01-08,AB T64,AB,T0064,T0064,No,,,,782,99.2,775,83.0,643,Yes,2025_master
EV-00488,2025,2025-01-08,Gata T50,Gata,T0050,T0050,No,,,,0,0.0,0,0.0,0,No,2025_master
EV-00489,2025,2025-01-09,AB T62,AB,T0062,T0062,No,,,,505,100.0,505,95.6,483,Yes,2025_master
EV-00490,2025,2025-01-09,AB T57,AB,T0057,T0057,No,,,,567,80.0,453,70.6,320,Yes,2025_master
EV-00491,2025,2025-01-11,AB T27,AB,T0027,T0027,No,,,,350,100.0,350,94.5,331,Yes,2025_master
EV-00492,2025,2025-01-11,AB T22,AB,T0022,T0022,No,,,,895,100.0,895,82.5,738,Yes,2025_master
EV-00493,2025,2025-01-11,AB T30,AB,T0030,T0030,No,,,,221,100.0,221,91.0,201,Yes,2025_master
EV-00494,2025,2025-01-12,AB T60,AB,T0060,T0060,No,,,,769,97.0,745,74.9,558,Yes,2025_master
EV-00495,2025,2025-01-12,Fli T13,Fli,T0013,T0013,No,,,,222,100.0,222,55.1,122,Yes,2025_master
EV-00496,2025,2025-01-12,Fli T11,Fli,T0011,T0011,No,,,,591,100.0,591,95.0,561,Yes,2025_master
EV-00497,2025,2025-01-12,Fli T11 (F) x AB T38 (M),AB,T0011;T0038,T0011,No,,,,802,100.0,802,92.0,738,Yes,2025_master
EV-00498,2025,2025-01-12,AB T61,AB,T0061,T0061,No,,,,1223,95.0,1161,85.2,989,Yes,2025_master
EV-00499,2025,2025-01-12,Fli T12,Fli,T0012,T0012,No,,,,1438,100.0,1438,66.0,949,Yes,2025_master
EV-00500,2025,2025-01-13,Fli T54 (F) x AB T46 (M),AB,T0054;T0046,T0054,No,,,,196,100.0,196,98.9,194,Yes,2025_master
EV-00501,2025,2025-01-13,Fli T52 (F) x AB T44 (M),AB,T0052;T0044,T0052,No,,,,170,100.0,170,69.0,117,Yes,2025_master
EV-00502,2025,2025-01-13,Fli T54,Fli,T0054,T0054,No,,,,229,80.0,183,85.0,156,Yes,2025_master
EV-00503,2025,2025-01-13,Fli T47,Fli,T0047,T0047,No,,,,1550,100.0,1550,79.0,1224,Yes,2025_master
EV-00504,2025,2025-01-13,Fli T52,Fli,T0052,T0052,No,,,,728,100.0,728,71.0,517,Yes,2025_master
EV-00505,2025,2025-01-14,AB T35,AB,T0035,T0035,No,,,,387,100.0,387,93.3,361,Yes,2025_master
EV-00506,2025,2025-01-14,AB T26,AB,T0026,T0026,No,,,,0,0.0,0,0.0,0,No,2025_master
EV-00507,2025,2025-01-14,Fli T47,Fli,T0047,T0047,No,,,,582,100.0,582,78.4,456,Yes,2025_master
EV-00508,2025,2025-01-14,AB T46,AB,T0046,T0046,No,,,,585,100.0,585,94.8,555,Yes,2025_master
EV-00509,2025,2025-01-14,Fli T54 x AB T46,AB,T0054;T0046,T0054,No,,,,23,100.0,23,26.0,6,Yes,2025_master
EV-00510,2025,2025-01-14,Fli T54,Fli,T0054,T0054,No,,,,82,41.0,33,97.9,32,Yes,2025_master
EV-00511,2025,2025-01-14,Fli T52 x AB T44,AB,T0052;T0044,T0052,No,,,,59,100.0,59,79.8,47,Yes,2025_master
EV-00512,2025,2025-01-18,AB T31,AB,T0031,T0031,No,,,,240,100.0,240,88.33,212,Yes,2025_master
EV-00513,2025,2025-01-18,AB T22,AB,T0022,T0022,No,,,,1512,100.0,1512,80.55,1218,Yes,2025_master
EV-00514,2025,2025-01-18,AB T27,AB,T0027,T0027,No,,,,1034,100.0,1034,89.33,924,Yes,2025_master
EV-00515,2025,2025-01-18,AB T62,AB,T0062,T0062,No,,,,884,100.0,884,83.2,735,Yes,2025_master
EV-00516,2025,2025-01-19,AB T35,AB,T0035,T0035,No,,,,448,99.1,443,75.0,332,Yes,2025_master
EV-00517,2025,2025-01-19,AB T26,AB,T0026,T0026,No,,,,0,0.0,0,0.0,0,No,2025_master
EV-00518,2025,2025-01-19,AB T30,AB,T0030,T0030,No,,,,790,100.0,790,86.58,684,Yes,2025_master
EV-00519,2025,2025-01-19,AB T64,AB,T0064,T0064,No,,,,213,97.8,208,69.2,144,Yes,2025_master
EV-00520,2025,2025-01-19,AB T61,AB,T0061,T0061,No,,,,1540,100.0,1540,88.9,1369,Yes,2025_master
EV-00521,2025,2025-01-20,AB T59,AB,T0059,T0059,No,,,,1019,100.0,1019,75.0,764,Yes,2025_master
EV-00522,2025,2025-01-20,AB T60,AB,T0060,T0060,No,,,,824,100.0,824,63.0,519,Yes,2025_master
EV-00523,2025,2025-01-21,AB T32,AB,T0032,T0032,Yes,,,,311,100.0,311,64.6,201,Yes,2025_master
EV-00524,2025,2025-01-21,AB T57,AB,T0057,T0057,Yes,,,,897,86.0,771,78.0,601,Yes,2025_master
EV-00525,2025,2025-01-21,AB T42,AB,T0042,T0042,Yes,,,,144,100.0,144,74.7,108,Yes,2025_master
EV-00526,2025,2025-01-21,AB T43,AB,T0043,T0043,Yes,,,,37,100.0,37,51.0,19,Yes,2025_master
EV-00527,2025,2025-01-22,AB T43,AB,T0043,T0043,No,,,,324,100.0,324,91.0,295,Yes,2025_master
EV-00528,2025,2025-01-25,AB T64,AB,T0064,T0064,No,,,,729,100.0,729,80.6,588,Yes,2025_master
EV-00529,2025,2025-01-25,AB T22,AB,T0022,T0022,No,,,,352,100.0,352,94.0,331,Yes,2025_master
EV-00530,2025,2025-01-25,AB T27,AB,T0027,T0027,No,,,,0,0.0,0,0.0,0,No,2025_master
EV-00531,2025,2025-01-26,AB T35,AB,T0035,T0035,No,,,,981,100.0,981,0.0,0,No,2025_master
EV-00532,2025,2025-01-26,AB T39,AB,T0039,T0039,No,,,,42,100.0,42,21.0,9,Yes,2025_master
EV-00533,2025,2025-01-26,AB T30,AB,T0030,T0030,No,,,,486,100.0,486,68.0,330,Yes,2025_master
EV-00534,2025,2025-01-26,AB T63,AB,T0063,T0063,No,,,,544,100.0,544,72.4,394,Yes,2025_master
EV-00535,2025,2025-01-26,AB T61,AB,T0061,T0061,No,,,,330,100.0,330,91.0,300,Yes,2025_master
EV-00536,2025,2025-01-26,Gata T19 (M) Vs. AB T37 (F),AB,T0019;T0037,T0019,No,,,,0,0.0,0,0.0,0,No,2025_master
EV-00537,2025,2025-01-26,Gata T20,Gata,T0020,T0020,No,,,,0,0.0,0,0.0,0,No,2025_master
EV-00538,2025,2025-01-26,Gata T21,Gata,T0021,T0021,No,,,,0,0.0,0,0.0,0,No,2025_master
EV-00539,2025,2025-01-26,Gata T20 (M) AB T37  (F),AB,T0020;T0037,T0020,No,,,,0,0.0,0,0.0,0,No,2025_master
EV-00540,2025,2025-01-27,AB T60,AB,T0060,T0060,No,,,,383,100.0,383,93.2,357,Yes,2025_master
EV-00541,2025,2025-01-27,Fli T11,Fli,T0011,T0011,No,,,,1374,99.9,1372,78.22,1073,Yes,2025_master
EV-00542,2025,2025-01-27,AB T62,AB,T0062,T0062,No,,,,755,100.0,755,88.1,665,Yes,2025_master
EV-00543,2025,2025-01-27,Fli T13,Fli,T0013,T0013,No,,,,12,100.0,12,75.0,9,Yes,2025_master
EV-00544,2025,2025-01-27,AB T31,AB,T0031,T0031,No,,,,48,100.0,48,58.8,28,Yes,2025_master
EV-00545,2025,2025-01-27,AB T63,AB,T0063,T0063,No,,,,1396,100.0,1396,81.6,1139,Yes,2025_master
EV-00546,2025,2025-01-27,Fli T12,Fli,T0012,T0012,No,,,,839,100.0,839,25.0,210,Yes,2025_master
EV-00547,2025,2025-01-28,AB T46,AB,T0046,T0046,No,,,,271,100.0,271,97.0,263,Yes,2025_master
EV-00548,2025,2025-01-28,AB T65,AB,T0065,T0065,No,,,,519,100.0,519,72.0,374,Yes,2025_master
EV-00549,2025,2025-01-28,AB T44,AB,T0044,T0044,No,,,,3362,100.0,3362,74.0,2488,Yes,2025_master
EV-00550,2025,2025-01-28,Fli T58,Fli,T0058,T0058,No,,,,6,100.0,6,0.0,0,No,2025_master
EV-00551,2025,2025-01-28,Fli T47,Fli,T0047,T0047,No,,,,258,82.5,212,69.9,148,Yes,2025_master
EV-00552,2025,2025-01-28,Fli T58 (F) AB T44 (M),AB,T0058;T0044,T0058,No,,,,389,100.0,389,71.0,276,Yes,2025_master
EV-00553,2025,2025-01-28,Fli T54,Fli,T0054,T0054,No,,,,833,99.8,831,69.0,573,Yes,2025_master
EV-00554,2025,2025-01-28,Fli T48,Fli,T0048,T0048,No,,,,1618,75.0,1213,66.0,801,Yes,2025_master
EV-00555,2025,2025-02-01,AB T22,AB,T0022,T0022,No,,,,639,100.0,639,94.0,601,Yes,2025_master
EV-00556,2025,2025-02-01,AB T61,AB,T0061,T0061,No,,,,1696,100.0,1696,92.2,1564,Yes,2025_master
EV-00557,2025,2025-02-01,AB T32,AB,T0032,T0032,No,,,,2013,99.75,2007,75.5,1515,Yes,2025_master
EV-00558,2025,2025-02-01,AB T42,AB,T0042,T0042,No,,,,311,96.0,298,50.3,150,Yes,2025_master
EV-00559,2025,2025-02-01,AB T57,AB,T0057,T0057,No,,,,1269,100.0,1269,88.8,1127,Yes,2025_master
EV-00560,2025,2025-02-02,AB T27,AB,T0027,T0027,No,,,,318,100.0,318,71.5,227,Yes,2025_master
EV-00561,2025,2025-02-02,AB T60,AB,T0060,T0060,No,,,,274,100.0,274,91.0,249,Yes,2025_master
EV-00562,2025,2025-02-02,AB T62,AB,T0062,T0062,No,,,,1161,100.0,1161,93.0,1080,Yes,2025_master
EV-00563,2025,2025-02-02,AB T43,AB,T0043,T0043,No,,,,407,100.0,407,94.7,385,Yes,2025_master
EV-00564,2025,2025-02-02,AB T31,AB,T0031,T0031,No,,,,0,0.0,0,0.0,0,No,2025_master
EV-00565,2025,2025-02-03,AB T39,AB,T0039,T0039,No,,,,278,100.0,278,74.0,206,Yes,2025_master
EV-00566,2025,2025-02-03,AB T26,AB,T0026,T0026,No,,,,754,100.0,754,79.0,596,Yes,2025_master
EV-00567,2025,2025-02-03,AB T35 (T35),AB,T0035;T0035,T0035,No,,,,714,100.0,714,81.0,578,Yes,2025_master
EV-00568,2025,2025-02-03,AB T64,AB,T0064,T0064,No,,,,811,88.8,720,76.0,547,Yes,2025_master
EV-00569,2025,2025-02-03,AB T30,AB,T0030,T0030,No,,,,470,100.0,470,40.0,188,Yes,2025_master
EV-00570,2025,2025-02-03,AB T63,AB,T0063,T0063,No,,,,1049,100.0,1049,93.0,976,Yes,2025_master
EV-00571,2025,2025-02-03,Fli T13,Fli,T0013,T0013,No,,,,91,100.0,91,56.0,51,Yes,2025_master
EV-00572,2025,2025-02-03,Fli T12,Fli,T0012,T0012,No,,,,528,99.8,526,77.0,405,Yes,2025_master
EV-00573,2025,2025-02-03,Fli T11,Fli,T0011,T0011,No,,,,632,99.5,628,86.0,540,Yes,2025_master
EV-00574,2025,2025-02-03,Casper Outcross T66,Casper,T0066,T0066,No,,,,0,0.0,0,0.0,0,No,2025_master
EV-00575,2025,2025-02-03,AB T37,AB,T0037,T0037,No,,,,0,0.0,0,0.0,0,No,2025_master
EV-00576,2025,2025-02-03,Fli T13  (F) Vs AB T63 (M),AB,T0013;T0063,T0013,No,,,,0,0.0,0,0.0,0,No,2025_master
EV-00577,2025,2025-02-03,Gata T19 (M) Vs AB T39 (F),AB,T0019;T0039,T0019,No,,,,0,0.0,0,0.0,0,No,2025_master
EV-00578,2025,2025-02-03,Gata T20,Gata,T0020,T0020,No,,,,0,0.0,0,0.0,0,No,2025_master
EV-00579,2025,2025-02-03,Gata T21,Gata,T0021,T0021,No,,,,0,0.0,0,0.0,0,No,2025_master
EV-00580,2025,2025-02-04,Fli T54 x AB T64,AB,T0054;T0064,T0054,No,,,,545,100.0,545,83.0,452,Yes,2025_master
EV-00581,2025,2025-02-04,Fli T47,Fli,T0047,T0047,No,,,,2085,100.0,2085,61.0,1272,Yes,2025_master
EV-00582,2025,2025-02-04,Fli T54,Fli,T0054,T0054,No,,,,739,99.6,736,77.0,567,Yes,2025_master
EV-00583,2025,2025-02-05,AB T56,AB,T0056,T0056,No,,,,701,100.0,701,86.44,606,Yes,2025_master
EV-00584,2025,2025-02-05,AB T46,AB,T0046,T0046,No,,,,389,100.0,389,88.88,346,Yes,2025_master
EV-00585,2025,2025-02-05,Fli T58 x AB T44,AB,T0058;T0044,T0058,No,,,,1389,99.9,1387,84.49,1172,Yes,2025_master
EV-00586,2025,2025-02-05,AB T44 x AB T56,AB,T0044;T0056,T0044,No,,,,1723,100.0,1723,86.0,1482,Yes,2025_master
EV-00587,2025,2025-02-05,Fli T48,Fli,T0048,T0048,No,,,,830,100.0,830,77.1,640,Yes,2025_master
EV-00588,2025,2025-02-05,Fli 53,Fli,,,No,,,,0,0.0,0,0.0,0,No,2025_master
EV-00589,2025,2025-02-05,AB 60,AB,,,No,,,,0,0.0,0,0.0,0,No,2025_master
EV-00590,2025,2025-02-08,AB T61,AB,T0061,T0061,No,,,,1760,100.0,1760,87.0,1531,Yes,2025_master
EV-00591,2025,2025-02-08,AB T22,AB,T0022,T0022,No,,,,0,0.0,0,0.0,0,No,2025_master
EV-00592,2025,2025-02-08,AB T44,AB,T0044,T0044,No,,,,4005,99.4,3980,73.7,2933,Yes,2025_master
EV-00593,2025,2025-02-09,AB T60,AB,T0060,T0060,No,,,,1048,100.0,1048,93.6,981,Yes,2025_master
EV-00594,2025,2025-02-09,AB T31,AB,T0031,T0031,No,,,,677,100.0,677,90.2,611,Yes,2025_master
EV-00595,2025,2025-02-09,Fli T12,Fli,T0012,T0012,No,,,,1493,99.5,1485,69.81,1037,Yes,2025_master
EV-00596,2025,2025-02-09,AB T62,AB,T0062,T0062,No,,,,631,100.0,631,84.0,530,Yes,2025_master
EV-00597,2025,2025-02-09,Fli T11,Fli,T0011,T0011,No,,,,174,100.0,174,80.5,140,Yes,2025_master
EV-00598,2025,2025-02-09,Fli T13,Fli,T0013,T0013,No,,,,250,100.0,250,95.6,239,Yes,2025_master
EV-00599,2025,2025-02-09,AB T64,AB,T0064,T0064,No,,,,902,100.0,902,84.0,758,Yes,2025_master
EV-00600,2025,2025-02-09,Fli T13 (R) AB T37 (M),AB,T0013;T0037,T0013,No,,,,0,0.0,0,0.0,0,No,2025_master
EV-00601,2025,2025-02-11,Fli T47,Fli,T0047,T0047,No,,,,1311,100.0,1311,42.0,551,Yes,2025_master
EV-00602,2025,2025-02-11,Fli T48,Fli,T0048,T0048,No,,,,912,100.0,912,75.2,686,Yes,2025_master
EV-00603,2025,2025-02-11,Fli T54,Fli,T0054,T0054,No,,,,719,100.0,719,67.1,482,Yes,2025_master
EV-00604,2025,2025-02-11,Fli T58,Fli,T0058,T0058,No,,,,0,0.0,0,0.0,0,No,2025_master
EV-00605,2025,2025-02-11,Fli T58  (F) vs AB T44 (M),AB,T0058;T0044,T0058,No,,,,990,100.0,990,79.5,787,Yes,2025_master
EV-00606,2025,2025-02-12,Casp T15,Casper,T0015,T0015,No,,,,754,100.0,754,43.4,327,Yes,2025_master
EV-00607,2025,2025-02-12,Casp. Pure,Casper,,,No,,,,0,0.0,0,0.0,0,No,2025_master
EV-00608,2025,2025-02-12,Casp (outcross) (F) T67 vs AB Extra,AB,T0067,T0067,No,,,,0,0.0,0,0.0,0,No,2025_master
EV-00609,2025,2025-02-12,Casp T66,Casper,T0066,T0066,No,,,,0,0.0,0,0.0,0,No,2025_master
EV-00610,2025,2025-02-12,Casp T66  (F) AB Extra Males 30/6,AB,T0066,T0066,No,,,,407,100.0,407,98.5,401,Yes,2025_master
EV-00611,2025,2025-02-12,AB T46,AB,T0046,T0046,No,,,,217,100.0,217,95.9,208,Yes,2025_master
EV-00612,2025,2025-02-12,AB T65,AB,T0065,T0065,No,,,,634,100.0,634,81.5,517,Yes,2025_master
EV-00613,2025,2025-02-12,AB T96,AB,T0096,T0096,No,,,,0,0.0,0,0.0,0,No,2025_master
EV-00614,2025,2025-02-12,Fli T53  (F) AB T44 (M),AB,T0053;T0044,T0053,No,,,,1417,100.0,1417,71.3,1010,Yes,2025_master
EV-00615,2025,2025-02-12,AB T56  (F) AB T44 (M),AB,T0056;T0044,T0056,No,,,,788,100.0,788,68.5,540,Yes,2025_master
EV-00616,2025,2025-02-15,AB T59,AB,T0059,T0059,Yes,,,,1034,99.7,1030,86.32,889,Yes,2025_master
EV-00617,2025,2025-02-15,AB T57,AB,T0057,T0057,Yes,,,,1116,100.0,1116,80.7,901,Yes,2025_master
EV-00618,2025,2025-02-15,AB T32,AB,T0032,T0032,Yes,,,,576,100.0,576,80.7,465,Yes,2025_master
EV-00619,2025,2025-02-15,AB T31,AB,T0031,T0031,No,,,,0,0.0,0,0.0,0,No,2025_master
EV-00620,2025,2025-02-15,AB T61,AB,T0061,T0061,No,,,,898,100.0,898,91.11,818,Yes,2025_master
EV-00621,2025,2025-02-15,AB T60,AB,T0060,T0060,No,,,,455,100.0,455,94.78,431,Yes,2025_master
EV-00622,2025,2025-02-15,Gata T50,Gata,T0050,T0050,No,,,,0,0.0,0,0.0,0,No,2025_master
EV-00623,2025,2025-02-15,Gata T49 (M) x AB T46  (F),AB,T0049;T0046,T0049,No,,,,0,0.0,0,0.0,0,No,2025_master
EV-00624,2025,2025-02-15,Casper (Pure) (F) Casper T15 (M),Casper,T0015,T0015,No,,,,0,0.0,0,0.0,0,No,2025_master
EV-00625,2025,2025-02-16,AB T64,AB,T0064,T0064,No,,,,871,100.0,871,85.07,741,Yes,2025_master
EV-00626,2025,2025-02-16,Fli T50 M T11,Fli,T0050;T0011,T0050,No,,,,188,100.0,188,76.06,143,Yes,2025_master
EV-00627,2025,2025-02-16,Fli T11,Fli,T0011,T0011,No,,,,75,100.0,75,94.6,71,Yes,2025_master
EV-00628,2025,2025-02-16,Fli T13,Fli,T0013,T0013,No,,,,65,100.0,65,86.15,56,Yes,2025_master
EV-00629,2025,2025-02-16,Fli T12,Fli,T0012,T0012,No,,,,386,100.0,386,70.25,271,Yes,2025_master
EV-00630,2025,2025-02-16,Gata T49 (M) xAB T46 (F),AB,T0049;T0046,T0049,No,,,,269,100.0,269,83.27,224,Yes,2025_master
EV-00631,2025,2025-02-16,AB T30,AB,T0030,T0030,No,,,,157,100.0,157,91.7,144,Yes,2025_master
EV-00632,2025,2025-02-16,AB T26,AB,T0026,T0026,No,,,,313,100.0,313,85.94,269,Yes,2025_master
EV-00633,2025,2025-02-16,AB T27,AB,T0027,T0027,No,,,,316,100.0,316,72.5,229,Yes,2025_master
EV-00634,2025,2025-02-16,AB T62,AB,T0062,T0062,No,,,,1072,100.0,1072,84.32,904,Yes,2025_master
EV-00635,2025,2025-02-16,AB T39,AB,T0039,T0039,No,,,,819,100.0,819,58.38,478,Yes,2025_master
EV-00636,2025,2025-02-16,AB T35,AB,T0035,T0035,No,,,,307,100.0,307,71.4,219,Yes,2025_master
EV-00637,2025,2025-02-16,AB T63,AB,T0063,T0063,No,,,,2938,100.0,2938,77.29,2271,Yes,2025_master
EV-00638,2025,2025-02-17,Fli T48,Fli,T0048,T0048,No,,,,504,99.4,500,86.5,432,Yes,2025_master
EV-00639,2025,2025-02-17,Fli T54,Fli,T0054,T0054,No,,,,423,99.0,418,73.2,306,Yes,2025_master
EV-00640,2025,2025-02-17,Fli T47,Fli,T0047,T0047,No,,,,136,99.2,134,42.96,58,Yes,2025_master
EV-00641,2025,2025-02-17,Fli T52,Fli,T0052,T0052,No,,,,365,100.0,365,72.0,263,Yes,2025_master
EV-00642,2025,2025-02-17,Fli T52 x AB T46,AB,T0052;T0046,T0052,No,,,,203,97.1,197,60.0,118,Yes,2025_master
EV-00643,2025,2025-02-17,Fli T54  (F) x AB T46 (M),AB,T0054;T0046,T0054,No,,,,121,100.0,121,87.0,105,Yes,2025_master
EV-00644,2025,2025-02-18,AB T42,AB,T0042,T0042,Yes,,,,1082,100.0,1082,81.0,876,Yes,2025_master
EV-00645,2025,2025-02-18,AB T22,AB,T0022,T0022,Yes,,,,2050,100.0,2050,77.3,1585,Yes,2025_master
EV-00646,2025,2025-02-18,Fli T53  (F) AB T44 (M),AB,T0053;T0044,T0053,No,,,,1275,100.0,1275,62.0,790,Yes,2025_master
EV-00647,2025,2025-02-18,AB T43,AB,T0043,T0043,No,,,,734,100.0,734,97.0,712,Yes,2025_master
EV-00648,2025,2025-02-18,AB T31,AB,T0031,T0031,No,,,,406,100.0,406,89.0,361,Yes,2025_master
EV-00649,2025,2025-02-18,Gata T19 (M) AB T63 (F),AB,T0019;T0063,T0019,No,,,,0,0.0,0,0.0,0,No,2025_master
EV-00650,2025,2025-02-18,Gata T20 (M) AB T63 (F),AB,T0020;T0063,T0020,No,,,,0,0.0,0,0.0,0,No,2025_master
EV-00651,2025,2025-02-18,Gata T21 (M) AB T63 (F),AB,T0021;T0063,T0021,No,,,,0,0.0,0,0.0,0,No,2025_master
EV-00652,2025,2025-02-18,AB T35,AB,T0035,T0035,No,,,,0,0.0,0,0.0,0,No,2025_master
EV-00653,2025,2025-02-18,Gata (T21),Gata,T0021,T0021,No,,,,0,0.0,0,0.0,0,No,2025_master
EV-00654,2025,2025-02-18,Gata T21 (M) AB T39 (F),AB,T0021;T0039,T0021,No,,,,0,0.0,0,0.0,0,No,2025_master
EV-00655,2025,2025-02-19,AB T65,AB,T0065,T0065,No,,,,0,0.0,0,0.0,0,No,2025_master
EV-00656,2025,2025-02-19,AB T56,AB,T0056,T0056,No,,,,623,100.0,623,82.0,511,Yes,2025_master
EV-00657,2025,2025-02-22,AB T27,AB,T0027,T0027,No,,,,39,100.0,39,89.0,35,Yes,2025_master
EV-00658,2025,2025-02-22,AB T35,AB,T0035,T0035,No,,,,180,100.0,180,65.0,117,Yes,2025_master
EV-00659,2025,2025-02-22,AB T60,AB,T0060,T0060,No,,,,351,100.0,351,89.5,314,Yes,2025_master
EV-00660,2025,2025-02-22,AB T61,AB,T0061,T0061,No,,,,749,100.0,749,83.6,626,Yes,2025_master
EV-00661,2025,2025-02-22,AB T31,AB,T0031,T0031,No,,,,225,100.0,225,84.0,189,Yes,2025_master
EV-00662,2025,2025-02-23,AB T62,AB,T0062,T0062,No,,,,1296,100.0,1296,91.0,1179,Yes,2025_master
EV-00663,2025,2025-02-23,AB T64,AB,T0064,T0064,No,,,,735,100.0,735,85.0,625,Yes,2025_master
EV-00664,2025,2025-02-23,AB T26,AB,T0026,T0026,No,,,,1074,100.0,1074,86.0,924,Yes,2025_master
EV-00665,2025,2025-02-23,AB T30,AB,T0030,T0030,No,,,,1090,100.0,1090,87.0,948,Yes,2025_master
EV-00666,2025,2025-02-23,AB T22,AB,T0022,T0022,No,,,,503,92.44,464,82.0,380,Yes,2025_master
EV-00667,2025,2025-02-25,Fli T11,Fli,T0011,T0011,No,,,,361,100.0,361,93.9,339,Yes,2025_master
EV-00668,2025,2025-02-25,AB T63,AB,T0063,T0063,No,,,,0,0.0,0,0.0,0,No,2025_master
EV-00669,2025,2025-02-25,AB T39,AB,T0039,T0039,No,,,,344,100.0,344,5.55,19,Yes,2025_master
EV-00670,2025,2025-02-25,Fli T12,Fli,T0012,T0012,No,,,,358,96.0,343,43.01,148,Yes,2025_master
EV-00671,2025,2025-02-25,Fli T13,Fli,T0013,T0013,No,,,,179,100.0,179,70.94,127,Yes,2025_master
EV-00672,2025,2025-02-25,Fli T11 (F) x AB T63 (M),AB,T0011;T0063,T0011,No,,,,136,100.0,136,63.9,87,Yes,2025_master
EV-00673,2025,2025-02-25,Fli T11 (F) x AB T63 (M) 2,AB,T0011;T0063,T0011,No,,,,180,100.0,180,91.66,165,Yes,2025_master
EV-00674,2025,2025-02-26,Fli T48,Fli,T0048,T0048,No,,,,68,100.0,68,64.0,44,Yes,2025_master
EV-00675,2025,2025-02-26,Fli T54,Fli,T0054,T0054,No,,,,885,100.0,885,78.0,690,Yes,2025_master
EV-00676,2025,2025-02-26,Fli T52,Fli,T0052,T0052,No,,,,1005,100.0,1005,70.9,713,Yes,2025_master
EV-00677,2025,2025-02-26,Fli T47,Fli,T0047,T0047,No,,,,669,100.0,669,56.3,377,Yes,2025_master
EV-00678,2025,2025-02-26,Fli T47 (F) AB T46 (M),AB,T0047;T0046,T0047,No,,,,303,100.0,303,81.0,245,Yes,2025_master
EV-00679,2025,2025-02-26,Fli T58  (F) AB T46 (M),AB,T0058;T0046,T0058,No,,,,561,99.2,556,60.8,338,Yes,2025_master
EV-00680,2025,2025-02-26,Fli T53  (F) AB T44 (M),AB,T0053;T0044,T0053,No,,,,177,100.0,177,86.4,153,Yes,2025_master
EV-00681,2025,2025-02-27,Gata T49 (M) x AB T56 (F),AB,T0049;T0056,T0049,No,,,,626,100.0,626,70.2,439,Yes,2025_master
EV-00682,2025,2025-02-27,AB T65,AB,T0065,T0065,No,,,,315,100.0,315,63.4,200,Yes,2025_master
EV-00683,2025,2025-03-01,AB T59,AB,T0059,T0059,Yes,,,,1513,100.0,1513,64.0,968,Yes,2025_master
EV-00684,2025,2025-03-01,AB T32,AB,T0032,T0032,Yes,,,,1183,100.0,1183,79.45,940,Yes,2025_master
EV-00685,2025,2025-03-01,AB T27,AB,T0027,T0027,No,,,,1202,100.0,1202,83.5,1004,Yes,2025_master
EV-00686,2025,2025-03-01,AB T62,AB,T0062,T0062,No,,,,1247,100.0,1247,92.2,1150,Yes,2025_master
EV-00687,2025,2025-03-01,AB T60,AB,T0060,T0060,No,,,,390,100.0,390,0.0,0,No,2025_master
EV-00688,2025,2025-03-01,Fli (F) T53 AB T44 (M),AB,T0053;T0044,T0053,No,,,,2547,100.0,2547,78.13,1990,Yes,2025_master
EV-00689,2025,2025-03-02,AB T64,AB,T0064,T0064,No,,,,701,100.0,701,91.0,638,Yes,2025_master
EV-00690,2025,2025-03-02,AB T30,AB,T0030,T0030,No,,,,168,100.0,168,73.2,123,Yes,2025_master
EV-00691,2025,2025-03-02,AB T26,AB,T0026,T0026,No,,,,573,100.0,573,91.0,521,Yes,2025_master
EV-00692,2025,2025-03-02,AB T42,AB,T0042,T0042,No,,,,1328,100.0,1328,78.31,1040,Yes,2025_master
EV-00693,2025,2025-03-02,AB T57,AB,T0057,T0057,No,,,,1593,96.9,1543,87.13,1344,Yes,2025_master
EV-00694,2025,2025-03-02,AB T31,AB,T0031,T0031,No,,,,1029,100.0,1029,93.87,966,Yes,2025_master
EV-00695,2025,2025-03-02,AB T35,AB,T0035,T0035,No,,,,1036,100.0,1036,63.5,658,Yes,2025_master
EV-00696,2025,2025-03-03,AB T39,AB,T0039,T0039,No,,,,440,100.0,440,26.0,114,Yes,2025_master
EV-00697,2025,2025-03-03,AB T37,AB,T0037,T0037,No,,,,0,0.0,0,0.0,0,No,2025_master
EV-00698,2025,2025-03-03,AB T63,AB,T0063,T0063,No,,,,2050,99.5,2039,84.3,1719,Yes,2025_master
EV-00699,2025,2025-03-03,Gata T50,Gata,T0050,T0050,No,,,,0,0.0,0,0.0,0,No,2025_master
EV-00700,2025,2025-03-03,Gata T49 (M) x AB T44 (F),AB,T0049;T0044,T0049,No,,,,1373,98.9,1357,52.88,718,Yes,2025_master
EV-00701,2025,2025-03-04,AB T61,AB,T0061,T0061,Yes,,,,1565,95.0,1486,69.0,1025,Yes,2025_master
EV-00702,2025,2025-03-04,Casper T15,Casper,T0015,T0015,No,,,,251,100.0,251,46.2,116,Yes,2025_master
EV-00703,2025,2025-03-04,Casper T15 vs Casper Pure,Casper,T0015,T0015,No,,,,0,0.0,0,0.0,0,No,2025_master
EV-00704,2025,2025-03-04,Gata T20,Gata,T0020,T0020,No,,,,0,0.0,0,0.0,0,No,2025_master
EV-00705,2025,2025-03-04,Gata T50,Gata,T0050,T0050,No,,,,0,0.0,0,0.0,0,No,2025_master
EV-00706,2025,2025-03-04,Gata T21,Gata,T0021,T0021,No,,,,0,0.0,0,0.0,0,No,2025_master
EV-00707,2025,2025-03-04,Gata T20  (F) Gata T21 (M),Gata,T0020;T0021,T0020,No,,,,0,0.0,0,0.0,0,No,2025_master
EV-00708,2025,2025-03-04,Fli(+ve) from T11  (F) AB T63 (M),AB,T0011;T0063,T0011,No,,,,0,0.0,0,0.0,0,No,2025_master
EV-00709,2025,2025-03-04,Fli(+ve) from T11,Fli,T0011,T0011,No,,,,0,0.0,0,0.0,0,No,2025_master
EV-00710,2025,2025-03-04,Fli T13,Fli,T0013,T0013,No,,,,0,0.0,0,0.0,0,No,2025_master
EV-00711,2025,2025-03-04,Fli T11,Fli,T0011,T0011,No,,,,159,96.0,152,92.8,141,Yes,2025_master
EV-00712,2025,2025-03-04,Fli T12,Fli,T0012,T0012,No,,,,573,99.6,570,52.7,300,Yes,2025_master
EV-00713,2025,2025-03-08,AB T43,AB,T0043,T0043,No,,,,513,100.0,513,89.1,457,Yes,2025_master
EV-00714,2025,2025-03-08,AB T31,AB,T0031,T0031,No,,,,64,100.0,64,87.5,56,Yes,2025_master
EV-00715,2025,2025-03-08,AB T30,AB,T0030,T0030,No,,,,731,100.0,731,83.99,614,Yes,2025_master
EV-00716,2025,2025-03-08,AB T64,AB,T0064,T0064,No,,,,906,100.0,906,81.06,734,Yes,2025_master
EV-00717,2025,2025-03-08,AB T26,AB,T0026,T0026,No,,,,600,100.0,600,81.5,489,Yes,2025_master
EV-00718,2025,2025-03-09,Gata T20,Gata,T0020,T0020,No,,,,0,0.0,0,0.0,0,No,2025_master
EV-00719,2025,2025-03-09,Gata T21,Gata,T0021,T0021,No,,,,0,0.0,0,0.0,0,No,2025_master
EV-00720,2025,2025-03-09,AB T63,AB,T0063,T0063,No,,,,386,100.0,386,3.36,13,Yes,2025_master
EV-00721,2025,2025-03-09,AB T37,AB,T0037,T0037,No,,,,0,0.0,0,0.0,0,No,2025_master
EV-00722,2025,2025-03-09,AB T39,AB,T0039,T0039,No,,,,794,99.4,789,33.7,266,Yes,2025_master
EV-00723,2025,2025-03-09,AB T35,AB,T0035,T0035,No,,,,372,99.4,369,74.0,273,Yes,2025_master
EV-00724,2025,2025-03-09,AB T27,AB,T0027,T0027,No,,,,124,100.0,124,90.3,112,Yes,2025_master
EV-00725,2025,2025-03-09,AB T62,AB,T0062,T0062,No,,,,656,100.0,656,22.6,148,Yes,2025_master
EV-00726,2025,2025-03-09,AB T61,AB,T0061,T0061,No,,,,972,100.0,972,24.8,241,Yes,2025_master
EV-00727,2025,2025-03-10,Fli T52,Fli,T0052,T0052,No,,,,697,100.0,697,56.2,392,Yes,2025_master
EV-00728,2025,2025-03-10,Fli T47,Fli,T0047,T0047,No,,,,1471,99.5,1463,49.8,729,Yes,2025_master
EV-00729,2025,2025-03-10,Fli T54,Fli,T0054,T0054,No,,,,743,100.0,743,62.5,464,Yes,2025_master
EV-00730,2025,2025-03-10,Fli T48,Fli,T0048,T0048,No,,,,1325,100.0,1325,64.5,855,Yes,2025_master
EV-00731,2025,2025-03-10,Fli T54  (F) AB T46 (M),AB,T0054;T0046,T0054,No,,,,572,100.0,572,67.0,383,Yes,2025_master
EV-00732,2025,2025-03-10,Fli T47  (F) AB T46 (M),AB,T0047;T0046,T0047,No,,,,208,100.0,208,62.5,130,Yes,2025_master
EV-00733,2025,2025-03-10,Fli T58  (F) AB T46 (M),AB,T0058;T0046,T0058,No,,,,182,100.0,182,66.4,121,Yes,2025_master
EV-00734,2025,2025-03-10,Fli T52  (F) AB T44 (M),AB,T0052;T0044,T0052,No,,,,487,100.0,487,55.0,268,Yes,2025_master
EV-00735,2025,2025-03-10,Fli T58  (F) AB T44 (M),AB,T0058;T0044,T0058,No,,,,201,100.0,201,48.25,97,Yes,2025_master
EV-00736,2025,2025-03-11,Fli T12,Fli,T0012,T0012,No,,,,166,100.0,166,69.87,116,Yes,2025_master
EV-00737,2025,2025-03-11,Fli T11 x AB T63,AB,T0011;T0063,T0011,No,,,,212,100.0,212,81.13,172,Yes,2025_master
EV-00738,2025,2025-03-11,Fli T13,Fli,T0013,T0013,No,,,,62,100.0,62,53.2,33,Yes,2025_master
EV-00739,2025,2025-03-11,Fli T11,Fli,T0011,T0011,No,,,,0,0.0,0,0.0,0,No,2025_master
EV-00740,2025,2025-03-11,AB T42,AB,T0042,T0042,No,,,,531,99.0,525,68.8,361,Yes,2025_master
EV-00741,2025,2025-03-12,Gata T50,Gata,T0050,T0050,No,,,,0,0.0,0,0.0,0,No,2025_master
EV-00742,2025,2025-03-12,Gata T49 (M) x AB T56 (F),AB,T0049;T0056,T0049,No,,,,135,100.0,135,71.8,97,Yes,2025_master
EV-00743,2025,2025-03-15,AB T59,AB,T0059,T0059,Yes,,,,1313,100.0,1313,84.0,1103,Yes,2025_master
EV-00744,2025,2025-03-15,AB T32,AB,T0032,T0032,Yes,,,,1010,99.2,1001,63.0,631,Yes,2025_master
EV-00745,2025,2025-03-15,AB T27,AB,T0027,T0027,No,,,,1076,100.0,1076,78.0,839,Yes,2025_master
EV-00746,2025,2025-03-15,AB T43,AB,T0043,T0043,No,,,,376,100.0,376,92.0,346,Yes,2025_master
EV-00747,2025,2025-03-15,AB T61,AB,T0061,T0061,No,,,,1138,100.0,1138,68.0,774,Yes,2025_master
EV-00748,2025,2025-03-15,Fli T53 (F) AB T56 (M),AB,T0053;T0056,T0053,No,,,,740,100.0,740,81.2,601,Yes,2025_master
EV-00749,2025,2025-03-15,Fli T53 (F) AB T46 (M),AB,T0053;T0046,T0053,No,,,,1019,100.0,1019,75.9,773,Yes,2025_master
EV-00750,2025,2025-03-15,Fli T53 (F) AB T65,AB,T0053;T0065,T0053,No,,,,197,100.0,197,97.2,191,Yes,2025_master
EV-00751,2025,2025-03-16,AB T64,AB,T0064,T0064,No,,,,1098,100.0,1098,81.0,889,Yes,2025_master
EV-00752,2025,2025-03-16,AB T31,AB,T0031,T0031,No,,,,591,100.0,591,76.3,451,Yes,2025_master
EV-00753,2025,2025-03-16,AB T62,AB,T0062,T0062,No,,,,1536,100.0,1536,86.0,1321,Yes,2025_master
EV-00754,2025,2025-03-16,AB T35,AB,T0035,T0035,No,,,,156,100.0,156,56.0,87,Yes,2025_master
EV-00755,2025,2025-03-16,AB T60,AB,T0060,T0060,No,,,,1158,100.0,1158,90.0,1042,Yes,2025_master
EV-00756,2025,2025-03-17,AB T30,AB,T0030,T0030,No,,,,151,100.0,151,84.1,127,Yes,2025_master
EV-00757,2025,2025-03-17,AB T59,AB,T0059,T0059,No,,,,495,100.0,495,79.13,392,Yes,2025_master
EV-00758,2025,2025-03-17,AB T38,AB,T0038,T0038,No,,,,74,100.0,74,89.9,67,Yes,2025_master
EV-00759,2025,2025-03-17,AB T26,AB,T0026,T0026,No,,,,587,100.0,587,86.58,508,Yes,2025_master
EV-00760,2025,2025-03-17,AB T57,AB,T0057,T0057,No,,,,774,100.0,774,75.06,581,Yes,2025_master
EV-00761,2025,2025-03-17,AB T63,AB,T0063,T0063,No,,,,888,100.0,888,85.69,761,Yes,2025_master
EV-00762,2025,2025-03-17,AB T42,AB,T0042,T0042,No,,,,1204,100.0,1204,81.4,980,Yes,2025_master
EV-00763,2025,2025-03-18,Fli T11,Fli,T0011,T0011,No,,,,275,100.0,275,57.0,157,Yes,2025_master
EV-00764,2025,2025-03-18,Fli T12,Fli,T0012,T0012,No,,,,736,95.0,699,39.0,273,Yes,2025_master
EV-00765,2025,2025-03-18,Fli T13 x AB T63,AB,T0013;T0063,T0013,No,,,,75,100.0,75,97.0,73,Yes,2025_master
EV-00766,2025,2025-03-18,Gata T20,Gata,T0020,T0020,No,,,,0,0.0,0,0.0,0,No,2025_master
EV-00767,2025,2025-03-18,Gata T21,Gata,T0021,T0021,No,,,,0,0.0,0,0.0,0,No,2025_master
EV-00768,2025,2025-03-18,Fli T60,Fli,T0060,T0060,No,,,,0,0.0,0,0.0,0,No,2025_master
EV-00769,2025,2025-03-18,Fli T13 x AB T63,AB,T0013;T0063,T0013,No,,,,0,0.0,0,0.0,0,No,2025_master
EV-00770,2025,2025-03-22,AB T62,AB,T0062,T0062,No,,,,1350,100.0,1350,90.5,1222,Yes,2025_master
EV-00771,2025,2025-03-22,AB T60,AB,T0060,T0060,No,,,,559,100.0,559,79.2,443,Yes,2025_master
EV-00772,2025,2025-03-22,AB T43,AB,T0043,T0043,No,,,,120,100.0,120,80.0,96,Yes,2025_master
EV-00773,2025,2025-03-22,AB T61,AB,T0061,T0061,No,,,,1360,100.0,1360,70.7,962,Yes,2025_master
EV-00774,2025,2025-03-23,AB T57,AB,T0057,T0057,Yes,,,,1473,100.0,1473,90.29,1330,Yes,2025_master
EV-00775,2025,2025-03-23,AB T42,AB,T0042,T0042,Yes,,,,858,100.0,858,79.16,679,Yes,2025_master
EV-00776,2025,2025-03-23,AB T27,AB,T0027,T0027,Yes,,,,847,100.0,847,88.9,753,Yes,2025_master
EV-00777,2025,2025-03-23,AB T59,AB,T0059,T0059,No,,,,517,100.0,517,75.0,388,Yes,2025_master
EV-00778,2025,2025-03-23,AB T30,AB,T0030,T0030,No,,,,201,100.0,201,76.0,153,Yes,2025_master
EV-00779,2025,2025-03-23,AB T35,AB,T0035,T0035,No,,,,917,100.0,917,69.5,637,Yes,2025_master
EV-00780,2025,2025-03-23,Fli T47,Fli,T0047,T0047,No,,,,368,100.0,368,53.1,195,Yes,2025_master
EV-00781,2025,2025-03-23,Fli T54,Fli,T0054,T0054,No,,,,934,100.0,934,84.7,791,Yes,2025_master
EV-00782,2025,2025-03-23,ABT64,AB,T0064,T0064,No,,,,865,100.0,865,61.0,528,Yes,2025_master
EV-00783,2025,2025-03-24,Fli T11 x AB T63,AB,T0011;T0063,T0011,No,,,,259,100.0,259,87.6,227,Yes,2025_master
EV-00784,2025,2025-03-24,AB from T56,AB,T0056,T0056,No,,,,182,96.9,176,80.0,141,Yes,2025_master
EV-00785,2025,2025-03-24,AB T63,AB,T0063,T0063,No,,,,19,100.0,19,91.3,17,Yes,2025_master
EV-00786,2025,2025-03-24,Fli T11,Fli,T0011,T0011,No,,,,582,100.0,582,85.1,495,Yes,2025_master
EV-00787,2025,2025-03-24,Fli T70,Fli,T0070,T0070,No,,,,714,100.0,714,76.6,547,Yes,2025_master
EV-00788,2025,2025-03-24,Fli T13,Fli,T0013,T0013,No,,,,94,100.0,94,45.0,42,Yes,2025_master
EV-00789,2025,2025-03-24,Fli T12,Fli,T0012,T0012,No,,,,274,100.0,274,70.9,194,Yes,2025_master
EV-00790,2025,2025-03-25,AB T32,AB,T0032,T0032,Yes,,,,232,100.0,232,90.0,209,Yes,2025_master
EV-00791,2025,2025-03-25,AB T58+T63,AB,T0058;T0063,T0058,Yes,,,,539,100.0,539,63.1,340,Yes,2025_master
EV-00792,2025,2025-03-25,AB T31,AB,T0031,T0031,No,,,,180,100.0,180,73.0,131,Yes,2025_master
EV-00793,2025,2025-03-25,AB T44,AB,T0044,T0044,No,,,,2971,100.0,2971,64.0,1901,Yes,2025_master
EV-00794,2025,2025-03-25,AB T65,AB,T0065,T0065,No,,,,204,100.0,204,57.8,118,Yes,2025_master
EV-00795,2025,2025-03-25,AB T56,AB,T0056,T0056,No,,,,0,0.0,0,0.0,0,No,2025_master
EV-00796,2025,2025-03-25,AB T56 (F) Gata T47 (M),AB,T0056;T0047,T0056,No,,,,1519,86.0,1306,78.7,1028,Yes,2025_master
EV-00797,2025,2025-03-26,Fli T47,Fli,T0047,T0047,No,,,,539,100.0,539,95.4,514,Yes,2025_master
EV-00798,2025,2025-03-26,Fli T52,Fli,T0052,T0052,No,,,,542,0.0,0,0.0,0,No,2025_master
EV-00799,2025,2025-03-26,Cas T15,Casper,T0015,T0015,No,,,,0,0.0,0,0.0,0,No,2025_master
EV-00800,2025,2025-04-09,AB T57,AB,T0057,T0057,Yes,,,,519,72.0,373,63.9,238,Yes,2025_master
EV-00801,2025,2025-04-09,AB T42,AB,T0042,T0042,Yes,,,,1020,94.0,958,90.0,862,Yes,2025_master
EV-00802,2025,2025-04-09,AB T59,AB,T0059,T0059,Yes,,,,1305,94.0,1226,81.0,993,Yes,2025_master
EV-00803,2025,2025-04-09,AB T43,AB,T0043,T0043,No,,,,541,100.0,541,93.2,504,Yes,2025_master
EV-00804,2025,2025-04-09,AB T61,AB,T0061,T0061,No,,,,1753,100.0,1753,82.3,1443,Yes,2025_master
EV-00805,2025,2025-04-12,AB T80,AB,T0080,T0080,No,,,,488,100.0,488,98.7,482,Yes,2025_master
EV-00806,2025,2025-04-12,AB T43,AB,T0043,T0043,No,,,,55,100.0,55,40.0,22,Yes,2025_master
EV-00807,2025,2025-04-12,AB T62,AB,T0062,T0062,No,,,,585,100.0,585,79.8,467,Yes,2025_master
EV-00808,2025,2025-04-12,AB T42,AB,T0042,T0042,No,,,,420,100.0,420,92.4,388,Yes,2025_master
EV-00809,2025,2025-04-12,AB T42 X AB T62,AB,T0042;T0062,T0042,No,,,,136,100.0,136,46.3,63,Yes,2025_master
EV-00810,2025,2025-04-13,AB T35,AB,T0035,T0035,Yes,,,,238,100.0,238,81.9,195,Yes,2025_master
EV-00811,2025,2025-04-13,AB T64,AB,T0064,T0064,Yes,,,,908,100.0,908,67.8,616,Yes,2025_master
EV-00812,2025,2025-04-13,AB T63,AB,T0063,T0063,Yes,,,,232,57.7,133,97.7,130,Yes,2025_master
EV-00813,2025,2025-04-13,AB T39,AB,T0039,T0039,Yes,,,,322,89.7,288,2.42,7,Yes,2025_master
EV-00814,2025,2025-04-13,AB T59,AB,T0059,T0059,No,,,,187,100.0,187,97.3,182,Yes,2025_master
EV-00815,2025,2025-04-13,AB T81,AB,T0081,T0081,No,,,,360,100.0,360,90.4,325,Yes,2025_master
EV-00816,2025,2025-04-13,AB T80,AB,T0080,T0080,No,,,,70,100.0,70,97.0,68,Yes,2025_master
EV-00817,2025,2025-04-13,AB T42,AB,T0042,T0042,No,,,,211,100.0,211,90.0,190,Yes,2025_master
EV-00818,2025,2025-04-14,AB T57,AB,T0057,T0057,Yes,,,,583,97.7,569,81.0,461,Yes,2025_master
EV-00819,2025,2025-04-14,AB T61,AB,T0061,T0061,Yes,,,,551,100.0,551,92.99,512,Yes,2025_master
EV-00820,2025,2025-04-14,AB T60,AB,T0060,T0060,No,,,,486,100.0,486,88.8,432,Yes,2025_master
EV-00821,2025,2025-04-15,Fli T12,Fli,T0012,T0012,Yes,,,,0,0.0,0,0.0,0,No,2025_master
EV-00822,2025,2025-04-15,Fli T11,Fli,T0011,T0011,Yes,,,,140,100.0,140,82.85,116,Yes,2025_master
EV-00823,2025,2025-04-15,AB T44,AB,T0044,T0044,No,,,,807,100.0,807,57.4,463,Yes,2025_master
EV-00824,2025,2025-04-15,Cas T15,Casper,T0015,T0015,No,,,,195,100.0,195,57.7,113,Yes,2025_master
EV-00825,2025,2025-04-15,Cas T68 (M) x Cas T15 (F),Casper,T0068;T0015,T0068,No,,,,0,0.0,0,0.0,0,No,2025_master
EV-00826,2025,2025-04-15,Cas T15 (M) x Cas T69 (F),Casper,T0015;T0069,T0015,No,,,,0,0.0,0,0.0,0,No,2025_master
EV-00827,2025,2025-04-18,AB T64,AB,T0064,T0064,Yes,,,,711,99.1,704,59.0,415,Yes,2025_master
EV-00828,2025,2025-04-18,AB T35,AB,T0035,T0035,Yes,,,,271,100.0,271,66.9,181,Yes,2025_master
EV-00829,2025,2025-04-18,AB T60,AB,T0060,T0060,No,,,,262,100.0,262,96.56,253,Yes,2025_master
EV-00830,2025,2025-04-18,AB T42,AB,T0042,T0042,No,,,,805,100.0,805,85.33,687,Yes,2025_master
EV-00831,2025,2025-04-18,AB T43,AB,T0043,T0043,No,,,,46,100.0,46,69.7,32,Yes,2025_master
EV-00832,2025,2025-04-20,AB T59,AB,T0059,T0059,Yes,,,,709,100.0,709,83.2,590,Yes,2025_master
EV-00833,2025,2025-04-20,AB T57,AB,T0057,T0057,Yes,,,,386,100.0,386,77.0,297,Yes,2025_master
EV-00834,2025,2025-04-20,AB T35,AB,T0035,T0035,Yes,,,,103,100.0,103,53.33,55,Yes,2025_master
EV-00835,2025,2025-04-20,AB T64,AB,T0064,T0064,Yes,,,,83,100.0,83,72.22,60,Yes,2025_master
EV-00836,2025,2025-04-20,AB T81,AB,T0081,T0081,No,,,,426,100.0,426,85.0,362,Yes,2025_master
EV-00837,2025,2025-04-20,AB T80,AB,T0080,T0080,No,,,,1456,100.0,1456,94.16,1371,Yes,2025_master
EV-00838,2025,2025-04-21,AB T61,AB,T0061,T0061,Yes,,,,1525,100.0,1525,85.2,1299,Yes,2025_master
EV-00839,2025,2025-04-21,AB T62,AB,T0062,T0062,Yes,,,,833,100.0,833,85.8,715,Yes,2025_master
EV-00840,2025,2025-04-21,AB T63,AB,T0063,T0063,Yes,,,,0,0.0,0,0.0,0,No,2025_master
EV-00841,2025,2025-04-26,AB T59,AB,T0059,T0059,Yes,,,,263,100.0,263,90.4,238,Yes,2025_master
EV-00842,2025,2025-04-26,AB T42,AB,T0042,T0042,No,,,,1414,100.0,1414,86.64,1225,Yes,2025_master
EV-00843,2025,2025-04-26,AB T80,AB,T0080,T0080,No,,,,687,100.0,687,99.2,682,Yes,2025_master
EV-00844,2025,2025-04-26,AB T60,AB,T0060,T0060,No,,,,649,100.0,649,84.96,551,Yes,2025_master
EV-00845,2025,2025-04-27,AB T64,AB,T0064,T0064,Yes,,,,951,100.0,951,77.9,741,Yes,2025_master
EV-00846,2025,2025-04-27,AB T59,AB,T0059,T0059,Yes,,,,362,100.0,362,84.8,307,Yes,2025_master
EV-00847,2025,2025-04-27,AB T61,AB,T0061,T0061,Yes,,,,483,94.8,457,97.3,445,Yes,2025_master
EV-00848,2025,2025-04-27,AB T63,AB,T0063,T0063,No,,,,2193,100.0,2193,91.6,2009,Yes,2025_master
EV-00849,2025,2025-04-27,AB T43,AB,T0043,T0043,No,,,,112,100.0,112,95.0,106,Yes,2025_master
EV-00850,2025,2025-04-27,AB T35,AB,T0035,T0035,No,,,,1119,100.0,1119,64.78,725,Yes,2025_master
EV-00851,2025,2025-04-27,AB T42 (F) x AB T35 (M),AB,T0042;T0035,T0042,No,,,,0,0.0,0,0.0,0,No,2025_master
EV-00852,2025,2025-04-27,AB T80 (F) x T63 (M),AB,T0080;T0063,T0080,No,,,,524,100.0,524,86.6,454,Yes,2025_master
EV-00853,2025,2025-04-28,AB T57,AB,T0057,T0057,Yes,,,,1307,100.0,1307,78.3,1023,Yes,2025_master
EV-00854,2025,2025-04-28,AB T62,AB,T0062,T0062,Yes,,,,758,100.0,758,90.36,685,Yes,2025_master
EV-00855,2025,2025-04-29,AB T39,AB,T0039,T0039,No,,,,0,0.0,0,0.0,0,No,2025_master
EV-00856,2025,2025-04-29,Cas T15,Casper,T0015,T0015,No,,,,0,0.0,0,0.0,0,No,2025_master
EV-00857,2025,2025-04-29,Fli T70,Fli,T0070,T0070,No,,,,0,0.0,0,0.0,0,No,2025_master
EV-00858,2025,2025-04-29,Fli T13,Fli,T0013,T0013,No,,,,0,0.0,0,0.0,0,No,2025_master
EV-00859,2025,2025-04-30,AB T35,AB,T0035,T0035,Yes,,,,262,100.0,262,65.26,171,Yes,2025_master
EV-00860,2025,2025-04-30,AB T64,AB,T0064,T0064,Yes,,,,425,96.3,409,86.37,353,Yes,2025_master
EV-00861,2025,2025-04-30,Casper T15,Casper,T0015,T0015,No,,,,0,0.0,0,0.0,0,No,2025_master
EV-00862,2025,2025-04-30,Gata T49 (M) x AB T44 (F),AB,T0049;T0044,T0049,No,,,,737,92.8,683,36.0,246,Yes,2025_master
EV-00863,2025,2025-05-03,AB T35,AB,T0035,T0035,No,,,,301,100.0,301,71.0,214,Yes,2025_master
EV-00864,2025,2025-05-03,AB T42,AB,T0042,T0042,No,,,,927,100.0,927,87.0,806,Yes,2025_master
EV-00865,2025,2025-05-03,AB T59,AB,T0059,T0059,No,,,,968,100.0,968,86.32,836,Yes,2025_master
EV-00866,2025,2025-05-04,AB T80,AB,T0080,T0080,No,,,,1266,100.0,1266,85.0,1076,Yes,2025_master
EV-00867,2025,2025-05-04,AB T81,AB,T0081,T0081,No,,,,517,100.0,517,91.0,470,Yes,2025_master
EV-00868,2025,2025-05-04,AB T62,AB,T0062,T0062,No,,,,1177,100.0,1177,84.0,989,Yes,2025_master
EV-00869,2025,2025-05-04,AB T64,AB,T0064,T0064,No,,,,565,100.0,565,70.7,399,Yes,2025_master
EV-00870,2025,2025-05-04,AB T57,AB,T0057,T0057,No,,,,586,100.0,586,81.0,475,Yes,2025_master
EV-00871,2025,2025-05-05,AB T43,AB,T0043,T0043,No,,,,646,100.0,646,85.0,549,Yes,2025_master
EV-00872,2025,2025-05-05,AB T61,AB,T0061,T0061,No,,,,1716,100.0,1716,94.5,1622,Yes,2025_master
EV-00873,2025,2025-05-05,AB T59,AB,T0059,T0059,No,,,,391,99.0,387,96.0,372,Yes,2025_master
EV-00874,2025,2025-05-05,AB T60,AB,T0060,T0060,No,,,,940,100.0,940,82.5,776,Yes,2025_master
EV-00875,2025,2025-05-06,AB T44,AB,T0044,T0044,No,,,,0,0.0,0,0.0,0,No,2025_master
EV-00876,2025,2025-05-06,AB T46,AB,T0046,T0046,No,,,,235,100.0,235,95.0,223,Yes,2025_master
EV-00877,2025,2025-05-06,AB T53,AB,T0053,T0053,No,,,,0,0.0,0,0.0,0,No,2025_master
EV-00878,2025,2025-05-07,AB T44,AB,T0044,T0044,No,,,,935,100.0,935,69.9,654,Yes,2025_master
EV-00879,2025,2025-05-07,AB T56,AB,T0056,T0056,No,,,,1201,77.0,924,88.2,815,Yes,2025_master
EV-00880,2025,2025-05-07,AB T56 (F) Gata T51 (M),AB,T0056;T0051,T0056,No,,,,0,0.0,0,0.0,0,No,2025_master
EV-00881,2025,2025-05-10,AB T42,AB,T0042,T0042,No,,,,1011,100.0,1011,77.5,784,Yes,2025_master
EV-00882,2025,2025-05-10,AB T61,AB,T0061,T0061,No,,,,548,100.0,548,85.0,466,Yes,2025_master
EV-00883,2025,2025-05-10,Fli T47,Fli,T0047,T0047,No,,,,659,100.0,659,42.0,277,Yes,2025_master
EV-00884,2025,2025-05-10,Fli T54,Fli,T0054,T0054,No,,,,1527,100.0,1527,44.8,684,Yes,2025_master
EV-00885,2025,2025-05-11,Fli T52,Fli,T0052,T0052,No,,,,1239,100.0,1239,75.0,929,Yes,2025_master
EV-00886,2025,2025-05-11,AB T62,AB,T0062,T0062,No,,,,431,100.0,431,91.0,392,Yes,2025_master
EV-00887,2025,2025-05-11,AB T60,AB,T0060,T0060,No,,,,260,100.0,260,95.0,247,Yes,2025_master
EV-00888,2025,2025-05-11,AB T43,AB,T0043,T0043,No,,,,771,100.0,771,88.9,685,Yes,2025_master
EV-00889,2025,2025-05-11,Fli T48,Fli,T0048,T0048,No,,,,431,100.0,431,89.2,384,Yes,2025_master
EV-00890,2025,2025-05-11,AB T35,AB,T0035,T0035,No,,,,367,100.0,367,72.2,265,Yes,2025_master
EV-00891,2025,2025-05-11,AB T64,AB,T0064,T0064,No,,,,884,99.3,877,78.58,689,Yes,2025_master
EV-00892,2025,2025-05-12,AB T59,AB,T0059,T0059,No,,,,816,97.0,791,87.0,688,Yes,2025_master
EV-00893,2025,2025-05-12,Fli T58 (F) AB T44 (M),AB,T0058;T0044,T0058,No,,,,989,100.0,989,87.0,860,Yes,2025_master
EV-00894,2025,2025-05-12,Fli T53 (F) AB T44 (M),AB,T0053;T0044,T0053,No,,,,2505,94.0,2354,64.0,1507,Yes,2025_master
EV-00895,2025,2025-05-13,AB T80,AB,T0080,T0080,No,,,,779,100.0,779,90.45,705,Yes,2025_master
EV-00896,2025,2025-05-13,AB T57,AB,T0057,T0057,No,,,,494,100.0,494,68.62,339,Yes,2025_master
EV-00897,2025,2025-05-13,AB T81,AB,T0081,T0081,No,,,,70,100.0,70,91.4,64,Yes,2025_master
EV-00898,2025,2025-05-14,AB T56,AB,T0056,T0056,No,,,,458,100.0,458,93.23,427,Yes,2025_master
EV-00899,2025,2025-05-14,AB T44,AB,T0044,T0044,No,,,,1013,100.0,1013,86.3,874,Yes,2025_master
EV-00900,2025,2025-05-14,AB T56 (F) x AB T46 (M),AB,T0056;T0046,T0056,No,,,,278,100.0,278,80.93,225,Yes,2025_master
EV-00901,2025,2025-05-14,AB T56 (F) x AB T44 (M)2,AB,T0056;T0044,T0056,No,,,,718,100.0,718,65.8,472,Yes,2025_master
EV-00902,2025,2025-05-14,AB T46,AB,T0046,T0046,No,,,,192,100.0,192,33.8,65,Yes,2025_master
EV-00903,2025,2025-05-17,AB T60,AB,T0060,T0060,No,,,,1081,100.0,1081,98.0,1059,Yes,2025_master
EV-00904,2025,2025-05-17,AB T43,AB,T0043,T0043,No,,,,69,100.0,69,82.6,57,Yes,2025_master
EV-00905,2025,2025-05-17,AB T64,AB,T0064,T0064,No,,,,860,100.0,860,95.23,819,Yes,2025_master
EV-00906,2025,2025-05-17,AB T62,AB,T0062,T0062,No,,,,714,100.0,714,95.69,683,Yes,2025_master
EV-00907,2025,2025-05-18,AB T61,AB,T0061,T0061,No,,,,2049,100.0,2049,93.5,1916,Yes,2025_master
EV-00908,2025,2025-05-18,Fli T70,Fli,T0070,T0070,No,,,,445,100.0,445,92.0,409,Yes,2025_master
EV-00909,2025,2025-05-18,AB T35,AB,T0035,T0035,No,,,,357,100.0,357,53.0,189,Yes,2025_master
EV-00910,2025,2025-05-18,Fli T11,Fli,T0011,T0011,No,,,,611,100.0,611,87.0,532,Yes,2025_master
EV-00911,2025,2025-05-18,Fli T11 (F) x AB T81 (M),AB,T0011;T0081,T0011,No,,,,837,100.0,837,93.0,778,Yes,2025_master
EV-00912,2025,2025-05-18,Fli T13,Fli,T0013,T0013,No,,,,397,100.0,397,22.0,87,Yes,2025_master
EV-00913,2025,2025-05-18,AB T59,AB,T0059,T0059,No,,,,695,100.0,695,86.0,598,Yes,2025_master
EV-00914,2025,2025-05-18,AB T42,AB,T0042,T0042,No,,,,822,100.0,822,80.0,658,Yes,2025_master
EV-00915,2025,2025-05-19,Fli T12,Fli,T0012,T0012,No,,,,1420,100.0,1420,79.0,1122,Yes,2025_master
EV-00916,2025,2025-05-19,Fli T52,Fli,T0052,T0052,No,,,,554,100.0,554,61.1,338,Yes,2025_master
EV-00917,2025,2025-05-19,Fli T47,Fli,T0047,T0047,No,,,,1166,100.0,1166,65.0,758,Yes,2025_master
EV-00918,2025,2025-05-19,Fli T48,Fli,T0048,T0048,No,,,,1291,100.0,1291,87.7,1132,Yes,2025_master
EV-00919,2025,2025-05-19,Fli T54,Fli,T0054,T0054,No,,,,815,100.0,815,55.9,456,Yes,2025_master
EV-00920,2025,2025-05-19,AB T57,AB,T0057,T0057,No,,,,1292,100.0,1292,87.17,1126,Yes,2025_master
EV-00921,2025,2025-05-20,AB T80,AB,T0080,T0080,Yes,,,,2244,94.2,2113,87.5,1849,Yes,2025_master
EV-00922,2025,2025-05-20,AB T81,AB,T0081,T0081,Yes,,,,289,100.0,289,82.0,237,Yes,2025_master
EV-00923,2025,2025-05-24,AB T64,AB,T0064,T0064,No,,,,946,100.0,946,90.0,851,Yes,2025_master
EV-00924,2025,2025-05-24,AB T60,AB,T0060,T0060,No,,,,876,100.0,876,89.0,780,Yes,2025_master
EV-00925,2025,2025-05-24,AB T35,AB,T0035,T0035,No,,,,342,100.0,342,48.0,164,Yes,2025_master
EV-00926,2025,2025-05-24,AB T42,AB,T0042,T0042,No,,,,1504,87.5,1316,90.0,1184,Yes,2025_master
EV-00927,2025,2025-05-24,AB T59,AB,T0059,T0059,No,,,,901,100.0,901,93.0,838,Yes,2025_master
EV-00928,2025,2025-05-26,AB T91,AB,T0091,T0091,No,,,,136,100.0,136,97.0,132,Yes,2025_master
EV-00929,2025,2025-05-26,AB T90,AB,T0090,T0090,No,,,,179,100.0,179,95.0,170,Yes,2025_master
EV-00930,2025,2025-05-26,AB T57,AB,T0057,T0057,No,,,,917,100.0,917,90.0,825,Yes,2025_master
EV-00931,2025,2025-05-26,AB T87,AB,T0087,T0087,No,,,,34,100.0,34,85.0,29,Yes,2025_master
EV-00932,2025,2025-05-26,AB T43,AB,T0043,T0043,No,,,,49,100.0,49,67.0,33,Yes,2025_master
EV-00933,2025,2025-05-26,AB T61,AB,T0061,T0061,No,,,,646,100.0,646,89.0,575,Yes,2025_master
EV-00934,2025,2025-05-26,AB T86,AB,T0086,T0086,No,,,,271,100.0,271,100.0,271,Yes,2025_master
EV-00935,2025,2025-05-26,AB T62,AB,T0062,T0062,No,,,,970,100.0,970,91.0,883,Yes,2025_master
EV-00936,2025,2025-05-27,AB T80,AB,T0080,T0080,No,,,,1035,100.0,1035,87.7,908,Yes,2025_master
EV-00937,2025,2025-05-27,AB T81,AB,T0081,T0081,No,,,,559,100.0,559,92.8,519,Yes,2025_master
EV-00938,2025,2025-05-27,AB T91 (M) x AB T95 (F),AB,T0091;T0095,T0091,No,,,,0,0.0,0,0.0,0,No,2025_master
EV-00939,2025,2025-05-28,AB T60,AB,T0060,T0060,No,,,,399,100.0,399,94.0,375,Yes,2025_master
EV-00940,2025,2025-05-28,AB T64,AB,T0064,T0064,No,,,,425,100.0,425,93.0,395,Yes,2025_master
EV-00941,2025,2025-05-31,AB T90,AB,T0090,T0090,No,,,,398,100.0,398,95.72,381,Yes,2025_master
EV-00942,2025,2025-05-31,AB T91,AB,T0091,T0091,No,,,,0,0.0,0,0.0,0,No,2025_master
EV-00943,2025,2025-05-31,AB T61,AB,T0061,T0061,No,,,,73,100.0,73,98.6,72,Yes,2025_master
EV-00944,2025,2025-05-31,AB T43,AB,T0043,T0043,No,,,,118,100.0,118,94.9,112,Yes,2025_master
EV-00945,2025,2025-05-31,AB T35,AB,T0035,T0035,No,,,,1450,100.0,1450,74.55,1081,Yes,2025_master
EV-00946,2025,2025-05-31,AB T42,AB,T0042,T0042,No,,,,1515,100.0,1515,78.31,1186,Yes,2025_master
EV-00947,2025,2025-06-01,AB T80,AB,T0080,T0080,No,,,,213,100.0,213,95.77,204,Yes,2025_master
EV-00948,2025,2025-06-01,AB T81,AB,T0081,T0081,No,,,,260,100.0,260,93.8,244,Yes,2025_master
EV-00949,2025,2025-06-01,AB T64 (M) AB T95 (F),AB,T0064;T0095,T0064,No,,,,0,0.0,0,0.0,0,No,2025_master
EV-00950,2025,2025-06-01,Fli T13,Fli,T0013,T0013,No,,,,472,100.0,472,13.77,65,Yes,2025_master
EV-00951,2025,2025-06-01,Fli T11 (F) AB T64 (M),AB,T0011;T0064,T0011,No,,,,565,100.0,565,94.69,535,Yes,2025_master
EV-00952,2025,2025-06-01,Fli T11,Fli,T0011,T0011,No,,,,0,0.0,0,0.0,0,No,2025_master
EV-00953,2025,2025-06-01,AB T59,AB,T0059,T0059,No,,,,716,100.0,716,85.58,613,Yes,2025_master
EV-00954,2025,2025-06-01,AB T62,AB,T0062,T0062,No,,,,844,100.0,844,87.2,736,Yes,2025_master
EV-00955,2025,2025-06-01,AB T86,AB,T0086,T0086,No,,,,625,100.0,625,83.68,523,Yes,2025_master
EV-00956,2025,2025-06-02,AB T87,AB,T0087,T0087,Yes,,,,351,100.0,351,64.95,228,Yes,2025_master
EV-00957,2025,2025-06-02,AB T64,AB,T0064,T0064,Yes,,,,640,97.8,625,58.78,367,Yes,2025_master
EV-00958,2025,2025-06-02,AB T57,AB,T0057,T0057,Yes,,,,396,100.0,396,78.78,312,Yes,2025_master
EV-00959,2025,2025-06-03,AB T56,AB,T0056,T0056,No,,,,1920,100.0,1920,86.0,1651,Yes,2025_master
EV-00960,2025,2025-06-03,AB T65,AB,T0065,T0065,No,,,,0,0.0,0,0.0,0,No,2025_master
EV-00961,2025,2025-06-03,AB T46,AB,T0046,T0046,No,,,,697,100.0,697,27.83,194,Yes,2025_master
EV-00962,2025,2025-06-03,AB T56 (F) AB T46 (M),AB,T0056;T0046,T0056,No,,,,1890,100.0,1890,81.1,1533,Yes,2025_master
EV-00963,2025,2025-06-03,Fli T54,Fli,T0054,T0054,No,,,,760,100.0,760,60.92,463,Yes,2025_master
EV-00964,2025,2025-06-03,Fli T52,Fli,T0052,T0052,No,,,,748,100.0,748,80.6,603,Yes,2025_master
EV-00965,2025,2025-06-09,AB T87,AB,T0087,T0087,No,,,,236,100.0,236,85.59,202,Yes,2025_master
EV-00966,2025,2025-06-09,AB T75,AB,T0075,T0075,No,,,,541,100.0,541,90.0,487,Yes,2025_master
EV-00967,2025,2025-06-09,AB T74,AB,T0074,T0074,No,,,,354,100.0,354,81.07,287,Yes,2025_master
EV-00968,2025,2025-06-10,AB T91,AB,T0091,T0091,No,,,,332,100.0,332,93.6,311,Yes,2025_master
EV-00969,2025,2025-06-10,AB T64,AB,T0064,T0064,No,,,,1085,100.0,1085,88.9,965,Yes,2025_master
EV-00970,2025,2025-06-10,AB T60,AB,T0060,T0060,No,,,,1303,100.0,1303,94.78,1235,Yes,2025_master
EV-00971,2025,2025-06-10,AB T42,AB,T0042,T0042,No,,,,1097,100.0,1097,82.31,903,Yes,2025_master
EV-00972,2025,2025-06-10,AB T62,AB,T0062,T0062,No,,,,1058,99.6,1053,92.59,975,Yes,2025_master
EV-00973,2025,2025-06-11,AB T86,AB,T0086,T0086,Yes,,,,766,96.3,737,89.0,656,Yes,2025_master
EV-00974,2025,2025-06-11,AB T57,AB,T0057,T0057,Yes,,,,1595,98.2,1566,87.0,1362,Yes,2025_master
EV-00975,2025,2025-06-11,AB T59,AB,T0059,T0059,No,,,,1163,100.0,1163,91.5,1064,Yes,2025_master
EV-00976,2025,2025-06-11,AB T90,AB,T0090,T0090,No,,,,403,100.0,403,94.0,379,Yes,2025_master
EV-00977,2025,2025-06-11,AB T43,AB,T0043,T0043,No,,,,543,100.0,543,93.0,505,Yes,2025_master
EV-00978,2025,2025-06-11,AB T61,AB,T0061,T0061,No,,,,1722,100.0,1722,94.0,1619,Yes,2025_master
EV-00979,2025,2025-06-14,AB T91,AB,T0091,T0091,No,,,,341,100.0,341,89.83,306,Yes,2025_master
EV-00980,2025,2025-06-14,AB T90,AB,T0090,T0090,No,,,,0,0.0,0,0.0,0,No,2025_master
EV-00981,2025,2025-06-14,AB T42,AB,T0042,T0042,No,,,,421,100.0,421,88.07,371,Yes,2025_master
EV-00982,2025,2025-06-14,AB 60,AB,,,No,,,,523,100.0,523,72.45,379,Yes,2025_master
EV-00983,2025,2025-06-14,AB T64,AB,T0064,T0064,No,,,,392,100.0,392,96.26,377,Yes,2025_master
EV-00984,2025,2025-06-14,AB T75,AB,T0075,T0075,No,,,,558,100.0,558,93.1,519,Yes,2025_master
EV-00985,2025,2025-06-15,AB T74,AB,T0074,T0074,Yes,,,,580,100.0,580,88.1,511,Yes,2025_master
EV-00986,2025,2025-06-15,AB T59,AB,T0059,T0059,No,,,,1402,100.0,1402,91.01,1276,Yes,2025_master
EV-00987,2025,2025-06-15,AB T62,AB,T0062,T0062,No,,,,469,100.0,469,84.98,399,Yes,2025_master
EV-00988,2025,2025-06-15,AB T43,AB,T0043,T0043,No,,,,212,100.0,212,84.4,179,Yes,2025_master
EV-00989,2025,2025-06-15,AB T75 (F) x AB T92 (M),AB,T0075;T0092,T0075,No,,,,0,0.0,0,0.0,0,No,2025_master
EV-00990,2025,2025-06-15,AB T90,AB,T0090,T0090,No,,,,250,100.0,250,80.0,200,Yes,2025_master
EV-00991,2025,2025-06-15,AB T80,AB,T0080,T0080,No,,,,1400,100.0,1400,93.8,1313,Yes,2025_master
EV-00992,2025,2025-06-15,AB T95 (F) x AB T93 (M),AB,T0095;T0093,T0095,No,,,,385,100.0,385,91.68,353,Yes,2025_master
EV-00993,2025,2025-06-15,Cas T69,Casper,T0069,T0069,No,,,,392,100.0,392,86.4,339,Yes,2025_master
EV-00994,2025,2025-06-16,Fli T13,Fli,T0013,T0013,No,,,,0,0.0,0,0.0,0,No,2025_master
EV-00995,2025,2025-06-16,Gata T73,Gata,T0073,T0073,No,,,,239,97.0,231,91.63,212,Yes,2025_master
EV-00996,2025,2025-06-16,Cas T15,Casper,T0015,T0015,No,,,,0,0.0,0,0.0,0,No,2025_master
EV-00997,2025,2025-06-16,Fli T72,Fli,T0072,T0072,No,,,,0,0.0,0,0.0,0,No,2025_master
EV-00998,2025,2025-06-16,Gata T49 (M) x AB T56 (F),AB,T0049;T0056,T0049,No,,,,0,0.0,0,0.0,0,No,2025_master
EV-00999,2025,2025-06-16,Fli T54,Fli,T0054,T0054,No,,,,260,100.0,260,65.7,171,Yes,2025_master
EV-01000,2025,2025-06-16,Fli T82,Fli,T0082,T0082,No,,,,33,100.0,33,100.0,33,Yes,2025_master
EV-01001,2025,2025-06-16,Fli T52,Fli,T0052,T0052,No,,,,627,100.0,627,62.0,389,Yes,2025_master
EV-01002,2025,2025-06-16,AB 56 (M) x Fli T54 (F),AB,T0054,T0054,No,,,,565,100.0,565,78.0,441,Yes,2025_master
EV-01003,2025,2025-06-16,Gata T49 (M) x Gata T73 (F),Gata,T0049;T0073,T0049,No,,,,63,100.0,63,68.0,43,Yes,2025_master
EV-01004,2025,2025-06-17,Fli T70,Fli,T0070,T0070,No,,,,480,100.0,480,76.25,366,Yes,2025_master
EV-01005,2025,2025-06-17,AB T81,AB,T0081,T0081,No,,,,381,100.0,381,92.91,354,Yes,2025_master
EV-01006,2025,2025-06-17,Fli T11 (F) x AB T80 (M),AB,T0011;T0080,T0011,No,,,,826,100.0,826,81.73,675,Yes,2025_master
EV-01007,2025,2025-06-17,Fli T11,Fli,T0011,T0011,No,,,,671,100.0,671,85.39,573,Yes,2025_master
EV-01008,2025,2025-06-17,AB T86,AB,T0086,T0086,No,,,,656,100.0,656,88.8,583,Yes,2025_master
EV-01009,2025,2025-06-17,Gata T20,Gata,T0020,T0020,No,,,,0,0.0,0,0.0,0,No,2025_master
EV-01010,2025,2025-06-17,Gata T21,Gata,T0021,T0021,No,,,,0,0.0,0,0.0,0,No,2025_master
EV-01011,2025,2025-06-18,AB T61,AB,T0061,T0061,No,,,,1557,100.0,1557,92.0,1432,Yes,2025_master
EV-01012,2025,2025-06-18,AB T76,AB,T0076,T0076,No,,,,761,100.0,761,61.4,467,Yes,2025_master
EV-01013,2025,2025-06-18,AB T74,AB,T0074,T0074,No,,,,329,100.0,329,94.22,310,Yes,2025_master
EV-01014,2025,2025-06-18,AB T46 (M) x AB T56 (F),AB,T0046;T0056,T0046,No,,,,73,100.0,73,76.71,56,Yes,2025_master
EV-01015,2025,2025-06-18,AB T64,AB,T0064,T0064,No,,,,428,100.0,428,71.0,304,Yes,2025_master
EV-01016,2025,2025-06-18,AB T57,AB,T0057,T0057,No,,,,1139,100.0,1139,64.0,729,Yes,2025_master
EV-01017,2025,2025-06-18,AB T56,AB,T0056,T0056,No,,,,1133,100.0,1133,86.6,981,Yes,2025_master
EV-01018,2025,2025-06-18,AB T87,AB,T0087,T0087,No,,,,456,100.0,456,95.6,436,Yes,2025_master
EV-01019,2025,2025-06-21,Gata T73,Gata,T0073,T0073,No,,,,116,100.0,116,93.0,108,Yes,2025_master
EV-01020,2025,2025-06-21,Gata T49 (M) x Gata T73 (F),Gata,T0049;T0073,T0049,No,,,,17,100.0,17,52.0,9,Yes,2025_master
EV-01021,2025,2025-06-21,AB T64,AB,T0064,T0064,No,,,,1107,100.0,1107,90.0,996,Yes,2025_master
EV-01022,2025,2025-06-21,AB T43,AB,T0043,T0043,No,,,,274,100.0,274,87.0,238,Yes,2025_master
EV-01023,2025,2025-06-21,AB T80,AB,T0080,T0080,No,,,,489,100.0,489,91.3,446,Yes,2025_master
EV-01024,2025,2025-06-21,AB T59,AB,T0059,T0059,No,,,,1113,100.0,1113,88.0,979,Yes,2025_master
EV-01025,2025,2025-06-22,AB T74,AB,T0074,T0074,No,,,,137,100.0,137,83.0,114,Yes,2025_master
EV-01026,2025,2025-06-22,AB T60,AB,T0060,T0060,No,,,,956,100.0,956,93.0,889,Yes,2025_master
EV-01027,2025,2025-06-22,AB T61,AB,T0061,T0061,No,,,,1005,100.0,1005,86.0,864,Yes,2025_master
EV-01028,2025,2025-06-22,AB T62,AB,T0062,T0062,No,,,,823,98.3,809,88.0,712,Yes,2025_master
EV-01029,2025,2025-06-22,AB T42,AB,T0042,T0042,No,,,,1273,98.0,1247,79.0,985,Yes,2025_master
EV-01030,2025,2025-06-22,Fli T82,Fli,T0082,T0082,No,,,,188,92.6,174,97.6,170,Yes,2025_master
EV-01031,2025,2025-06-22,Fli T70,Fli,T0070,T0070,No,,,,403,100.0,403,56.0,226,Yes,2025_master
EV-01032,2025,2025-06-22,Fli T72,Fli,T0072,T0072,No,,,,69,100.0,69,62.0,43,Yes,2025_master
EV-01033,2025,2025-06-23,AB T46,AB,T0046,T0046,No,,,,515,100.0,515,80.0,412,Yes,2025_master
EV-01034,2025,2025-06-23,Fli T52,Fli,T0052,T0052,No,,,,430,100.0,430,55.3,238,Yes,2025_master
EV-01035,2025,2025-06-23,Fli T54,Fli,T0054,T0054,No,,,,933,100.0,933,85.1,794,Yes,2025_master
EV-01036,2025,2025-06-23,AB T56 (F) x Gata T49 (M),AB,T0056;T0049,T0056,No,,,,0,0.0,0,0.0,0,No,2025_master
EV-01037,2025,2025-06-23,AB T56,AB,T0056,T0056,No,,,,507,78.0,395,77.8,307,Yes,2025_master
EV-01038,2025,2025-06-24,AB T76,AB,T0076,T0076,No,,,,147,100.0,147,89.0,131,Yes,2025_master
EV-01039,2025,2025-06-24,AB T75,AB,T0075,T0075,No,,,,530,100.0,530,72.0,382,Yes,2025_master
EV-01040,2025,2025-06-24,AB T57,AB,T0057,T0057,No,,,,652,100.0,652,74.0,482,Yes,2025_master
EV-01041,2025,2025-06-24,AB T90,AB,T0090,T0090,No,,,,462,100.0,462,86.7,401,Yes,2025_master
EV-01042,2025,2025-06-24,AB T87,AB,T0087,T0087,No,,,,887,100.0,887,90.4,802,Yes,2025_master
EV-01043,2025,2025-06-24,Fli T11,Fli,T0011,T0011,No,,,,421,100.0,421,95.24,401,Yes,2025_master
EV-01044,2025,2025-06-24,Fli T13,Fli,T0013,T0013,No,,,,78,100.0,78,37.17,29,Yes,2025_master
EV-01045,2025,2025-06-24,AB T86,AB,T0086,T0086,No,,,,1220,98.0,1195,76.5,914,Yes,2025_master
EV-01046,2025,2025-06-24,AB T75(F) x AB T92 (M),AB,T0075;T0092,T0075,No,,,,0,0.0,0,0.0,0,No,2025_master
EV-01047,2025,2025-06-25,AB T91,AB,T0091,T0091,No,,,,326,100.0,326,90.0,293,Yes,2025_master
EV-01048,2025,2025-06-25,Gata T73,Gata,T0073,T0073,No,,,,172,100.0,172,91.0,157,Yes,2025_master
EV-01049,2025,2025-06-25,Gata T73 (F) x Gata T49 (M),Gata,T0073;T0049,T0073,No,,,,57,100.0,57,75.0,43,Yes,2025_master
EV-01050,2025,2025-06-28,AB T90,AB,T0090,T0090,No,,,,374,100.0,374,96.0,359,Yes,2025_master
EV-01051,2025,2025-06-28,AB T91,AB,T0091,T0091,No,,,,81,100.0,81,98.7,80,Yes,2025_master
EV-01052,2025,2025-06-28,AB T60,AB,T0060,T0060,No,,,,643,100.0,643,94.57,608,Yes,2025_master
EV-01053,2025,2025-06-28,AB T64,AB,T0064,T0064,No,,,,555,100.0,555,83.6,464,Yes,2025_master
EV-01054,2025,2025-06-28,AB T62,AB,T0062,T0062,No,,,,139,99.2,137,84.7,116,Yes,2025_master
EV-01055,2025,2025-06-29,AB T87,AB,T0087,T0087,No,,,,914,99.78,911,93.0,847,Yes,2025_master
EV-01056,2025,2025-06-29,AB T59,AB,T0059,T0059,No,,,,1394,98.42,1371,82.0,1124,Yes,2025_master
EV-01057,2025,2025-06-29,AB T90,AB,T0090,T0090,No,,,,622,100.0,622,90.0,560,Yes,2025_master
EV-01058,2025,2025-06-29,AB T91,AB,T0091,T0091,No,,,,204,97.05,197,51.0,100,Yes,2025_master
EV-01059,2025,2025-06-29,AB T90 (F) x AB T92 (M),AB,T0090;T0092,T0090,No,,,,0,0.0,0,0.0,0,No,2025_master
EV-01060,2025,2025-06-30,AB T90 (F) x AB T92 (M),AB,T0090;T0092,T0090,Yes,,,,0,0.0,0,0.0,0,No,2025_master
EV-01061,2025,2025-06-30,AB T42,AB,T0042,T0042,No,,,,1745,100.0,1745,78.0,1361,Yes,2025_master
EV-01062,2025,2025-06-30,AB T61,AB,T0061,T0061,No,,,,2457,100.0,2457,89.5,2199,Yes,2025_master
EV-01063,2025,2025-06-30,AB T74,AB,T0074,T0074,No,,,,80,100.0,80,71.0,57,Yes,2025_master
EV-01064,2025,2025-06-30,AB T75,AB,T0075,T0075,No,,,,680,100.0,680,90.8,617,Yes,2025_master
EV-01065,2025,2025-07-01,AB T74,AB,T0074,T0074,No,,,,394,95.4,375,80.0,300,Yes,2025_master
EV-01066,2025,2025-07-01,AB T75,AB,T0075,T0075,No,,,,255,96.0,244,77.0,188,Yes,2025_master
EV-01067,2025,2025-07-02,AB T57,AB,T0057,T0057,No,,,,569,99.1,563,71.9,405,Yes,2025_master
EV-01068,2025,2025-07-02,AB T86,AB,T0086,T0086,No,,,,1467,99.6,1461,92.8,1356,Yes,2025_master
EV-01069,2025,2025-07-02,AB T76,AB,T0076,T0076,No,,,,309,98.0,302,96.7,292,Yes,2025_master
EV-01070,2025,2025-07-02,AB T80,AB,T0080,T0080,No,,,,2731,99.4,2714,94.2,2557,Yes,2025_master
EV-01071,2025,2025-07-02,AB T81,AB,T0081,T0081,No,,,,649,100.0,649,86.9,564,Yes,2025_master
EV-01072,2025,2025-07-02,AB T95 (F) x ABT93 (M),AB,T0095;T0093,T0095,No,,,,889,100.0,889,89.5,796,Yes,2025_master
EV-01073,2025,2025-07-02,Casper T15,Casper,T0015,T0015,No,,,,0,0.0,0,0.0,0,No,2025_master
EV-01074,2025,2025-07-02,Casper T15 (F) x Cas T68 (M),Casper,T0015;T0068,T0015,No,,,,0,0.0,0,0.0,0,No,2025_master
EV-01075,2025,2025-07-02,Cas T67 (F) x Cas T15 (M),Casper,T0067;T0015,T0067,No,,,,355,100.0,355,57.0,202,Yes,2025_master
EV-01076,2025,2025-07-02,AB T90(F) x AB T81 (M),AB,T0090;T0081,T0090,No,,,,244,100.0,244,94.6,231,Yes,2025_master
EV-01077,2025,2025-07-05,AB T90,AB,T0090,T0090,No,,,,253,100.0,253,93.33,236,Yes,2025_master
EV-01078,2025,2025-07-05,AB T91,AB,T0091,T0091,No,,,,482,100.0,482,91.1,439,Yes,2025_master
EV-01079,2025,2025-07-05,AB T60,AB,T0060,T0060,No,,,,534,100.0,534,90.7,484,Yes,2025_master
EV-01080,2025,2025-07-05,Gata T73,Gata,T0073,T0073,No,,,,135,100.0,135,91.85,124,Yes,2025_master
EV-01081,2025,2025-07-05,Gata T49 (M) x Gata T73 (F),Gata,T0049;T0073,T0049,No,,,,247,100.0,247,73.68,182,Yes,2025_master
EV-01082,2025,2025-07-05,Gata T49 (M) x AB T46 (F),AB,T0049;T0046,T0049,No,,,,0,0.0,0,0.0,0,No,2025_master
EV-01083,2025,2025-07-05,Gata T49 (M) x AB T56 (F),AB,T0049;T0056,T0049,No,,,,0,0.0,0,0.0,0,No,2025_master
EV-01084,2025,2025-07-05,AB T61,AB,T0061,T0061,No,,,,1098,99.8,1095,86.8,950,Yes,2025_master
EV-01085,2025,2025-07-05,AB T87,AB,T0087,T0087,No,,,,0,0.0,0,0.0,0,No,2025_master
EV-01086,2025,2025-07-06,Fli T52,Fli,T0052,T0052,No,,,,363,100.0,363,79.61,289,Yes,2025_master
EV-01087,2025,2025-07-06,Fli T54,Fli,T0054,T0054,No,,,,1385,100.0,1385,70.8,981,Yes,2025_master
EV-01088,2025,2025-07-06,Fli T72,Fli,T0072,T0072,No,,,,0,0.0,0,0.0,0,No,2025_master
EV-01089,2025,2025-07-06,AB T86,AB,T0086,T0086,No,,,,1490,99.73,1485,91.25,1355,Yes,2025_master
EV-01090,2025,2025-07-06,AB T87,AB,T0087,T0087,No,,,,1088,100.0,1088,88.5,963,Yes,2025_master
EV-01091,2025,2025-07-06,AB T75,AB,T0075,T0075,No,,,,622,100.0,622,93.0,578,Yes,2025_master
EV-01092,2025,2025-07-06,AB T56 (F) x AB T92 (M),AB,T0056;T0092,T0056,No,,,,459,100.0,459,93.89,431,Yes,2025_master
EV-01093,2025,2025-07-07,AB T62,AB,T0062,T0062,No,,,,1137,100.0,1137,83.0,944,Yes,2025_master
EV-01094,2025,2025-07-07,Fli T70,Fli,T0070,T0070,No,,,,242,100.0,242,53.0,128,Yes,2025_master
EV-01095,2025,2025-07-07,AB T60,AB,T0060,T0060,No,,,,210,100.0,210,68.0,143,Yes,2025_master
EV-01096,2025,2025-07-07,AB T59,AB,T0059,T0059,No,,,,474,100.0,474,94.0,446,Yes,2025_master
EV-01097,2025,2025-07-07,Fli T82,Fli,T0082,T0082,No,,,,65,100.0,65,80.0,52,Yes,2025_master
EV-01098,2025,2025-07-07,AB T42,AB,T0042,T0042,No,,,,1346,100.0,1346,76.0,1023,Yes,2025_master
EV-01099,2025,2025-07-09,AB T74,AB,T0074,T0074,No,,,,686,100.0,686,86.0,590,Yes,2025_master
EV-01100,2025,2025-07-09,AB T57,AB,T0057,T0057,No,,,,1530,100.0,1530,86.0,1316,Yes,2025_master
EV-01101,2025,2025-07-09,AB T76,AB,T0076,T0076,No,,,,243,100.0,243,86.0,209,Yes,2025_master
EV-01102,2025,2025-07-09,Gata T21 (F) xAB T92 (M),AB,T0021;T0092,T0021,No,,,,0,0.0,0,0.0,0,No,2025_master
EV-01103,2025,2025-07-09,Gata T20 (F) xAB T92 (M),AB,T0020;T0092,T0020,No,,,,118,100.0,118,61.0,72,Yes,2025_master
EV-01104,2025,2025-07-12,AB T60,AB,T0060,T0060,No,,,,144,100.0,144,88.88,128,Yes,2025_master
EV-01105,2025,2025-07-12,Gata T49 (M) x Gata T73 (F),Gata,T0049;T0073,T0049,No,,,,123,100.0,123,97.5,120,Yes,2025_master
EV-01106,2025,2025-07-12,Gata T20 (F) AB T92 (M),AB,T0020;T0092,T0020,No,,,,55,100.0,55,94.5,52,Yes,2025_master
EV-01107,2025,2025-07-12,Gata T73,Gata,T0073,T0073,No,,,,61,100.0,61,98.8,60,Yes,2025_master
EV-01108,2025,2025-07-12,AB T91,AB,T0091,T0091,No,,,,496,100.0,496,90.32,448,Yes,2025_master
EV-01109,2025,2025-07-12,AB T43,AB,T0043,T0043,No,,,,791,100.0,791,61.18,484,Yes,2025_master
EV-01110,2025,2025-07-12,AB T90,AB,T0090,T0090,No,,,,791,100.0,791,93.355,738,Yes,2025_master
EV-01111,2025,2025-07-12,AB T64,AB,T0064,T0064,No,,,,1304,100.0,1304,83.3,1086,Yes,2025_master
EV-01112,2025,2025-07-12,AB T61,AB,T0061,T0061,No,,,,830,100.0,830,82.61,686,Yes,2025_master
EV-01113,2025,2025-07-13,Fli T70,Fli,T0070,T0070,No,,,,445,100.0,445,71.23,317,Yes,2025_master
EV-01114,2025,2025-07-13,Fli T11 (F) x AB T93 (M),AB,T0011;T0093,T0011,No,,,,617,100.0,617,90.2,557,Yes,2025_master
EV-01115,2025,2025-07-13,Fli T13 (F) x AB T93 (M),AB,T0013;T0093,T0013,No,,,,466,100.0,466,82.6,385,Yes,2025_master
EV-01116,2025,2025-07-13,Fli T11 (M) x AB T95 (F),AB,T0011;T0095,T0011,No,,,,687,100.0,687,76.12,523,Yes,2025_master
EV-01117,2025,2025-07-13,Fli T82,Fli,T0082,T0082,No,,,,85,100.0,85,94.11,80,Yes,2025_master
EV-01118,2025,2025-07-13,AB T62,AB,T0062,T0062,No,,,,913,100.0,913,80.09,731,Yes,2025_master
EV-01119,2025,2025-07-13,AB T59,AB,T0059,T0059,No,,,,1268,98.8,1252,78.01,977,Yes,2025_master
EV-01120,2025,2025-07-13,AB T42,AB,T0042,T0042,No,,,,1014,100.0,1014,78.59,797,Yes,2025_master
EV-01121,2025,2025-07-14,Fli T72,Fli,T0072,T0072,No,,,,65,100.0,65,60.0,39,Yes,2025_master
EV-01122,2025,2025-07-14,Fli T52,Fli,T0052,T0052,No,,,,459,100.0,459,81.6,375,Yes,2025_master
EV-01123,2025,2025-07-14,Fli T54,Fli,T0054,T0054,No,,,,1163,100.0,1163,67.0,779,Yes,2025_master
EV-01124,2025,2025-07-15,AB T56,AB,T0056,T0056,No,,,,1505,100.0,1505,92.0,1385,Yes,2025_master
EV-01125,2025,2025-07-15,AB T57 (F) x AB T46 (M),AB,T0057;T0046,T0057,No,,,,1096,100.0,1096,20.0,219,Yes,2025_master
EV-01126,2025,2025-07-15,AB T46,AB,T0046,T0046,No,,,,431,100.0,431,77.0,332,Yes,2025_master
EV-01127,2025,2025-07-15,AB T65,AB,T0065,T0065,No,,,,0,0.0,0,0.0,0,No,2025_master
EV-01128,2025,2025-07-16,AB T80,AB,T0080,T0080,No,,,,834,100.0,834,89.92,750,Yes,2025_master
EV-01129,2025,2025-07-16,AB T95 (F) x AB T93 (M),AB,T0095;T0093,T0095,No,,,,445,100.0,445,86.06,383,Yes,2025_master
EV-01130,2025,2025-07-19,AB T59,AB,T0059,T0059,No,,,,1920,100.0,1920,85.6,1644,Yes,2025_master
EV-01131,2025,2025-07-19,AB T91,AB,T0091,T0091,No,,,,0,0.0,0,0.0,0,No,2025_master
EV-01132,2025,2025-07-19,AB T64,AB,T0064,T0064,No,,,,1050,100.0,1050,74.0,777,Yes,2025_master
EV-01133,2025,2025-07-19,AB T61,AB,T0061,T0061,No,,,,1381,100.0,1381,84.0,1160,Yes,2025_master
EV-01134,2025,2025-07-19,Fli T72,Fli,T0072,T0072,No,,,,520,100.0,520,83.6,435,Yes,2025_master
EV-01135,2025,2025-07-19,Fli T82,Fli,T0082,T0082,No,,,,209,100.0,209,93.3,195,Yes,2025_master
EV-01136,2025,2025-07-20,AB T62,AB,T0062,T0062,No,,,,996,100.0,996,75.0,747,Yes,2025_master
EV-01137,2025,2025-07-20,Gata T72,Gata,T0072,T0072,No,,,,0,0.0,0,0.0,0,No,2025_master
EV-01138,2025,2025-07-20,Gata T73 (F) x Gata T49 (M),Gata,T0073;T0049,T0073,No,,,,281,100.0,281,59.0,166,Yes,2025_master
EV-01139,2025,2025-07-20,AB T91,AB,T0091,T0091,No,,,,646,100.0,646,93.9,607,Yes,2025_master
EV-01140,2025,2025-07-20,AB T42,AB,T0042,T0042,No,,,,1356,100.0,1356,76.0,1031,Yes,2025_master
EV-01141,2025,2025-07-20,AB T90,AB,T0090,T0090,No,,,,784,100.0,784,94.0,737,Yes,2025_master
EV-01142,2025,2025-07-20,AB T43,AB,T0043,T0043,No,,,,380,100.0,380,78.0,296,Yes,2025_master
EV-01143,2025,2025-07-20,AB T60,AB,T0060,T0060,No,,,,961,100.0,961,82.0,788,Yes,2025_master
EV-01144,2025,2025-07-21,Fli T54,Fli,T0054,T0054,No,,,,712,100.0,712,68.0,484,Yes,2025_master
EV-01145,2025,2025-07-21,Fli T52,Fli,T0052,T0052,No,,,,34,100.0,34,94.0,32,Yes,2025_master
EV-01146,2025,2025-07-21,AB T46,AB,T0046,T0046,No,,,,238,100.0,238,91.0,217,Yes,2025_master
EV-01147,2025,2025-07-21,AB T56,AB,T0056,T0056,No,,,,852,100.0,852,88.0,750,Yes,2025_master
EV-01148,2025,2025-07-21,AB T46 (M) x AB T56 (F),AB,T0046;T0056,T0046,No,,,,1404,100.0,1404,58.0,814,Yes,2025_master
EV-01149,2025,2025-07-22,AB T93 (M) x AB T95 (F),AB,T0093;T0095,T0093,No,,,,827,100.0,827,92.0,761,Yes,2025_master
EV-01150,2025,2025-07-22,AB T80,AB,T0080,T0080,No,,,,691,100.0,691,83.0,574,Yes,2025_master
EV-01151,2025,2025-07-22,AB T87,AB,T0087,T0087,No,,,,1387,100.0,1387,90.0,1248,Yes,2025_master
EV-01152,2025,2025-07-22,AB T75,AB,T0075,T0075,No,,,,787,100.0,787,88.0,693,Yes,2025_master
EV-01153,2025,2025-07-22,AB T75 (F) x AB T93 (M),AB,T0075;T0093,T0075,No,,,,0,0.0,0,0.0,0,No,2025_master
EV-01154,2025,2025-07-22,AB T81,AB,T0081,T0081,No,,,,296,100.0,296,97.0,287,Yes,2025_master
EV-01155,2025,2025-07-23,Gata T73 (F) x AB T56 (M),AB,T0073;T0056,T0073,No,,,,390,100.0,390,87.9,343,Yes,2025_master
EV-01156,2025,2025-07-23,Gata T73,Gata,T0073,T0073,No,,,,152,100.0,152,83.5,127,Yes,2025_master
EV-01157,2025,2025-07-23,AB T74,AB,T0074,T0074,No,,,,355,100.0,355,98.59,350,Yes,2025_master
EV-01158,2025,2025-07-23,AB T76,AB,T0076,T0076,No,,,,390,100.0,390,96.15,375,Yes,2025_master
EV-01159,2025,2025-07-23,AB T57,AB,T0057,T0057,No,,,,1335,93.7,1250,89.0,1112,Yes,2025_master
EV-01160,2025,2025-07-23,AB T86,AB,T0086,T0086,No,,,,692,100.0,692,83.8,580,Yes,2025_master
EV-01161,2025,2025-07-26,AB T64,AB,T0064,T0064,No,,,,841,59.0,496,79.0,392,Yes,2025_master
EV-01162,2025,2025-07-26,AB T62,AB,T0062,T0062,No,,,,459,100.0,459,88.0,404,Yes,2025_master
EV-01163,2025,2025-07-26,AB T59,AB,T0059,T0059,No,,,,1156,79.6,920,82.0,754,Yes,2025_master
EV-01164,2025,2025-07-26,AB T43,AB,T0043,T0043,No,,,,197,100.0,197,92.0,181,Yes,2025_master
EV-01165,2025,2025-07-26,AB T60,AB,T0060,T0060,No,,,,190,100.0,190,87.0,165,Yes,2025_master
EV-01166,2025,2025-07-26,Fli T82,Fli,T0082,T0082,No,,,,157,100.0,157,97.0,152,Yes,2025_master
EV-01167,2025,2025-07-26,Gata T73,Gata,T0073,T0073,No,,,,149,100.0,149,97.0,145,Yes,2025_master
EV-01168,2025,2025-07-26,Gata T73 (F) x Gata T49 (M),Gata,T0073;T0049,T0073,No,,,,38,100.0,38,57.0,22,Yes,2025_master
EV-01169,2025,2025-07-26,Fli T70,Fli,T0070,T0070,No,,,,754,100.0,754,80.0,603,Yes,2025_master
EV-01170,2025,2025-07-27,Gata T73 (F) x Gata T49 (M),Gata,T0073;T0049,T0073,No,,,,231,100.0,231,41.0,95,Yes,2025_master
EV-01171,2025,2025-07-27,AB T80,AB,T0080,T0080,No,,,,589,100.0,589,83.0,489,Yes,2025_master
EV-01172,2025,2025-07-27,AB T81,AB,T0081,T0081,No,,,,363,100.0,363,84.0,305,Yes,2025_master
EV-01173,2025,2025-07-27,AB T87,AB,T0087,T0087,No,,,,1242,100.0,1242,86.0,1068,Yes,2025_master
EV-01174,2025,2025-07-27,AB T90,AB,T0090,T0090,No,,,,411,100.0,411,95.0,390,Yes,2025_master
EV-01175,2025,2025-07-27,AB T91,AB,T0091,T0091,No,,,,55,100.0,55,98.0,54,Yes,2025_master
EV-01176,2025,2025-07-28,AB T61,AB,T0061,T0061,No,,,,1766,100.0,1766,89.0,1572,Yes,2025_master
EV-01177,2025,2025-07-28,AB T86,AB,T0086,T0086,No,,,,1270,100.0,1270,92.0,1168,Yes,2025_master
EV-01178,2025,2025-07-28,AB T42,AB,T0042,T0042,No,,,,1188,100.0,1188,85.0,1010,Yes,2025_master
EV-01179,2025,2025-07-29,AB T75,AB,T0075,T0075,No,,,,1633,100.0,1633,87.0,1421,Yes,2025_master
EV-01180,2025,2025-07-29,AB T74,AB,T0074,T0074,No,,,,680,100.0,680,90.0,612,Yes,2025_master
EV-01181,2025,2025-07-30,AB T81,AB,T0081,T0081,No,,,,139,100.0,139,87.0,121,Yes,2025_master
EV-01182,2025,2025-07-30,AB T56 (F) x Fli T52 (M),AB,T0056;T0052,T0056,No,,,,1081,100.0,1081,94.9,1026,Yes,2025_master
EV-01183,2025,2025-07-30,AB T80,AB,T0080,T0080,No,,,,0,0.0,0,0.0,0,No,2025_master
EV-01184,2025,2025-07-30,AB T56,AB,T0056,T0056,No,,,,774,100.0,774,82.7,640,Yes,2025_master
EV-01185,2025,2025-07-30,AB T93 (M) x AB T95 (F),AB,T0093;T0095,T0093,No,,,,186,100.0,186,92.4,172,Yes,2025_master
EV-01186,2025,2025-07-30,AB T65,AB,T0065,T0065,No,,,,0,0.0,0,0.0,0,No,2025_master
EV-01187,2025,2025-08-02,AB T57,AB,T0057,T0057,No,,,,876,100.0,876,91.0,797,Yes,2025_master
EV-01188,2025,2025-08-02,AB T86,AB,T0086,T0086,No,,,,1502,100.0,1502,88.0,1322,Yes,2025_master
EV-01189,2025,2025-08-02,AB T87,AB,T0087,T0087,No,,,,579,100.0,579,89.0,515,Yes,2025_master
EV-01190,2025,2025-08-02,Cas T69,Casper,T0069,T0069,No,,,,200,100.0,200,85.0,170,Yes,2025_master
EV-01191,2025,2025-08-02,AB T75,AB,T0075,T0075,No,,,,858,100.0,858,72.0,618,Yes,2025_master
EV-01192,2025,2025-08-02,AB T76,AB,T0076,T0076,No,,,,203,90.1,182,88.0,160,Yes,2025_master
EV-01193,2025,2025-08-03,AB T62,AB,T0062,T0062,No,,,,1113,100.0,1113,90.0,1002,Yes,2025_master
EV-01194,2025,2025-08-03,AB T42,AB,T0042,T0042,No,,,,763,100.0,763,93.0,710,Yes,2025_master
EV-01195,2025,2025-08-03,AB T60,AB,T0060,T0060,No,,,,490,100.0,490,94.0,461,Yes,2025_master
EV-01196,2025,2025-08-03,AB T91,AB,T0091,T0091,No,,,,230,100.0,230,83.0,191,Yes,2025_master
EV-01197,2025,2025-08-03,AB T90,AB,T0090,T0090,No,,,,389,100.0,389,92.0,358,Yes,2025_master
EV-01198,2025,2025-08-03,AB T64,AB,T0064,T0064,No,,,,569,100.0,569,82.0,467,Yes,2025_master
EV-01199,2025,2025-08-03,Fli T82,Fli,T0082,T0082,No,,,,225,100.0,225,96.0,216,Yes,2025_master
EV-01200,2025,2025-08-03,Fli T70,Fli,T0070,T0070,No,,,,384,100.0,384,52.0,200,Yes,2025_master
EV-01201,2025,2025-08-04,AB T59,AB,T0059,T0059,No,,,,1416,100.0,1416,86.0,1218,Yes,2025_master
EV-01202,2025,2025-08-04,AB T42,AB,T0042,T0042,No,,,,1090,100.0,1090,85.0,926,Yes,2025_master
EV-01203,2025,2025-08-04,AB T61,AB,T0061,T0061,No,,,,1866,100.0,1866,85.0,1586,Yes,2025_master
EV-01204,2025,2025-08-04,AB T80,AB,T0080,T0080,No,,,,1029,100.0,1029,83.0,854,Yes,2025_master
EV-01205,2025,2025-08-04,AB T81,AB,T0081,T0081,No,,,,203,100.0,203,83.0,168,Yes,2025_master
EV-01206,2025,2025-08-04,AB T95 (F) x ABT93 (M),AB,T0095;T0093,T0095,No,,,,153,100.0,153,80.0,122,Yes,2025_master
EV-01207,2025,2025-08-05,AB T56,AB,T0056,T0056,No,,,,1010,100.0,1010,89.0,899,Yes,2025_master
EV-01208,2025,2025-08-05,Fli T72,Fli,T0072,T0072,No,,,,590,100.0,590,84.0,496,Yes,2025_master
EV-01209,2025,2025-08-05,Gata T73,Gata,T0073,T0073,No,,,,487,100.0,487,99.0,482,Yes,2025_master
EV-01210,2025,2025-08-05,AB T65,AB,T0065,T0065,No,,,,0,0.0,0,0.0,0,No,2025_master
EV-01211,2025,2025-08-05,Gata T73 (F) x Gata T49 (M),Gata,T0073;T0049,T0073,No,,,,0,0.0,0,0.0,0,No,2025_master
EV-01212,2025,2025-08-05,Gata T49 (M) x AB T56 (F),AB,T0049;T0056,T0049,No,,,,0,0.0,0,0.0,0,No,2025_master
EV-01213,2025,2025-08-09,AB T57,AB,T0057,T0057,No,,,,1068,100.0,1068,82.0,876,Yes,2025_master
EV-01214,2025,2025-08-09,AB T42,AB,T0042,T0042,No,,,,819,100.0,819,90.0,737,Yes,2025_master
EV-01215,2025,2025-08-09,AB T91,AB,T0091,T0091,No,,,,239,100.0,239,93.0,222,Yes,2025_master
EV-01216,2025,2025-08-09,AB T90,AB,T0090,T0090,No,,,,332,100.0,332,94.5,314,Yes,2025_master
EV-01217,2025,2025-08-09,AB T62,AB,T0062,T0062,No,,,,157,100.0,157,71.0,111,Yes,2025_master
EV-01218,2025,2025-08-10,AB T64,AB,T0064,T0064,No,,,,1275,100.0,1275,81.0,1033,Yes,2025_master
EV-01219,2025,2025-08-10,AB T59,AB,T0059,T0059,No,,,,1016,100.0,1016,81.0,823,Yes,2025_master
EV-01220,2025,2025-08-10,AB T61,AB,T0061,T0061,No,,,,452,100.0,452,76.0,344,Yes,2025_master
EV-01221,2025,2025-08-10,AB T43,AB,T0043,T0043,No,,,,273,100.0,273,88.0,240,Yes,2025_master
EV-01222,2025,2025-08-10,AB T60,AB,T0060,T0060,No,,,,357,100.0,357,97.0,346,Yes,2025_master
EV-01223,2025,2025-08-11,AB T86,AB,T0086,T0086,No,,,,933,100.0,933,82.0,765,Yes,2025_master
EV-01224,2025,2025-08-11,AB T76,AB,T0076,T0076,No,,,,714,100.0,714,85.0,607,Yes,2025_master
EV-01225,2025,2025-08-11,AB T74,AB,T0074,T0074,No,,,,629,100.0,629,83.0,522,Yes,2025_master
EV-01226,2025,2025-08-11,AB T87,AB,T0087,T0087,No,,,,1063,100.0,1063,87.0,925,Yes,2025_master
EV-01227,2025,2025-08-11,AB T57,AB,T0057,T0057,No,,,,76,100.0,76,64.0,49,Yes,2025_master
EV-01228,2025,2025-08-11,AB T95 (F) x AB T93 (M),AB,T0095;T0093,T0095,No,,,,140,100.0,140,90.0,126,Yes,2025_master
EV-01229,2025,2025-08-11,AB T75,AB,T0075,T0075,No,,,,249,100.0,249,95.0,237,Yes,2025_master
EV-01230,2025,2025-08-12,Fli T72,Fli,T0072,T0072,No,,,,175,100.0,175,80.0,140,Yes,2025_master
EV-01231,2025,2025-08-12,Fli T70,Fli,T0070,T0070,No,,,,196,100.0,196,82.0,161,Yes,2025_master
EV-01232,2025,2025-08-12,AB T82,AB,T0082,T0082,No,,,,137,100.0,137,83.0,114,Yes,2025_master
EV-01233,2025,2025-08-12,AB T80,AB,T0080,T0080,No,,,,698,100.0,698,69.0,482,Yes,2025_master
EV-01234,2025,2025-08-12,AB T81,AB,T0081,T0081,No,,,,0,0.0,0,0.0,0,No,2025_master
EV-01235,2025,2025-08-12,Gata T73,Gata,T0073,T0073,No,,,,344,100.0,344,95.0,327,Yes,2025_master
EV-01236,2025,2025-08-12,Gata T73 (F) x Gata T49 (M),Gata,T0073;T0049,T0073,No,,,,0,0.0,0,0.0,0,No,2025_master
EV-01237,2025,2025-08-13,AB T56,AB,T0056,T0056,No,,,,1169,100.0,1169,81.0,947,Yes,2025_master
EV-01238,2025,2025-08-13,AB T65,AB,T0065,T0065,No,,,,0,0.0,0,0.0,0,No,2025_master
EV-01239,2025,2025-08-13,Fli T52,Fli,T0052,T0052,No,,,,204,100.0,204,83.0,169,Yes,2025_master
EV-01240,2025,2025-08-13,Fli T54,Fli,T0054,T0054,No,,,,1299,100.0,1299,79.0,1026,Yes,2025_master
EV-01241,2025,2025-08-17,AB T75,AB,T0075,T0075,No,,,,1029,100.0,1029,90.81,934,Yes,2025_master
EV-01242,2025,2025-08-17,AB T90,AB,T0090,T0090,No,,,,711,100.0,711,78.0,555,Yes,2025_master
EV-01243,2025,2025-08-17,AB T91,AB,T0091,T0091,No,,,,278,100.0,278,95.6,266,Yes,2025_master
EV-01244,2025,2025-08-17,AB T75 (F) x AB T76 (M),AB,T0075;T0076,T0075,No,,,,562,100.0,562,82.9,466,Yes,2025_master
EV-01245,2025,2025-08-17,AB T95 (F) x AB T93 (M),AB,T0095;T0093,T0095,No,,,,214,100.0,214,91.4,196,Yes,2025_master
EV-01246,2025,2025-08-17,AB T87,AB,T0087,T0087,No,,,,692,100.0,692,85.9,594,Yes,2025_master
EV-01247,2025,2025-08-18,AB T90,AB,T0090,T0090,No,,,,0,0.0,0,81.0,0,No,2025_master
EV-01248,2025,2025-08-18,AB T91,AB,T0091,T0091,No,,,,271,100.0,271,81.0,220,Yes,2025_master
EV-01249,2025,2025-08-18,AB T93 (F) x AB T95 (M),AB,T0093;T0095,T0093,No,,,,0,0.0,0,0.0,0,No,2025_master
EV-01250,2025,2025-08-18,AB T81,AB,T0081,T0081,No,,,,287,100.0,287,96.0,276,Yes,2025_master
EV-01251,2025,2025-08-18,AB T80,AB,T0080,T0080,No,,,,516,100.0,516,81.0,418,Yes,2025_master
EV-01252,2025,2025-08-18,AB T64,AB,T0064,T0064,No,,,,726,100.0,726,85.0,617,Yes,2025_master
EV-01253,2025,2025-08-18,AB T86,AB,T0086,T0086,No,,,,670,100.0,670,89.0,596,Yes,2025_master
EV-01254,2025,2025-08-18,AB T61,AB,T0061,T0061,No,,,,1492,100.0,1492,90.0,1343,Yes,2025_master
EV-01255,2025,2025-08-19,Fli T72,Fli,T0072,T0072,No,,,,67,100.0,67,67.0,45,Yes,2025_master
EV-01256,2025,2025-08-19,Gata T73,Gata,T0073,T0073,No,,,,171,100.0,171,95.0,162,Yes,2025_master
EV-01257,2025,2025-08-19,AB T56,AB,T0056,T0056,No,,,,432,100.0,432,88.0,380,Yes,2025_master
EV-01258,2025,2025-08-19,AB T56 (F) x Gata T49 (M),AB,T0056;T0049,T0056,No,,,,0,0.0,0,0.0,0,No,2025_master
EV-01259,2025,2025-08-19,Gata T49 (M) x Gata T73 (F),Gata,T0049;T0073,T0049,No,,,,0,0.0,0,0.0,0,No,2025_master
EV-01260,2025,2025-08-20,AB T74,AB,T0074,T0074,No,,,,1181,100.0,1181,90.0,1063,Yes,2025_master
EV-01261,2025,2025-08-20,AB T57,AB,T0057,T0057,No,,,,402,100.0,402,68.0,273,Yes,2025_master
EV-01262,2025,2025-08-20,AB T62,AB,T0062,T0062,No,,,,301,100.0,301,95.0,286,Yes,2025_master
EV-01263,2025,2025-08-21,AB T42,AB,T0042,T0042,No,,,,799,100.0,799,94.1,752,Yes,2025_master
EV-01264,2025,2025-08-21,AB T59,AB,T0059,T0059,No,,,,826,100.0,826,93.9,776,Yes,2025_master
EV-01265,2025,2025-08-23,AB T75,AB,T0075,T0075,No,,,,881,100.0,881,88.0,775,Yes,2025_master
EV-01266,2025,2025-08-23,AB T74,AB,T0074,T0074,No,,,,1218,100.0,1218,93.0,1133,Yes,2025_master
EV-01267,2025,2025-08-23,AB T76,AB,T0076,T0076,No,,,,176,100.0,176,59.0,104,Yes,2025_master
EV-01268,2025,2025-08-23,AB T91,AB,T0091,T0091,No,,,,0,0.0,0,0.0,0,No,2025_master
EV-01269,2025,2025-08-24,AB T64,AB,T0064,T0064,No,,,,1028,100.0,1028,78.0,802,Yes,2025_master
EV-01270,2025,2025-08-24,AB T90,AB,T0090,T0090,No,,,,382,100.0,382,87.0,332,Yes,2025_master
EV-01271,2025,2025-08-24,AB T59,AB,T0059,T0059,No,,,,205,100.0,205,83.0,170,Yes,2025_master
EV-01272,2025,2025-08-24,AB T92,AB,T0092,T0092,No,,,,353,100.0,353,80.0,282,Yes,2025_master
EV-01273,2025,2025-08-25,AB T60,AB,T0060,T0060,No,,,,893,100.0,893,86.0,768,Yes,2025_master
EV-01274,2025,2025-08-25,AB T62,AB,T0062,T0062,No,,,,702,100.0,702,84.0,590,Yes,2025_master
EV-01275,2025,2025-08-25,AB T43,AB,T0043,T0043,No,,,,650,100.0,650,73.0,474,Yes,2025_master
EV-01276,2025,2025-08-25,Fli T70,Fli,T0070,T0070,No,,,,343,100.0,343,55.0,189,Yes,2025_master
EV-01277,2025,2025-08-25,Fli T82,Fli,T0082,T0082,No,,,,162,100.0,162,86.0,139,Yes,2025_master
EV-01278,2025,2025-08-26,AB T81,AB,T0081,T0081,No,,,,114,100.0,114,92.0,105,Yes,2025_master
EV-01279,2025,2025-08-26,AB T80,AB,T0080,T0080,No,,,,763,106.0,808,78.0,630,Yes,2025_master
EV-01280,2025,2025-08-26,AB T87,AB,T0087,T0087,No,,,,641,100.0,641,82.0,526,Yes,2025_master
EV-01281,2025,2025-08-26,AB T95 (F) x AB T93 (M),AB,T0095;T0093,T0095,No,,,,241,100.0,241,85.0,205,Yes,2025_master
EV-01282,2025,2025-08-30,AB T42,AB,T0042,T0042,No,,,,687,100.0,687,80.0,550,Yes,2025_master
EV-01283,2025,2025-08-30,AB T59,AB,T0059,T0059,No,,,,995,100.0,995,90.3,898,Yes,2025_master
EV-01284,2025,2025-08-30,AB T62,AB,T0062,T0062,No,,,,684,100.0,684,82.0,561,Yes,2025_master
EV-01285,2025,2025-08-30,AB T90,AB,T0090,T0090,No,,,,609,100.0,609,85.5,521,Yes,2025_master
EV-01286,2025,2025-08-30,AB T74,AB,T0074,T0074,No,,,,437,100.0,437,73.3,320,Yes,2025_master
EV-01287,2025,2025-08-31,AB T61,AB,T0061,T0061,No,,,,2047,100.0,2047,84.5,1730,Yes,2025_master
EV-01288,2025,2025-08-31,AB T64,AB,T0064,T0064,No,,,,142,100.0,142,59.0,84,Yes,2025_master
EV-01289,2025,2025-08-31,AB T86,AB,T0086,T0086,No,,,,214,100.0,214,86.0,184,Yes,2025_master
EV-01290,2025,2025-08-31,AB T60,AB,T0060,T0060,No,,,,309,100.0,309,85.0,263,Yes,2025_master
EV-01291,2025,2025-08-31,AB T91,AB,T0091,T0091,No,,,,163,100.0,163,77.0,126,Yes,2025_master
EV-01292,2025,2025-08-31,AB T43,AB,T0043,T0043,No,,,,615,100.0,615,85.0,523,Yes,2025_master
EV-01293,2025,2025-09-01,Fli T52,Fli,T0052,T0052,No,,,,10,0.0,0,0.0,0,No,2025_master
EV-01294,2025,2025-09-01,Fli T54,Fli,T0054,T0054,No,,,,781,100.0,781,60.0,469,Yes,2025_master
EV-01295,2025,2025-09-01,AB T86,AB,T0086,T0086,No,,,,1417,100.0,1417,87.0,1233,Yes,2025_master
EV-01296,2025,2025-09-01,AB T75,AB,T0075,T0075,No,,,,1940,100.0,1940,85.0,1649,Yes,2025_master
EV-01297,2025,2025-09-01,Fli T82,Fli,T0082,T0082,No,,,,348,100.0,348,91.0,317,Yes,2025_master
EV-01298,2025,2025-09-01,Fli T70,Fli,T0070,T0070,No,,,,233,100.0,233,39.0,91,Yes,2025_master
EV-01299,2025,2025-09-01,Gata T73,Gata,T0073,T0073,No,,,,0,0.0,0,0.0,0,No,2025_master
EV-01300,2025,2025-09-01,Gata T73 (F) x Gata T49 (M),Gata,T0073;T0049,T0073,No,,,,0,0.0,0,0.0,0,No,2025_master
EV-01301,2025,2025-09-01,Gata T20 (F) x Gata T21 (M),Gata,T0020;T0021,T0020,No,,,,0,0.0,0,0.0,0,No,2025_master
EV-01302,2025,2025-09-01,Fli T72,Fli,T0072,T0072,No,,,,0,0.0,0,0.0,0,No,2025_master
EV-01303,2025,2025-09-02,AB T95 (F) x AB T93 (M),AB,T0095;T0093,T0095,No,,,,828,100.0,828,90.0,745,Yes,2025_master
EV-01304,2025,2025-09-02,AB T81,AB,T0081,T0081,No,,,,489,100.0,489,82.0,401,Yes,2025_master
EV-01305,2025,2025-09-02,AB T80,AB,T0080,T0080,No,,,,520,100.0,520,84.0,437,Yes,2025_master
EV-01306,2025,2025-09-02,AB T59,AB,T0059,T0059,No,,,,783,100.0,783,85.0,666,Yes,2025_master
EV-01307,2025,2025-09-02,AB T57,AB,T0057,T0057,No,,,,1003,100.0,1003,78.0,782,Yes,2025_master
EV-01308,2025,2025-09-02,AB T76,AB,T0076,T0076,No,,,,383,100.0,383,91.0,349,Yes,2025_master
EV-01309,2025,2025-09-02,AB T56,AB,T0056,T0056,No,,,,705,100.0,705,77.0,543,Yes,2025_master
EV-01310,2025,2025-09-02,AB T56 (F) x Gata T49 (M),AB,T0056;T0049,T0056,No,,,,0,0.0,0,0.0,0,No,2025_master
EV-01311,2025,2025-09-06,AB T42,AB,T0042,T0042,No,,,,838,100.0,838,78.0,654,Yes,2025_master
EV-01312,2025,2025-09-06,AB T74,AB,T0074,T0074,No,,,,1006,100.0,1006,85.0,855,Yes,2025_master
EV-01313,2025,2025-09-06,AB T59,AB,T0059,T0059,No,,,,402,100.0,402,86.0,346,Yes,2025_master
EV-01314,2025,2025-09-07,AB T42,AB,T0042,T0042,No,,,,838,100.0,838,78.0,654,Yes,2025_master
EV-01315,2025,2025-09-07,AB T74,AB,T0074,T0074,No,,,,626,100.0,626,85.0,532,Yes,2025_master
EV-01316,2025,2025-09-07,AB T59,AB,T0059,T0059,No,,,,402,100.0,402,86.0,346,Yes,2025_master
EV-01317,2025,2025-09-08,AB T90,AB,T0090,T0090,No,,,,159,100.0,159,96.0,153,Yes,2025_master
EV-01318,2025,2025-09-08,AB T91,AB,T0091,T0091,No,,,,316,100.0,316,71.0,224,Yes,2025_master
EV-01319,2025,2025-09-08,AB T60,AB,T0060,T0060,No,,,,578,100.0,578,86.0,497,Yes,2025_master
EV-01320,2025,2025-09-08,AB T62,AB,T0062,T0062,No,,,,140,100.0,140,95.0,133,Yes,2025_master
EV-01321,2025,2025-09-08,Fli T70,Fli,T0070,T0070,No,,,,94,100.0,94,37.0,35,Yes,2025_master
EV-01322,2025,2025-09-08,Fli T82,Fli,T0082,T0082,No,,,,0,0.0,0,0.0,0,No,2025_master
EV-01323,2025,2025-09-08,AB T43,AB,T0043,T0043,No,,,,325,100.0,325,92.0,299,Yes,2025_master
EV-01324,2025,2025-09-09,AB T56,AB,T0056,T0056,No,,,,603,100.0,603,61.0,368,Yes,2025_master
EV-01325,2025,2025-09-09,Fli T54,Fli,T0054,T0054,No,,,,1333,100.0,1333,55.4,738,Yes,2025_master
EV-01326,2025,2025-09-09,Fli T72,Fli,T0072,T0072,No,,,,581,100.0,581,70.0,407,Yes,2025_master
EV-01327,2025,2025-09-09,Fli T52,Fli,T0052,T0052,No,,,,0,0.0,0,0.0,0,No,2025_master
EV-01328,2025,2025-09-09,Gata T73,Gata,T0073,T0073,No,,,,0,0.0,0,0.0,0,No,2025_master
EV-01329,2025,2025-09-09,Gata T73 (F) x Gata T49 (M),Gata,T0073;T0049,T0073,No,,,,0,0.0,0,0.0,0,No,2025_master
EV-01330,2025,2025-09-09,Gata T49 (M) x ABT56 (F),AB,T0049;T0056,T0049,No,,,,0,0.0,0,0.0,0,No,2025_master
EV-01331,2025,2025-09-09,AB T65,AB,T0065,T0065,No,,,,0,0.0,0,0.0,0,No,2025_master
EV-01332,2025,2025-09-10,AB T80,AB,T0080,T0080,No,,,,772,100.0,772,75.5,583,Yes,2025_master
EV-01333,2025,2025-09-10,AB T81,AB,T0081,T0081,No,,,,102,100.0,102,90.0,92,Yes,2025_master
EV-01334,2025,2025-09-10,AB T95 (F) x AB T93 (M),AB,T0095;T0093,T0095,No,,,,534,100.0,534,83.0,443,Yes,2025_master
EV-01335,2025,2025-09-11,AB T76,AB,T0076,T0076,No,,,,79,100.0,79,86.0,68,Yes,2025_master
EV-01336,2025,2025-09-11,AB T57,AB,T0057,T0057,No,,,,824,100.0,824,82.0,676,Yes,2025_master
EV-01337,2025,2025-09-11,AB T75 (F) x AB T57 (M),AB,T0075;T0057,T0075,No,,,,497,100.0,497,82.0,408,Yes,2025_master
EV-01338,2025,2025-09-11,AB T75,AB,T0075,T0075,No,,,,470,100.0,470,91.0,428,Yes,2025_master
EV-01339,2025,2025-09-11,AB T86,AB,T0086,T0086,No,,,,504,100.0,504,73.0,368,Yes,2025_master
EV-01340,2025,2025-09-11,AB T87,AB,T0087,T0087,No,,,,508,100.0,508,84.0,427,Yes,2025_master
EV-01341,2025,2025-09-11,Cas T69,Casper,T0069,T0069,No,,,,1518,95.7,1452,82.0,1191,Yes,2025_master
EV-01342,2025,2025-09-14,AB T64,AB,T0064,T0064,No,,,,1680,100.0,1680,68.0,1142,Yes,2025_master
EV-01343,2025,2025-09-14,AB T62,AB,T0062,T0062,No,,,,862,100.0,862,79.0,681,Yes,2025_master
EV-01344,2025,2025-09-14,AB T60,AB,T0060,T0060,No,,,,109,100.0,109,75.0,82,Yes,2025_master
EV-01345,2025,2025-09-14,AB T90,AB,T0090,T0090,No,,,,584,100.0,584,92.0,537,Yes,2025_master
EV-01346,2025,2025-09-14,AB T43,AB,T0043,T0043,No,,,,101,100.0,101,92.0,93,Yes,2025_master
EV-01347,2025,2025-09-14,AB T91,AB,T0091,T0091,No,,,,137,100.0,137,94.0,129,Yes,2025_master
EV-01348,2025,2025-09-15,AB T74,AB,T0074,T0074,No,,,,1088,100.0,1088,91.0,990,Yes,2025_master
EV-01349,2025,2025-09-15,AB T59,AB,T0059,T0059,No,,,,970,100.0,970,86.0,834,Yes,2025_master
EV-01350,2025,2025-09-15,AB T61,AB,T0061,T0061,No,,,,2340,99.4,2325,75.0,1744,Yes,2025_master
EV-01351,2025,2025-09-15,AB T75,AB,T0075,T0075,No,,,,1433,100.0,1433,90.0,1290,Yes,2025_master
EV-01352,2025,2025-09-16,Fli T82,Fli,T0082,T0082,No,,,,202,100.0,202,90.0,182,Yes,2025_master
EV-01353,2025,2025-09-16,Fli T70,Fli,T0070,T0070,No,,,,130,100.0,130,52.0,68,Yes,2025_master
EV-01354,2025,2025-09-16,AB T42,AB,T0042,T0042,No,,,,540,100.0,540,81.0,437,Yes,2025_master
EV-01355,2025,2025-09-16,AB T76,AB,T0076,T0076,No,,,,186,100.0,186,90.0,167,Yes,2025_master
EV-01356,2025,2025-09-16,AB T86,AB,T0086,T0086,No,,,,1193,100.0,1193,88.0,1050,Yes,2025_master
EV-01357,2025,2025-09-17,AB T56,AB,T0056,T0056,No,,,,845,100.0,845,81.0,684,Yes,2025_master
EV-01358,2025,2025-09-17,Fli T52,Fli,T0052,T0052,No,,,,213,100.0,213,69.0,147,Yes,2025_master
EV-01359,2025,2025-09-17,Fli T54,Fli,T0054,T0054,No,,,,843,100.0,843,52.0,438,Yes,2025_master
EV-01360,2025,2025-09-17,Fli T72,Fli,T0072,T0072,No,,,,405,100.0,405,57.0,231,Yes,2025_master
EV-01361,2025,2025-09-17,Gata T73,Gata,T0073,T0073,No,,,,424,100.0,424,99.7,423,Yes,2025_master
EV-01362,2025,2025-09-17,Gata T73 (F) x Gata T49 (M),Gata,T0073;T0049,T0073,No,,,,0,0.0,0,0.0,0,No,2025_master
EV-01363,2025,2025-09-17,Gata T49 (M) x AB T56 (F),AB,T0049;T0056,T0049,No,,,,0,0.0,0,0.0,0,No,2025_master
EV-01364,2025,2025-09-18,AB T57,AB,T0057,T0057,No,,,,925,100.0,925,93.3,863,Yes,2025_master
EV-01365,2025,2025-09-18,AB T87,AB,T0087,T0087,No,,,,266,100.0,266,93.6,249,Yes,2025_master
EV-01366,2025,2025-09-18,AB T81,AB,T0081,T0081,No,,,,305,100.0,305,92.7,283,Yes,2025_master
EV-01367,2025,2025-09-18,AB T96,AB,T0096,T0096,No,,,,191,100.0,191,94.2,180,Yes,2025_master
EV-01368,2025,2025-09-21,AB T64,AB,T0064,T0064,No,,,,514,100.0,514,69.4,357,Yes,2025_master
EV-01369,2025,2025-09-21,AB T62,AB,T0062,T0062,No,,,,740,100.0,740,79.6,589,Yes,2025_master
EV-01370,2025,2025-09-21,AB T43,AB,T0043,T0043,No,,,,129,100.0,129,94.0,121,Yes,2025_master
EV-01371,2025,2025-09-21,AB T90,AB,T0090,T0090,No,,,,258,100.0,258,90.0,232,Yes,2025_master
EV-01372,2025,2025-09-21,AB T91,AB,T0091,T0091,No,,,,230,100.0,230,94.12,216,Yes,2025_master
EV-01373,2025,2025-09-21,AB T60,AB,T0060,T0060,No,,,,218,100.0,218,80.0,174,Yes,2025_master
EV-01374,2025,2025-09-22,AB T75,AB,T0075,T0075,No,,,,1201,100.0,1201,87.3,1048,Yes,2025_master
EV-01375,2025,2025-09-22,AB T61,AB,T0061,T0061,No,,,,1565,100.0,1565,79.2,1239,Yes,2025_master
EV-01376,2025,2025-09-22,AB T42,AB,T0042,T0042,No,,,,1149,100.0,1149,73.0,839,Yes,2025_master
EV-01377,2025,2025-09-23,AB T80,AB,T0080,T0080,No,,,,990,100.0,990,81.0,802,Yes,2025_master
EV-01378,2025,2025-09-23,AB T81,AB,T0081,T0081,No,,,,519,100.0,519,89.0,462,Yes,2025_master
EV-01379,2025,2025-09-23,Fli T82,Fli,T0082,T0082,No,,,,589,100.0,589,97.0,571,Yes,2025_master
EV-01380,2025,2025-09-23,AB T97,AB,T0097,T0097,No,,,,148,100.0,148,62.0,92,Yes,2025_master
EV-01381,2025,2025-09-23,Fli T70,Fli,T0070,T0070,No,,,,369,100.0,369,61.0,225,Yes,2025_master
EV-01382,2025,2025-09-23,AB T93 (M) x AB T95 (F),AB,T0093;T0095,T0093,No,,,,628,100.0,628,97.0,609,Yes,2025_master
EV-01383,2025,2025-09-24,Fli T52,Fli,T0052,T0052,No,,,,389,100.0,389,68.0,265,Yes,2025_master
EV-01384,2025,2025-09-24,Fli T54,Fli,T0054,T0054,No,,,,552,100.0,552,59.0,326,Yes,2025_master
EV-01385,2025,2025-09-24,Gata T49 (M) x AB T56 (F),AB,T0049;T0056,T0049,No,,,,721,100.0,721,95.0,685,Yes,2025_master
EV-01386,2025,2025-09-24,Gata T73 (F) x AB T56 (M),AB,T0073;T0056,T0073,No,,,,365,100.0,365,97.0,354,Yes,2025_master
EV-01387,2025,2025-09-28,AB T61,AB,T0061,T0061,No,,,,1032,100.0,1032,92.0,949,Yes,2025_master
EV-01388,2025,2025-09-28,AB T43,AB,T0043,T0043,No,,,,444,100.0,444,87.0,386,Yes,2025_master
EV-01389,2025,2025-09-28,AB T91,AB,T0091,T0091,No,,,,113,100.0,113,96.0,108,Yes,2025_master
EV-01390,2025,2025-09-29,AB T56,AB,T0056,T0056,No,,,,503,100.0,503,91.0,458,Yes,2025_master
EV-01391,2025,2025-09-29,Fli T70,Fli,T0070,T0070,No,,,,187,100.0,187,63.0,118,Yes,2025_master
EV-01392,2025,2025-09-29,Fli T82,Fli,T0082,T0082,No,,,,483,100.0,483,82.0,396,Yes,2025_master
EV-01393,2025,2025-09-29,Gata T49 (M) x AB T56 (F),AB,T0049;T0056,T0049,No,,,,244,100.0,244,94.0,229,Yes,2025_master
EV-01394,2025,2025-09-29,AB T87,AB,T0087,T0087,No,,,,664,100.0,664,79.0,525,Yes,2025_master
EV-01395,2025,2025-09-29,AB T60,AB,T0060,T0060,No,,,,478,100.0,478,90.0,430,Yes,2025_master
EV-01396,2025,2025-09-29,AB T57,AB,T0057,T0057,No,,,,1198,100.0,1198,90.0,1078,Yes,2025_master
EV-01397,2025,2025-09-30,AB T76,AB,T0076,T0076,No,,,,415,100.0,415,74.9,311,Yes,2025_master
EV-01398,2025,2025-09-30,AB T62,AB,T0062,T0062,No,,,,412,100.0,412,89.0,367,Yes,2025_master
EV-01399,2025,2025-09-30,AB T75,AB,T0075,T0075,No,,,,1088,100.0,1088,93.0,1012,Yes,2025_master
EV-01400,2025,2025-09-30,AB T64,AB,T0064,T0064,No,,,,624,100.0,624,87.0,543,Yes,2025_master
EV-01401,2025,2025-09-30,AB T42,AB,T0042,T0042,No,,,,824,100.0,824,76.0,626,Yes,2025_master
EV-01402,2025,2025-10-01,Gata T49 (M) x Gata T73 (F),Gata,T0049;T0073,T0049,No,,,,18,44.0,7,0.0,0,No,2025_master
EV-01403,2025,2025-10-01,Gata T49 (M) x AB T65 (F),AB,T0049;T0065,T0049,No,,,,376,100.0,376,99.7,375,Yes,2025_master
EV-01404,2025,2025-10-01,Fli T54,Fli,T0054,T0054,No,,,,788,94.0,740,43.0,318,Yes,2025_master
EV-01405,2025,2025-10-01,Fli T52,Fli,T0052,T0052,No,,,,156,100.0,156,56.0,87,Yes,2025_master
EV-01406,2025,2025-10-01,Gata T73,Gata,T0073,T0073,No,,,,199,100.0,199,16.0,32,Yes,2025_master
EV-01407,2025,2025-10-01,Fli T72,Fli,T0072,T0072,No,,,,425,100.0,425,79.0,336,Yes,2025_master
EV-01408,2025,2025-10-02,AB T91 (M) x AB T95 (F),AB,T0091;T0095,T0091,No,,,,356,100.0,356,93.0,331,Yes,2025_master
EV-01409,2025,2025-10-02,AB T81,AB,T0081,T0081,No,,,,306,100.0,306,90.0,275,Yes,2025_master
EV-01410,2025,2025-10-02,AB T80,AB,T0080,T0080,No,,,,721,100.0,721,87.0,627,Yes,2025_master
EV-01411,2025,2025-10-02,AB T97,AB,T0097,T0097,No,,,,155,100.0,155,65.0,101,Yes,2025_master
EV-01412,2025,2025-10-04,AB T87,AB,T0087,T0087,Yes,,,,423,100.0,423,73.0,309,Yes,2025_master
EV-01413,2025,2025-10-04,AB T57,AB,T0057,T0057,Yes,,,,912,100.0,912,84.5,771,Yes,2025_master
EV-01414,2025,2025-10-04,AB T43,AB,T0043,T0043,No,,,,364,100.0,364,84.0,306,Yes,2025_master
EV-01415,2025,2025-10-04,AB T75 (F) x AB T95 (M),AB,T0075;T0095,T0075,No,,,,410,100.0,410,93.0,381,Yes,2025_master
EV-01416,2025,2025-10-04,AB T75,AB,T0075,T0075,No,,,,1433,100.0,1433,94.0,1347,Yes,2025_master
EV-01417,2025,2025-10-04,AB T91,AB,T0091,T0091,No,,,,603,100.0,603,72.0,434,Yes,2025_master
EV-01418,2025,2025-10-04,Fli T82,Fli,T0082,T0082,No,,,,717,100.0,717,71.03,509,Yes,2025_master
EV-01419,2025,2025-10-04,Gata T101,Gata,T0101,T0101,No,,,,181,100.0,181,93.92,170,Yes,2025_master
EV-01420,2025,2025-10-04,AB T61,AB,T0061,T0061,No,,,,969,100.0,969,69.0,669,Yes,2025_master
EV-01421,2025,2025-10-04,Gata T101 x AB T93 (M),AB,T0101;T0093,T0101,No,,,,0,0.0,0,0.0,0,No,2025_master
EV-01422,2025,2025-10-05,AB T60,AB,T0060,T0060,No,,,,343,100.0,343,86.0,295,Yes,2025_master
EV-01423,2025,2025-10-05,AB T64,AB,T0064,T0064,No,,,,1317,100.0,1317,80.0,1054,Yes,2025_master
EV-01424,2025,2025-10-05,AB T42,AB,T0042,T0042,No,,,,946,100.0,946,86.1,815,Yes,2025_master
EV-01425,2025,2025-10-05,AB T76,AB,T0076,T0076,No,,,,652,100.0,652,89.8,585,Yes,2025_master
EV-01426,2025,2025-10-05,AB T90,AB,T0090,T0090,No,,,,421,100.0,421,93.8,395,Yes,2025_master
EV-01427,2025,2025-10-06,AB T93 (M) x AB T95 (F),AB,T0093;T0095,T0093,No,,,,677,100.0,677,93.79,635,Yes,2025_master
EV-01428,2025,2025-10-06,AB T80,AB,T0080,T0080,No,,,,292,100.0,292,84.93,248,Yes,2025_master
EV-01429,2025,2025-10-06,AB T81,AB,T0081,T0081,No,,,,513,100.0,513,92.9,477,Yes,2025_master
EV-01430,2025,2025-10-06,AB T59,AB,T0059,T0059,No,,,,769,100.0,769,60.0,461,Yes,2025_master
EV-01431,2025,2025-10-07,AB T96,AB,T0096,T0096,Yes,,,,578,100.0,578,97.0,561,Yes,2025_master
EV-01432,2025,2025-10-07,AB T86,AB,T0086,T0086,Yes,,,,2849,99.7,2840,93.9,2667,Yes,2025_master
EV-01433,2025,2025-10-07,AB T59,AB,T0059,T0059,Yes,,,,1225,99.5,1218,94.0,1145,Yes,2025_master
EV-01434,2025,2025-10-08,AB T62,AB,T0062,T0062,Yes,,,,80,100.0,80,86.25,69,Yes,2025_master
EV-01435,2025,2025-10-08,AB T89,AB,T0089,T0089,Yes,,,,232,100.0,232,89.22,207,Yes,2025_master
EV-01436,2025,2025-10-08,AB T94,AB,T0094,T0094,Yes,,,,967,100.0,967,83.9,811,Yes,2025_master
EV-01437,2025,2025-10-11,AB T60,AB,T0060,T0060,No,,,,338,100.0,338,80.0,270,Yes,2025_master
EV-01438,2025,2025-10-11,AB T90,AB,T0090,T0090,No,,,,330,100.0,330,80.0,264,Yes,2025_master
EV-01439,2025,2025-10-11,AB T43,AB,T0043,T0043,No,,,,464,100.0,464,90.0,418,Yes,2025_master
EV-01440,2025,2025-10-11,AB T75,AB,T0075,T0075,No,,,,1588,100.0,1588,78.0,1239,Yes,2025_master
EV-01441,2025,2025-10-11,AB T76,AB,T0076,T0076,No,,,,523,100.0,523,78.0,408,Yes,2025_master
EV-01442,2025,2025-10-12,AB T86,AB,T0086,T0086,No,,,,1107,100.0,1107,89.0,985,Yes,2025_master
EV-01443,2025,2025-10-12,AB T64,AB,T0064,T0064,No,,,,1049,100.0,1049,65.0,682,Yes,2025_master
EV-01444,2025,2025-10-12,AB T96,AB,T0096,T0096,No,,,,433,102.0,441,92.5,408,Yes,2025_master
EV-01445,2025,2025-10-12,Fli T70,Fli,T0070,T0070,No,,,,362,100.0,362,64.0,232,Yes,2025_master
EV-01446,2025,2025-10-13,Fli T54,Fli,T0054,T0054,No,,,,825,100.0,825,44.0,363,Yes,2025_master
EV-01447,2025,2025-10-13,Gata T73,Gata,T0073,T0073,No,,,,0,0.0,0,0.0,0,No,2025_master
EV-01448,2025,2025-10-13,Gata T73 (F) x Gata T49 (M),Gata,T0073;T0049,T0073,No,,,,1287,72.0,926,87.75,813,Yes,2025_master
EV-01449,2025,2025-10-13,Gata T49 (M) x AB T56 (F),AB,T0049;T0056,T0049,No,,,,0,0.0,0,0.0,0,No,2025_master
EV-01450,2025,2025-10-13,AB T56,AB,T0056,T0056,No,,,,490,100.0,490,81.0,397,Yes,2025_master
EV-01451,2025,2025-10-13,Fli T72,Fli,T0072,T0072,No,,,,69,100.0,69,76.0,52,Yes,2025_master
EV-01452,2025,2025-10-14,AB T97,AB,T0097,T0097,No,,,,189,100.0,189,93.6,177,Yes,2025_master
EV-01453,2025,2025-10-14,AB T97 (F) x AB T93 (M),AB,T0097;T0093,T0097,No,,,,0,0.0,0,0.0,0,No,2025_master
EV-01454,2025,2025-10-14,AB T80,AB,T0080,T0080,No,,,,612,100.0,612,91.0,557,Yes,2025_master
EV-01455,2025,2025-10-14,AB T81,AB,T0081,T0081,No,,,,674,100.0,674,88.7,598,Yes,2025_master
EV-01456,2025,2025-10-14,AB T74,AB,T0074,T0074,No,,,,1170,100.0,1170,88.0,1030,Yes,2025_master
EV-01457,2025,2025-10-14,AB T57,AB,T0057,T0057,No,,,,1386,100.0,1386,83.0,1150,Yes,2025_master
EV-01458,2025,2025-10-14,AB T93 (M) x AB T95 (F),AB,T0093;T0095,T0093,No,,,,629,100.0,629,75.8,477,Yes,2025_master
EV-01459,2025,2025-10-15,AB T61,AB,T0061,T0061,No,,,,1626,100.0,1626,74.6,1213,Yes,2025_master
EV-01460,2025,2025-10-15,AB T42,AB,T0042,T0042,No,,,,934,100.0,934,83.0,775,Yes,2025_master
EV-01461,2025,2025-10-15,AB T59,AB,T0059,T0059,No,,,,1027,100.0,1027,78.8,809,Yes,2025_master
EV-01462,2025,2025-10-15,AB T91,AB,T0091,T0091,No,,,,457,100.0,457,93.0,425,Yes,2025_master
EV-01463,2025,2025-10-15,AB T87,AB,T0087,T0087,No,,,,587,100.0,587,83.6,491,Yes,2025_master
EV-01464,2025,2025-10-15,AB T62,AB,T0062,T0062,No,,,,522,100.0,522,71.0,371,Yes,2025_master
EV-01465,2025,2025-10-18,AB T75,AB,T0075,T0075,No,,,,2002,100.0,2002,90.0,1802,Yes,2025_master
EV-01466,2025,2025-10-18,AB T64,AB,T0064,T0064,No,,,,823,100.0,823,80.0,658,Yes,2025_master
EV-01467,2025,2025-10-19,AB T76,AB,T0076,T0076,No,,,,1089,100.0,1089,88.0,958,Yes,2025_master
EV-01468,2025,2025-10-19,AB T91,AB,T0091,T0091,No,,,,131,100.0,131,95.0,124,Yes,2025_master
EV-01469,2025,2025-10-19,AB T60,AB,T0060,T0060,No,,,,648,100.0,648,83.0,538,Yes,2025_master
EV-01470,2025,2025-10-19,AB T90,AB,T0090,T0090,No,,,,372,100.0,372,86.0,320,Yes,2025_master
EV-01471,2025,2025-10-19,Fli T82,Fli,T0082,T0082,No,,,,331,100.0,331,92.0,305,Yes,2025_master
EV-01472,2025,2025-10-19,Fli T70,Fli,T0070,T0070,No,,,,195,100.0,195,47.0,92,Yes,2025_master
EV-01473,2025,2025-10-19,Gata 101 (F) x AB T93 (M),AB,T0093,T0093,No,,,,470,100.0,470,75.9,357,Yes,2025_master
EV-01474,2025,2025-10-19,Gata 101,Gata,,,No,,,,260,100.0,260,96.0,250,Yes,2025_master
EV-01475,2025,2025-10-19,Fli T11 (M) x Fli T100 (F),Fli,T0011;T0100,T0011,No,,,,196,100.0,196,47.0,92,Yes,2025_master
EV-01476,2025,2025-10-20,AB T61,AB,T0061,T0061,No,,,,695,100.0,695,92.0,639,Yes,2025_master
EV-01477,2025,2025-10-20,AB T96,AB,T0096,T0096,No,,,,276,100.0,276,94.5,261,Yes,2025_master
EV-01478,2025,2025-10-20,AB T59,AB,T0059,T0059,No,,,,390,100.0,390,86.0,335,Yes,2025_master
EV-01479,2025,2025-10-20,Fli T11 (F) x AB 93 (M),AB,T0011,T0011,No,,,,192,100.0,192,73.0,140,Yes,2025_master
EV-01480,2025,2025-10-20,AB T42,AB,T0042,T0042,No,,,,1138,100.0,1138,84.7,964,Yes,2025_master
EV-01481,2025,2025-10-20,AB T86,AB,T0086,T0086,No,,,,1656,100.0,1656,90.0,1490,Yes,2025_master
EV-01482,2025,2025-10-20,AB T62,AB,T0062,T0062,No,,,,268,100.0,268,83.0,222,Yes,2025_master
EV-01483,2025,2025-10-21,AB T80,AB,T0080,T0080,No,,,,572,100.0,572,85.0,486,Yes,2025_master
EV-01484,2025,2025-10-21,AB T81,AB,T0081,T0081,No,,,,633,100.0,633,89.9,569,Yes,2025_master
EV-01485,2025,2025-10-21,AB T57,AB,T0057,T0057,No,,,,553,100.0,553,89.6,495,Yes,2025_master
EV-01486,2025,2025-10-21,AB T97,AB,T0097,T0097,No,,,,131,100.0,131,87.0,114,Yes,2025_master
EV-01487,2025,2025-10-21,AB T95 (F) x AB T93 (M),AB,T0095;T0093,T0095,No,,,,526,100.0,526,93.5,492,Yes,2025_master
EV-01488,2025,2025-10-22,AB T56,AB,T0056,T0056,No,,,,1096,100.0,1096,0.0,0,No,2025_master
EV-01489,2025,2025-10-22,AB T89,AB,T0089,T0089,No,,,,578,100.0,578,61.67,356,Yes,2025_master
EV-01490,2025,2025-10-22,AB T88,AB,T0088,T0088,No,,,,246,100.0,246,70.73,174,Yes,2025_master
EV-01491,2025,2025-10-22,AB T94,AB,T0094,T0094,No,,,,341,100.0,341,96.48,329,Yes,2025_master
EV-01492,2025,2025-10-22,Fli T54,Fli,T0054,T0054,No,,,,854,100.0,854,16.39,140,Yes,2025_master
EV-01493,2025,2025-10-22,Fli T72,Fli,T0072,T0072,No,,,,94,100.0,94,89.36,84,Yes,2025_master
EV-01494,2025,2025-10-22,Gata T49 (M) x Gata T73 (F),Gata,T0049;T0073,T0049,No,,,,705,100.0,705,96.17,678,Yes,2025_master
EV-01495,2025,2025-10-25,AB T86,AB,T0086,T0086,No,,,,946,100.0,946,87.5,828,Yes,2025_master
EV-01496,2025,2025-10-25,AB T96,AB,T0096,T0096,No,,,,553,100.0,553,89.0,492,Yes,2025_master
EV-01497,2025,2025-10-25,AB T61,AB,T0061,T0061,No,,,,1096,100.0,1096,82.0,899,Yes,2025_master
EV-01498,2025,2025-10-26,AB T60,AB,T0060,T0060,No,,,,622,100.0,622,83.6,520,Yes,2025_master
EV-01499,2025,2025-10-26,AB T75,AB,T0075,T0075,No,,,,894,100.0,894,95.35,852,Yes,2025_master
EV-01500,2025,2025-10-26,AB T91,AB,T0091,T0091,No,,,,388,100.0,388,92.5,359,Yes,2025_master
EV-01501,2025,2025-10-26,AB T43,AB,T0043,T0043,No,,,,533,100.0,533,81.6,435,Yes,2025_master
EV-01502,2025,2025-10-26,Fli T70,Fli,T0070,T0070,No,,,,267,100.0,267,49.0,131,Yes,2025_master
EV-01503,2025,2025-10-26,Fli T82,Fli,T0082,T0082,No,,,,312,100.0,312,96.0,300,Yes,2025_master
EV-01504,2025,2025-10-26,Gata T101,Gata,T0101,T0101,No,,,,213,100.0,213,78.8,168,Yes,2025_master
EV-01505,2025,2025-10-26,Gata T101(F) x AB T93(M),AB,T0101;T0093,T0101,No,,,,126,100.0,126,92.8,117,Yes,2025_master
EV-01506,2025,2025-10-27,AB T42,AB,T0042,T0042,No,,,,508,100.0,508,82.8,421,Yes,2025_master
EV-01507,2025,2025-10-27,AB T87,AB,T0087,T0087,No,,,,861,100.0,861,83.0,715,Yes,2025_master
EV-01508,2025,2025-10-27,AB T62,AB,T0062,T0062,No,,,,783,100.0,783,87.0,681,Yes,2025_master
EV-01509,2025,2025-10-27,AB T64,AB,T0064,T0064,No,,,,857,100.0,857,89.0,763,Yes,2025_master
EV-01510,2025,2025-10-27,AB T90,AB,T0090,T0090,No,,,,0,0.0,0,0.0,0,No,2025_master
EV-01511,2025,2025-10-28,AB T80,AB,T0080,T0080,No,,,,685,100.0,685,90.0,616,Yes,2025_master
EV-01512,2025,2025-10-28,AB T81,AB,T0081,T0081,No,,,,106,100.0,106,97.0,103,Yes,2025_master
EV-01513,2025,2025-10-28,AB T57,AB,T0057,T0057,No,,,,119,100.0,119,89.0,106,Yes,2025_master
EV-01514,2025,2025-10-28,AB T59,AB,T0059,T0059,No,,,,913,100.0,913,78.0,712,Yes,2025_master
EV-01515,2025,2025-10-28,AB T97 (F) x AB T93 (M),AB,T0097;T0093,T0097,No,,,,108,100.0,108,81.0,87,Yes,2025_master
EV-01516,2025,2025-10-28,AB T56 (F) x AB T93 (M),AB,T0056;T0093,T0056,No,,,,1152,100.0,1152,95.0,1094,Yes,2025_master
EV-01517,2025,2025-10-29,AB T56,AB,T0056,T0056,No,,,,542,100.0,542,80.07,434,Yes,2025_master
EV-01518,2025,2025-10-29,AB T56 (F) x Gata T49 (M),AB,T0056;T0049,T0056,No,,,,0,0.0,0,0.0,0,No,2025_master
EV-01519,2025,2025-10-29,Fli T72,Fli,T0072,T0072,No,,,,190,100.0,190,65.26,124,Yes,2025_master
EV-01520,2025,2025-10-29,Fli T54,Fli,T0054,T0054,No,,,,537,100.0,537,69.27,372,Yes,2025_master
EV-01521,2025,2025-10-29,Gata T73,Gata,T0073,T0073,No,,,,0,0.0,0,0.0,0,No,2025_master
EV-01522,2025,2025-10-29,Gatat T73 (F) x Gata T49 (M),Gata,T0073;T0049,T0073,No,,,,569,100.0,569,80.33,457,Yes,2025_master
EV-01523,2025,2025-11-01,AB T75,AB,T0075,T0075,No,,,,1245,100.0,1245,88.9,1107,Yes,2025_master
EV-01524,2025,2025-11-01,AB T94,AB,T0094,T0094,No,,,,649,100.0,649,88.9,577,Yes,2025_master
EV-01525,2025,2025-11-01,AB T88,AB,T0088,T0088,No,,,,637,100.0,637,78.0,497,Yes,2025_master
EV-01526,2025,2025-11-01,AB T103,AB,T0103,T0103,No,,,,111,100.0,111,99.0,110,Yes,2025_master
EV-01527,2025,2025-11-01,AB T91,AB,T0091,T0091,No,,,,63,100.0,63,100.0,63,Yes,2025_master
EV-01528,2025,2025-11-01,AB T60,AB,T0060,T0060,No,,,,954,100.0,954,79.7,760,Yes,2025_master
EV-01529,2025,2025-11-01,AB T89,AB,T0089,T0089,No,,,,456,100.0,456,79.7,363,Yes,2025_master
EV-01530,2025,2025-11-01,Fli T82,Fli,T0082,T0082,No,,,,504,100.0,504,95.3,480,Yes,2025_master
EV-01531,2025,2025-11-02,AB T87,AB,T0087,T0087,No,,,,154,100.0,154,92.8,143,Yes,2025_master
EV-01532,2025,2025-11-02,AB T96,AB,T0096,T0096,No,,,,624,100.0,624,93.6,584,Yes,2025_master
EV-01533,2025,2025-11-02,AB T86,AB,T0086,T0086,No,,,,841,100.0,841,86.6,728,Yes,2025_master
EV-01534,2025,2025-11-02,AB T64,AB,T0064,T0064,No,,,,472,100.0,472,79.0,373,Yes,2025_master
EV-01535,2025,2025-11-02,AB T90,AB,T0090,T0090,No,,,,499,100.0,499,95.7,478,Yes,2025_master
EV-01536,2025,2025-11-02,AB T88,AB,T0088,T0088,No,,,,117,100.0,117,94.0,110,Yes,2025_master
EV-01537,2025,2025-11-03,AB T74,AB,T0074,T0074,No,,,,1229,100.0,1229,92.0,1131,Yes,2025_master
EV-01538,2025,2025-11-03,AB T59,AB,T0059,T0059,No,,,,1599,100.0,1599,83.6,1337,Yes,2025_master
EV-01539,2025,2025-11-03,AB T42,AB,T0042,T0042,No,,,,426,100.0,426,66.0,281,Yes,2025_master
EV-01540,2025,2025-11-03,AB T61,AB,T0061,T0061,No,,,,415,100.0,415,92.7,385,Yes,2025_master
EV-01541,2025,2025-11-04,AB T81,AB,T0081,T0081,No,,,,983,100.0,983,88.6,871,Yes,2025_master
EV-01542,2025,2025-11-04,AB T80,AB,T0080,T0080,No,,,,480,100.0,480,87.9,422,Yes,2025_master
EV-01543,2025,2025-11-04,AB T97,AB,T0097,T0097,No,,,,173,100.0,173,86.7,150,Yes,2025_master
EV-01544,2025,2025-11-04,AB T95 (F) x AB T93 (M),AB,T0095;T0093,T0095,No,,,,748,100.0,748,77.6,580,Yes,2025_master
EV-01545,2025,2025-11-04,Gata T101,Gata,T0101,T0101,No,,,,179,100.0,179,96.0,172,Yes,2025_master
EV-01546,2025,2025-11-04,Gata T101 (F) x AB T93 (M),AB,T0101;T0093,T0101,No,,,,684,100.0,684,93.0,636,Yes,2025_master
EV-01547,2025,2025-11-05,AB T56,AB,T0056,T0056,No,,,,1726,95.0,1639,80.0,1311,Yes,2025_master
EV-01548,2025,2025-11-05,Fli T72,Fli,T0072,T0072,No,,,,235,100.0,235,76.5,180,Yes,2025_master
EV-01549,2025,2025-11-05,Fli T54,Fli,T0054,T0054,No,,,,665,100.0,665,64.5,429,Yes,2025_master
EV-01550,2025,2025-11-05,Gata T49 (M) x Gata T73 (F),Gata,T0049;T0073,T0049,No,,,,821,99.7,818,99.0,810,Yes,2025_master
EV-01551,2025,2025-11-08,Fli T82,Fli,T0082,T0082,No,,,,251,100.0,251,84.4,212,Yes,2025_master
EV-01552,2025,2025-11-08,AB T87,AB,T0087,T0087,No,,,,400,100.0,400,79.7,319,Yes,2025_master
EV-01553,2025,2025-11-08,AB T75,AB,T0075,T0075,No,,,,964,100.0,964,87.0,839,Yes,2025_master
EV-01554,2025,2025-11-08,AB T96,AB,T0096,T0096,No,,,,800,100.0,800,90.83,727,Yes,2025_master
EV-01555,2025,2025-11-08,AB T90,AB,T0090,T0090,No,,,,521,100.0,521,93.0,485,Yes,2025_master
EV-01556,2025,2025-11-09,AB T76,AB,T0076,T0076,Yes,,,,0,0.0,0,0.0,0,No,2025_master
EV-01557,2025,2025-11-09,AB T42,AB,T0042,T0042,Yes,,,,493,98.0,483,59.9,289,Yes,2025_master
EV-01558,2025,2025-11-09,AB T61,AB,T0061,T0061,Yes,,,,992,100.0,992,77.0,764,Yes,2025_master
EV-01559,2025,2025-11-09,AB T76,AB,T0076,T0076,No,,,,675,99.5,671,95.6,641,Yes,2025_master
EV-01560,2025,2025-11-09,AB T64,AB,T0064,T0064,No,,,,885,99.6,881,83.0,731,Yes,2025_master
EV-01561,2025,2025-11-09,AB T60,AB,T0060,T0060,No,,,,515,100.0,515,68.0,350,Yes,2025_master
EV-01562,2025,2025-11-09,AB T91,AB,T0091,T0091,No,,,,559,100.0,559,86.0,481,Yes,2025_master
EV-01563,2025,2025-11-09,AB T62,AB,T0062,T0062,No,,,,820,100.0,820,84.0,689,Yes,2025_master
EV-01564,2025,2025-11-09,AB T43,AB,T0043,T0043,No,,,,636,100.0,636,85.5,544,Yes,2025_master
EV-01565,2025,2025-11-10,AB T59,AB,T0059,T0059,Yes,,,,552,100.0,552,88.0,486,Yes,2025_master
EV-01566,2025,2025-11-10,AB T96,AB,T0096,T0096,Yes,,,,137,100.0,137,90.0,123,Yes,2025_master
EV-01567,2025,2025-11-10,AB T74,AB,T0074,T0074,Yes,,,,1235,100.0,1235,91.6,1131,Yes,2025_master
EV-01568,2025,2025-11-10,Fli T82,Fli,T0082,T0082,No,,,,194,100.0,194,98.9,192,Yes,2025_master
EV-01569,2025,2025-11-10,AB T57,AB,T0057,T0057,No,,,,1222,100.0,1222,86.7,1059,Yes,2025_master
EV-01570,2025,2025-11-10,AB T86,AB,T0086,T0086,No,,,,1599,100.0,1599,91.0,1455,Yes,2025_master
EV-01571,2025,2025-11-11,Gata T101,Gata,T0101,T0101,No,,,,223,100.0,223,76.0,169,Yes,2025_master
EV-01572,2025,2025-11-11,Gata T101 (F) x AB T93 (M),AB,T0101;T0093,T0101,No,,,,332,100.0,332,97.0,322,Yes,2025_master
EV-01573,2025,2025-11-11,Fli T70,Fli,T0070,T0070,No,,,,395,100.0,395,56.0,221,Yes,2025_master
EV-01574,2025,2025-11-11,AB T81,AB,T0081,T0081,No,,,,383,100.0,383,94.5,362,Yes,2025_master
EV-01575,2025,2025-11-11,AB T97,AB,T0097,T0097,No,,,,459,100.0,459,74.9,344,Yes,2025_master
EV-01576,2025,2025-11-11,AB T80,AB,T0080,T0080,No,,,,638,100.0,638,91.0,581,Yes,2025_master
EV-01577,2025,2025-11-11,AB T93 (M)x AB T95 (F),AB,T0093;T0095,T0093,No,,,,753,100.0,753,87.0,655,Yes,2025_master
EV-01578,2025,2025-11-12,AB T56 (F) x Gata T49 (M),AB,T0056;T0049,T0056,No,,,,107,100.0,107,95.6,102,Yes,2025_master
EV-01579,2025,2025-11-12,Fli T72,Fli,T0072,T0072,No,,,,111,100.0,111,87.28,97,Yes,2025_master
EV-01580,2025,2025-11-12,Fli T45,Fli,T0045,T0045,No,,,,75,100.0,75,16.0,12,Yes,2025_master
EV-01581,2025,2025-11-12,Gata T73,Gata,T0073,T0073,No,,,,0,0.0,0,0.0,0,No,2025_master
EV-01582,2025,2025-11-12,Gata T73 (F) x Gata T49 (M),Gata,T0073;T0049,T0073,No,,,,0,0.0,0,0.0,0,No,2025_master
EV-01583,2025,2025-11-15,AB T76,AB,T0076,T0076,Yes,,,,817,100.0,817,93.0,760,Yes,2025_master
EV-01584,2025,2025-11-15,AB T59,AB,T0059,T0059,Yes,,,,859,100.0,859,78.0,670,Yes,2025_master
EV-01585,2025,2025-11-15,AB T64,AB,T0064,T0064,Yes,,,,640,100.0,640,42.6,273,Yes,2025_master
EV-01586,2025,2025-11-15,AB T90,AB,T0090,T0090,No,,,,617,100.0,617,95.5,589,Yes,2025_master
EV-01587,2025,2025-11-15,AB T91,AB,T0091,T0091,No,,,,407,100.0,407,92.8,378,Yes,2025_master
EV-01588,2025,2025-11-15,AB T60,AB,T0060,T0060,No,,,,701,100.0,701,86.0,603,Yes,2025_master
EV-01589,2025,2025-11-15,AB T43,AB,T0043,T0043,No,,,,250,100.0,250,93.0,232,Yes,2025_master
EV-01590,2025,2025-11-16,AB T96,AB,T0096,T0096,No,,,,364,100.0,364,98.9,360,Yes,2025_master
EV-01591,2025,2025-11-16,AB T61,AB,T0061,T0061,No,,,,824,100.0,824,79.7,657,Yes,2025_master
EV-01592,2025,2025-11-16,AB T75,AB,T0075,T0075,No,,,,1442,100.0,1442,95.0,1370,Yes,2025_master
EV-01593,2025,2025-11-16,AB T74,AB,T0074,T0074,No,,,,1015,98.0,994,95.8,952,Yes,2025_master
EV-01594,2025,2025-11-16,AB T42,AB,T0042,T0042,No,,,,799,100.0,799,86.0,687,Yes,2025_master
EV-01595,2025,2025-11-16,AB T87,AB,T0087,T0087,No,,,,445,100.0,445,90.7,404,Yes,2025_master
EV-01596,2025,2025-11-16,AB T62,AB,T0062,T0062,No,,,,609,100.0,609,84.0,512,Yes,2025_master
EV-01597,2025,2025-11-17,Fli T70,Fli,T0070,T0070,No,,,,150,100.0,150,51.0,76,Yes,2025_master
EV-01598,2025,2025-11-17,Fli T82,Fli,T0082,T0082,No,,,,438,100.0,438,92.0,403,Yes,2025_master
EV-01599,2025,2025-11-17,AB T86,AB,T0086,T0086,No,,,,921,100.0,921,91.0,838,Yes,2025_master
EV-01600,2025,2025-11-17,AB T89,AB,T0089,T0089,No,,,,3465,100.0,3465,75.0,2599,Yes,2025_master
EV-01601,2025,2025-11-18,AB T103,AB,T0103,T0103,No,,,,1173,100.0,1173,94.0,1103,Yes,2025_master
EV-01602,2025,2025-11-18,AB T97,AB,T0097,T0097,No,,,,674,100.0,674,87.0,586,Yes,2025_master
EV-01603,2025,2025-11-18,AB T81,AB,T0081,T0081,No,,,,860,100.0,860,88.4,760,Yes,2025_master
EV-01604,2025,2025-11-18,AB T80,AB,T0080,T0080,No,,,,570,100.0,570,88.7,506,Yes,2025_master
EV-01605,2025,2025-11-18,AB T93 (M) x AB T95 (F),AB,T0093;T0095,T0093,No,,,,597,100.0,597,94.9,567,Yes,2025_master
EV-01606,2025,2025-11-19,AB T65 (M) x AB T56 (F),AB,T0065;T0056,T0065,No,,,,0,0.0,0,0.0,0,No,2025_master
EV-01607,2025,2025-11-19,AB T102 (M) x AB T56 (F),AB,T0102;T0056,T0102,No,,,,493,100.0,493,95.3,470,Yes,2025_master
EV-01608,2025,2025-11-19,AB T102 (M) x AB T65 (F),AB,T0102;T0065,T0102,No,,,,0,0.0,0,0.0,0,No,2025_master
EV-01609,2025,2025-11-19,AB T56,AB,T0056,T0056,No,,,,684,100.0,684,91.0,622,Yes,2025_master
EV-01610,2025,2025-11-19,AB T102,AB,T0102,T0102,No,,,,850,100.0,850,83.2,707,Yes,2025_master
EV-01611,2025,2025-11-22,AB T60,AB,T0060,T0060,No,,,,764,100.0,764,82.0,626,Yes,2025_master
EV-01612,2025,2025-11-22,AB T91,AB,T0091,T0091,No,,,,264,100.0,264,83.0,219,Yes,2025_master
EV-01613,2025,2025-11-22,AB T90,AB,T0090,T0090,No,,,,827,100.0,827,92.0,761,Yes,2025_master
EV-01614,2025,2025-11-22,AB T43,AB,T0043,T0043,No,,,,404,100.0,404,84.0,339,Yes,2025_master
EV-01615,2025,2025-11-22,AB T64,AB,T0064,T0064,No,,,,601,100.0,601,79.0,475,Yes,2025_master
EV-01616,2025,2025-11-22,AB T62,AB,T0062,T0062,No,,,,858,100.0,858,94.0,807,Yes,2025_master
EV-01617,2025,2025-11-23,Fli T70,Fli,T0070,T0070,No,,,,378,100.0,378,64.0,242,Yes,2025_master
EV-01618,2025,2025-11-23,Fli T82,Fli,T0082,T0082,No,,,,495,100.0,495,91.0,450,Yes,2025_master
EV-01619,2025,2025-11-23,AB T96,AB,T0096,T0096,No,,,,565,100.0,565,95.7,541,Yes,2025_master
EV-01620,2025,2025-11-23,AB T42,AB,T0042,T0042,No,,,,1086,100.0,1086,78.7,855,Yes,2025_master
EV-01621,2025,2025-11-23,AB T75,AB,T0075,T0075,No,,,,1529,100.0,1529,92.9,1420,Yes,2025_master
EV-01622,2025,2025-11-24,AB T103,AB,T0103,T0103,No,,,,953,100.0,953,90.5,862,Yes,2025_master
EV-01623,2025,2025-11-24,AB T61,AB,T0061,T0061,No,,,,1479,100.0,1479,81.4,1204,Yes,2025_master
EV-01624,2025,2025-11-24,Gata T101 (F) x AB T93 (M),AB,T0101;T0093,T0101,No,,,,479,100.0,479,97.4,467,Yes,2025_master
EV-01625,2025,2025-11-25,AB T56,AB,T0056,T0056,No,,,,501,100.0,501,87.6,439,Yes,2025_master
EV-01626,2025,2025-11-25,Fli T54,Fli,T0054,T0054,No,,,,483,100.0,483,47.0,227,Yes,2025_master
EV-01627,2025,2025-11-25,Fli T72,Fli,T0072,T0072,No,,,,78,100.0,78,84.6,66,Yes,2025_master
EV-01628,2025,2025-11-25,AB T56 (F) x Fli T54 (M),AB,T0056;T0054,T0056,No,,,,68,100.0,68,80.8,55,Yes,2025_master
EV-01629,2025,2025-11-25,Gata T73 (F) x Gata T49 (M),Gata,T0073;T0049,T0073,No,,,,128,100.0,128,98.0,125,Yes,2025_master
EV-01630,2025,2025-11-26,Gata T73 (F) x Gata T49 (M),Gata,T0073;T0049,T0073,No,,,,365,100.0,365,0.0,0,No,2025_master
EV-01631,2025,2025-11-26,AB T56 (F) x Fli T54 (M),AB,T0056;T0054,T0056,No,,,,112,100.0,112,76.7,86,Yes,2025_master
EV-01632,2025,2025-11-26,AB T56 (F) x Gata T49 (M),AB,T0056;T0049,T0056,No,,,,327,100.0,327,77.0,252,Yes,2025_master
EV-01633,2025,2025-11-26,Fli T54,Fli,T0054,T0054,No,,,,310,100.0,310,40.0,124,Yes,2025_master
EV-01634,2025,2025-11-26,AB T56,AB,T0056,T0056,No,,,,185,100.0,185,84.8,157,Yes,2025_master
EV-01635,2025,2025-11-26,Fli T72,Fli,T0072,T0072,No,,,,160,100.0,160,88.7,142,Yes,2025_master
EV-01636,2025,2025-11-29,AB T90,AB,T0090,T0090,No,,,,715,100.0,715,95.6,684,Yes,2025_master
EV-01637,2025,2025-11-29,AB T43,AB,T0043,T0043,No,,,,806,100.0,806,94.7,763,Yes,2025_master
EV-01638,2025,2025-11-29,AB T64,AB,T0064,T0064,No,,,,405,100.0,405,87.9,356,Yes,2025_master
EV-01639,2025,2025-11-29,AB T62,AB,T0062,T0062,No,,,,994,100.0,994,81.3,808,Yes,2025_master
EV-01640,2025,2025-11-30,Fli T54,Fli,T0054,T0054,No,,,,59,100.0,59,37.0,22,Yes,2025_master
EV-01641,2025,2025-11-30,AB T56,AB,T0056,T0056,No,,,,266,100.0,266,71.0,189,Yes,2025_master
EV-01642,2025,2025-11-30,AB T96,AB,T0096,T0096,No,,,,435,100.0,435,85.7,373,Yes,2025_master
EV-01643,2025,2025-11-30,Fli T54 (M) x AB T56 (F),AB,T0054;T0056,T0054,No,,,,169,100.0,169,85.0,144,Yes,2025_master
EV-01644,2025,2025-11-30,Gata T73 (F) x Gata T49 (M),Gata,T0073;T0049,T0073,No,,,,228,100.0,228,98.0,223,Yes,2025_master
EV-01645,2025,2025-11-30,Gata T73,Gata,T0073,T0073,No,,,,0,0.0,0,0.0,0,No,2025_master
EV-01646,2025,2025-11-30,Fli T72,Fli,T0072,T0072,No,,,,0,0.0,0,0.0,0,No,2025_master
EV-01647,2025,2025-11-30,AB T56 (F) x Gata 49 (M),AB,T0056,T0056,No,,,,0,0.0,0,0.0,0,No,2025_master
EV-01648,2025,2025-12-01,AB T86,AB,T0086,T0086,Yes,,,,2485,100.0,2485,78.8,1958,Yes,2025_master
EV-01649,2025,2025-12-01,AB T89,AB,T0089,T0089,Yes,,,,3258,100.0,3258,70.0,2281,Yes,2025_master
EV-01650,2025,2025-12-01,AB T74,AB,T0074,T0074,Yes,,,,1121,100.0,1121,84.0,942,Yes,2025_master
EV-01651,2025,2025-12-03,AB T87,AB,T0087,T0087,No,,,,684,100.0,684,89.0,609,Yes,2025_master
EV-01652,2025,2025-12-03,AB T91,AB,T0091,T0091,No,,,,704,100.0,704,83.0,584,Yes,2025_master
EV-01653,2025,2025-12-03,AB T61,AB,T0061,T0061,No,,,,814,100.0,814,87.0,708,Yes,2025_master
EV-01654,2025,2025-12-06,AB T90,AB,T0090,T0090,No,,,,296,100.0,296,85.0,252,Yes,2025_master
EV-01655,2025,2025-12-06,AB T96,AB,T0096,T0096,No,,,,440,100.0,440,99.0,436,Yes,2025_master
EV-01656,2025,2025-12-06,AB T86,AB,T0086,T0086,No,,,,1102,99.0,1090,94.0,1025,Yes,2025_master
EV-01657,2025,2025-12-07,Fli T82,Fli,T0082,T0082,No,,,,415,100.0,415,93.7,389,Yes,2025_master
EV-01658,2025,2025-12-09,AB T61,AB,T0061,T0061,No,,,,823,95.6,786,69.6,547,Yes,2025_master
EV-01659,2025,2025-12-09,AB T87,AB,T0087,T0087,No,,,,272,100.0,272,89.0,242,Yes,2025_master
EV-01660,2025,2025-12-10,AB T96,AB,T0096,T0096,No,,,,848,100.0,848,97.0,823,Yes,2025_master
EV-01661,2025,2025-12-10,AB T87,AB,T0087,T0087,No,,,,495,100.0,495,93.0,460,Yes,2025_master
EV-01662,2025,2025-12-10,AB T91,AB,T0091,T0091,No,,,,290,100.0,290,88.9,258,Yes,2025_master
EV-01663,2025,2025-12-11,AB T90,AB,T0090,T0090,No,,,,290,100.0,290,86.7,251,Yes,2025_master
EV-01664,2025,2025-12-11,AB T86,AB,T0086,T0086,No,,,,1384,100.0,1384,89.8,1243,Yes,2025_master
EV-01665,2025,2025-12-15,AB T81,AB,T0081,T0081,No,,,,688,100.0,688,87.6,603,Yes,2025_master
EV-01666,2025,2025-12-15,AB T97,AB,T0097,T0097,No,,,,701,100.0,701,90.7,636,Yes,2025_master
EV-01667,2025,2025-12-15,AB T80,AB,T0080,T0080,No,,,,693,100.0,693,80.6,559,Yes,2025_master
EV-01668,2025,2025-12-15,AB T93 (M) x AB T95 (F),AB,T0093;T0095,T0093,No,,,,544,100.0,544,84.0,457,Yes,2025_master
EV-01669,2025,2025-12-15,Fli T82,Fli,T0082,T0082,No,,,,58,100.0,58,96.5,56,Yes,2025_master
EV-01670,2025,2025-12-15,Fli T70,Fli,T0070,T0070,No,,,,277,100.0,277,71.4,198,Yes,2025_master
EV-01671,2025,2025-12-15,Gata T101 (F) x AB T93 (M),AB,T0101;T0093,T0101,No,,,,610,100.0,610,96.0,586,Yes,2025_master
EV-01672,2025,2025-12-15,Gata T102 (M) x Gata T101 (F),Gata,T0102;T0101,T0102,No,,,,540,100.0,540,69.0,373,Yes,2025_master
EV-01673,2025,2025-12-16,AB T56,AB,T0056,T0056,No,,,,1087,100.0,1087,80.0,870,Yes,2025_master
EV-01674,2025,2025-12-16,Fli T54,Fli,T0054,T0054,No,,,,567,100.0,567,52.0,295,Yes,2025_master
EV-01675,2025,2025-12-16,Gata T73,Gata,T0073,T0073,No,,,,0,0.0,0,0.0,0,No,2025_master
EV-01676,2025,2025-12-16,Gata T73 (F) x Gata T49 (M),Gata,T0073;T0049,T0073,No,,,,0,0.0,0,0.0,0,No,2025_master
EV-01677,2025,2025-12-16,Gata 49 (M) X AB T56 (F),AB,T0056,T0056,No,,,,0,0.0,0,0.0,0,No,2025_master
EV-01678,2025,2025-12-20,AB T87,AB,T0087,T0087,No,,,,582,100.0,582,88.0,512,Yes,2025_master
EV-01679,2025,2025-12-20,AB T96,AB,T0096,T0096,No,,,,441,100.0,441,94.5,417,Yes,2025_master
EV-01680,2025,2025-12-20,AB T90,AB,T0090,T0090,No,,,,439,100.0,439,86.0,378,Yes,2025_master
EV-01681,2025,2025-12-20,AB T91,AB,T0091,T0091,No,,,,0,0.0,0,0.0,0,No,2025_master
EV-01682,2025,2025-12-21,AB T61,AB,T0061,T0061,No,,,,525,100.0,525,77.0,404,Yes,2025_master
EV-01683,2025,2025-12-21,AB T86,AB,T0086,T0086,No,,,,731,100.0,731,90.0,658,Yes,2025_master
EV-01684,2025,2025-12-22,Gatat T112,Gata,T0112,T0112,No,,,,109,100.0,109,82.0,89,Yes,2025_master
EV-01685,2025,2025-12-22,Gatat T110,Gata,T0110,T0110,No,,,,146,100.0,146,81.0,118,Yes,2025_master
EV-01686,2025,2025-12-22,Gatat T111,Gata,T0111,T0111,No,,,,930,100.0,930,88.0,818,Yes,2025_master
EV-01687,2025,2025-12-23,AB T80,AB,T0080,T0080,No,,,,877,100.0,877,75.0,658,Yes,2025_master
EV-01688,2025,2025-12-23,AB T81,AB,T0081,T0081,No,,,,649,100.0,649,78.0,506,Yes,2025_master
EV-01689,2025,2025-12-23,AB T97,AB,T0097,T0097,No,,,,716,100.0,716,67.0,480,Yes,2025_master
EV-01690,2025,2025-12-23,AB T93 (M) x T95 (F),AB,T0093;T0095,T0093,No,,,,957,100.0,957,75.0,718,Yes,2025_master
EV-01691,2026,2026-01-01,AB T80,AB,T0080,T0080,No,Ahmad,Ahmad,Ahmad,1696,100.0,1696,0.0,0,No,2026_log_sheet_part1
EV-01692,2026,2026-01-01,AB T81,AB,T0081,T0081,No,Ahmad,Ahmad,Ahmad,433,100.0,433,92.8,402,Yes,2026_log_sheet_part1
EV-01693,2026,2026-01-01,AB T97,AB,T0097,T0097,No,Ahmad,Ahmad,Ahmad,1218,100.0,1218,73.0,889,Yes,2026_log_sheet_part1
EV-01694,2026,2026-01-01,"AB T93 (M), AB T94 (F)",AB,T0093;T0094,T0093,No,Ahmad,Ahmad,Ahmad,1783,100.0,1783,78.0,1391,Yes,2026_log_sheet_part1
EV-01695,2026,2026-01-01,"AB T95 (F), AB T93 (M)",AB,T0095;T0093,T0095,No,Ahmad,Ahmad,Ahmad,592,100.0,592,97.0,574,Yes,2026_log_sheet_part1
EV-01696,2026,2026-01-03,AB T61,AB,T0061,T0061,Yes,Enas,Enas,Enas,898,100.0,898,87.7,788,Yes,2026_log_sheet_part1
EV-01697,2026,2026-01-03,AB T26,AB,T0026,T0026,Yes,Enas,Enas,Enas,468,100.0,468,84.6,396,Yes,2026_log_sheet_part1
EV-01698,2026,2026-01-03,AB T87,AB,T0087,T0087,Yes,Enas,Enas,Enas,236,100.0,236,94.06,222,Yes,2026_log_sheet_part1
EV-01699,2026,2026-01-05,AB T90,AB,T0090,T0090,No,Enas,Enas,Enas,447,64.0,286,67.0,192,Yes,2026_log_sheet_part1
EV-01700,2026,2026-01-05,AB T91,AB,T0091,T0091,No,Enas,Enas,Enas,664,100.0,664,84.9,564,Yes,2026_log_sheet_part1
EV-01701,2026,2026-01-05,AB T96,AB,T0096,T0096,Yes,Enas,Enas,Enas,579,100.0,579,72.0,417,Yes,2026_log_sheet_part1
EV-01702,2026,2026-01-05,AB T0106,AB,T0106,T0106,Yes,Enas,Enas,Enas,439,96.8,425,87.0,370,Yes,2026_log_sheet_part1
EV-01703,2026,2026-01-05,AB T081,AB,T0081,T0081,Yes,Enas,Enas,Enas,560,78.5,440,91.0,400,Yes,2026_log_sheet_part1
EV-01704,2026,2026-01-10,AB T87,AB,T0087,T0087,No,Enas,Enas,Enas,596,93.0,554,92.6,513,Yes,2026_log_sheet_part1
EV-01705,2026,2026-01-10,AB T61,AB,T0061,T0061,Yes,Enas,Enas,Enas,418,84.0,351,81.0,284,Yes,2026_log_sheet_part1
EV-01706,2026,2026-01-10,AB T61,AB,T0061,T0061,No,Enas,Enas,Enas,193,93.0,179,79.5,142,Yes,2026_log_sheet_part1
EV-01707,2026,2026-01-11,AB T96,AB,T0096,T0096,Yes,Enas,Enas,Enas,342,91.0,311,84.2,262,Yes,2026_log_sheet_part1
EV-01708,2026,2026-01-11,AB T26,AB,T0026,T0026,Yes,Enas,Enas,Enas,1437,98.0,1408,88.7,1249,Yes,2026_log_sheet_part1
EV-01709,2026,2026-01-14,AB T81,AB,T0081,T0081,No,Enas (For training),Enas (For training),Enas (For training),0,0.0,0,0.0,0,No,2026_log_sheet_part1
EV-01710,2026,2026-01-14,AB T97,AB,T0097,T0097,No,Enas (For training),Enas (For training),Enas (For training),320,97.0,310,83.0,257,Yes,2026_log_sheet_part1
EV-01711,2026,2026-01-14,"AB 81(M) 2, AB 94(F) 3",AB,,,No,Enas,Enas,Enas,428,97.0,415,98.5,409,Yes,2026_log_sheet_part1
EV-01712,2026,2026-01-14,AB T106,AB,T0106,T0106,Yes,Enas,Enas,Enas,170,100.0,170,92.9,158,Yes,2026_log_sheet_part1
EV-01713,2026,2026-01-15,AB T97 *,AB,T0097,T0097,No,Enas,Enas,Enas,0,0.0,0,0.0,0,No,2026_log_sheet_part1
EV-01714,2026,2026-01-15,AB T06,AB,T0006,T0006,Yes,Mutassim collection,Mutassim collection,Mutassim collection,1076,0.0,0,93.0,0,Yes,2026_log_sheet_part1
EV-01715,2026,2026-01-16,AB T81,AB,T0081,T0081,Yes,Enas,Enas,Enas,0,0.0,0,0.0,0,No,2026_log_sheet_part1
EV-01716,2026,2026-01-16,AB T26 (F),AB,T0026,T0026,No,Enas,Enas,Enas,120,85.0,102,85.0,87,Yes,2026_log_sheet_part1
EV-01717,2026,2026-01-16,"AB T94 (F), AB T93 (M)",AB,T0094;T0093,T0094,No,Enas,Enas,Enas,126,0.0,0,0.0,0,No,2026_log_sheet_part1
EV-01718,2026,2026-01-16,AB 106,AB,,,Yes,Enas,Enas,Enas,0,0.0,0,0.0,0,No,2026_log_sheet_part1
EV-01719,2026,2026-01-17,AB T86,AB,T0086,T0086,No,Enas,Enas,Enas,703,90.0,633,95.0,601,Yes,2026_log_sheet_part1
EV-01720,2026,2026-01-17,"AB T86 (F), AB T93 (M)",AB,T0086;T0093,T0086,No,Enas,Enas,Enas,246,95.0,234,90.0,211,Yes,2026_log_sheet_part1
EV-01721,2026,2026-01-17,AB 106,AB,,,No,Enas,Enas,Enas,309,100.0,309,57.9,179,Yes,2026_log_sheet_part1
EV-01722,2026,2026-01-17,AB T81,AB,T0081,T0081,No,Enas,Enas,Enas,24,100.0,24,58.33,14,Yes,2026_log_sheet_part1
EV-01723,2026,2026-01-18,AB T91,AB,T0091,T0091,No,Enas,Enas,Enas,701,97.0,680,0.0,0,No,2026_log_sheet_part1
EV-01724,2026,2026-01-19,AB T90,AB,T0090,T0090,No,Enas,Enas,Enas,898,100.0,898,0.0,0,No,2026_log_sheet_part1
EV-01725,2026,2026-01-24,AB T61,AB,T0061,T0061,No,Enas / Ahmad,Enas / Ahmad,Enas / Ahmad,455,100.0,455,86.0,391,Yes,2026_log_sheet_part1
EV-01726,2026,2026-01-24,AB T86,AB,T0086,T0086,No,Enas / Ahmad,Enas / Ahmad,Enas / Ahmad,1103,100.0,1103,93.0,1026,Yes,2026_log_sheet_part1
EV-01727,2026,2026-01-24,AB T87,AB,T0087,T0087,No,Enas / Ahmad,Enas / Ahmad,Enas / Ahmad,985,100.0,985,89.0,877,Yes,2026_log_sheet_part1
EV-01728,2026,2026-01-25,AB T90,AB,T0090,T0090,No,Ahmad,Ahmad,Ahmad,389,100.0,389,94.0,366,Yes,2026_log_sheet_part1
EV-01729,2026,2026-01-25,AB T96,AB,T0096,T0096,No,Ahmad,Ahmad,Ahmad,439,100.0,439,92.0,404,Yes,2026_log_sheet_part1
EV-01730,2026,2026-01-25,Fli T82,Fli,T0082,T0082,No,Ahmad,Ahmad,Ahmad,821,100.0,821,94.0,772,Yes,2026_log_sheet_part1
EV-01731,2026,2026-01-25,Fli T70,Fli,T0070,T0070,No,Ahmad,Ahmad,Ahmad,546,100.0,546,71.0,388,Yes,2026_log_sheet_part1
EV-01732,2026,2026-01-25,Gata T101,Gata,T0101,T0101,No,Ahmad,Ahmad,Ahmad,598,100.0,598,86.6,518,Yes,2026_log_sheet_part1
EV-01733,2026,2026-01-25,"Gata T101 (F), AB T93 (M)",AB,T0101;T0093,T0101,No,Ahmad,Ahmad,Ahmad,1107,100.0,1107,95.0,1052,Yes,2026_log_sheet_part1
EV-01734,2026,2026-01-27,Gata 113,Gata,,,No,Ahmad,Ahmad,Ahmad,122,100.0,122,34.0,41,Yes,2026_log_sheet_part1
EV-01735,2026,2026-01-27,Gata 112,Gata,,,No,Ahmad,Ahmad,Ahmad,0,0.0,0,0.0,0,No,2026_log_sheet_part1
EV-01736,2026,2026-01-27,Gata 111,Gata,,,No,Ahmad,Ahmad,Ahmad,1330,100.0,1330,62.0,825,Yes,2026_log_sheet_part1
EV-01737,2026,2026-01-27,Gata 110,Gata,,,No,Ahmad,Ahmad,Ahmad,798,100.0,798,93.4,745,Yes,2026_log_sheet_part1
EV-01738,2026,2026-01-27,"Gata 113 (F), AB 93 (M)",AB,,,No,Ahmad,Ahmad,Ahmad,126,100.0,126,73.0,92,Yes,2026_log_sheet_part1
EV-01739,2026,2026-01-27,"Gata 79 (F), AB 93 (M)",AB,,,No,Ahmad,Ahmad,Ahmad,2470,100.0,2470,72.0,1778,Yes,2026_log_sheet_part1
EV-01740,2026,2026-01-31,AB T26,AB,T0026,T0026,No,Enas,Enas,Enas,1126,100.0,1126,90.0,1013,Yes,2026_log_sheet_part1
EV-01741,2026,2026-01-31,AB T90,AB,T0090,T0090,No,Enas,Enas,Enas,0,0.0,0,0.0,0,No,2026_log_sheet_part1
EV-01742,2026,2026-01-31,AB T96,AB,T0096,T0096,No,Enas,Enas,Enas,847,100.0,847,88.0,745,Yes,2026_log_sheet_part1
EV-01743,2026,2026-01-31,"AB T86 (F), T93 (M)",AB,T0086;T0093,T0086,No,Enas,Enas,Enas,302,100.0,302,86.0,260,Yes,2026_log_sheet_part1
EV-01744,2026,2026-02-01,AB T61,AB,T0061,T0061,No,Ahmad,Ahmad,Ahmad,1359,100.0,1359,88.0,1196,Yes,2026_log_sheet_part1
EV-01745,2026,2026-02-01,AB T87,AB,T0087,T0087,No,Ahmad,Ahmad,Ahmad,981,100.0,981,91.0,893,Yes,2026_log_sheet_part1
EV-01746,2026,2026-02-02,AB T56,AB,T0056,T0056,No,AH/Enas,AH/Enas,AH/Enas,1008,98.0,988,89.0,879,Yes,2026_log_sheet_part1
EV-01747,2026,2026-02-02,AB T103,AB,T0103,T0103,No,AH/Enas,AH/Enas,AH/Enas,1124,72.0,809,0.0,0,No,2026_log_sheet_part1
EV-01748,2026,2026-02-02,AB T81,AB,T0081,T0081,No,AH/Enas,AH/Enas,AH/Enas,937,99.0,928,96.0,891,Yes,2026_log_sheet_part1
EV-01749,2026,2026-02-02,AB T97,AB,T0097,T0097,No,AH/Enas,AH/Enas,AH/Enas,172,81.0,139,54.0,75,Yes,2026_log_sheet_part1
EV-01750,2026,2026-02-02,Gata T73,Gata,T0073,T0073,No,AH/Enas,AH/Enas,AH/Enas,0,0.0,0,0.0,0,No,2026_log_sheet_part1
EV-01751,2026,2026-02-02,Gata T73 vs. Gata T49,Gata,T0073;T0049,T0073,No,AH/Enas,AH/Enas,AH/Enas,1168,100.0,1168,96.6,1128,Yes,2026_log_sheet_part1
EV-01752,2026,2026-02-02,Gata T49 vs AB T56,AB,T0049;T0056,T0049,No,AH/Enas,AH/Enas,AH/Enas,0,0.0,0,0.0,0,No,2026_log_sheet_part1
EV-01753,2026,2026-02-02,AB T103 vs. AB T56,AB,T0103;T0056,T0103,No,AH/Enas,AH/Enas,AH/Enas,0,0.0,0,0.0,0,No,2026_log_sheet_part1
EV-01754,2026,2026-02-03,AB T65,AB,T0065,T0065,No,Enas/Aseela,Enas/Aseela,Enas/Aseela,0,0.0,0,0.0,0,No,2026_log_sheet_part1
EV-01755,2026,2026-02-03,Fli T104,Fli,T0104,T0104,No,Enas/Aseela,Enas/Aseela,Enas/Aseela,0,0.0,0,0.0,0,No,2026_log_sheet_part1
EV-01756,2026,2026-02-03,Fli T72,Fli,T0072,T0072,No,Enas/Aseela,Enas/Aseela,Enas/Aseela,515,100.0,515,84.6,436,Yes,2026_log_sheet_part1
EV-01757,2026,2026-02-03,AB T118,AB,T0118,T0118,No,Enas/Aseela,Enas/Aseela,Enas/Aseela,273,100.0,273,94.8,259,Yes,2026_log_sheet_part1
EV-01758,2026,2026-02-03,Fli T4(1F) VS Fli T54(1M),Fli,T0004;T0054,T0004,No,Enas/Aseela,Enas/Aseela,Enas/Aseela,0,0.0,0,0.0,0,No,2026_log_sheet_part1
EV-01759,2026,2026-02-03,Fli T4,Fli,T0004,T0004,No,Enas/Aseela,Enas/Aseela,Enas/Aseela,0,0.0,0,0.0,0,No,2026_log_sheet_part1
EV-01760,2026,2026-02-04,AB T65 kept it,AB,T0065,T0065,No,Enas kept it,Enas kept it,Enas kept it,0,0.0,0,0.0,0,No,2026_log_sheet_part1
EV-01761,2026,2026-02-04,Fli T104 kept it,Fli,T0104,T0104,No,Enas kept it,Enas kept it,Enas kept it,419,100.0,419,66.1,277,Yes,2026_log_sheet_part1
EV-01762,2026,2026-02-04,Fli T4(1F) VS Fli T54(1M),Fli,T0004;T0054,T0004,No,Enas kept it,Enas kept it,Enas kept it,0,0.0,0,0.0,0,No,2026_log_sheet_part1
EV-01763,2026,2026-02-04,"Casper T115 2F, 1M",Casper,T0115,T0115,No,Enas,Enas,Enas,0,0.0,0,0.0,0,No,2026_log_sheet_part1
EV-01764,2026,2026-02-04,"Casper T108 2F, 1M",Casper,T0108,T0108,No,Enas,Enas,Enas,113,100.0,113,43.36,49,Yes,2026_log_sheet_part1
EV-01765,2026,2026-02-04,"Casper T109 2F, 1M",Casper,T0109,T0109,No,Enas,Enas,Enas,54,100.0,54,0.0,0,No,2026_log_sheet_part1
EV-01766,2026,2026-02-04,Casper Pure 16/8/25 (F) VS Casper T114 (M),Casper,T0114,T0114,No,Enas,Enas,Enas,789,100.0,789,86.31,681,Yes,2026_log_sheet_part1
EV-01767,2026,2026-02-07,AB T86,AB,T0086,T0086,No,Enas,Enas,Enas,1628,100.0,1628,88.19,1436,Yes,2026_log_sheet_part1
EV-01768,2026,2026-02-07,AB T87,AB,T0087,T0087,No,Enas,Enas,Enas,567,97.0,550,85.5,470,Yes,2026_log_sheet_part1
EV-01769,2026,2026-02-07,AB T106 In tank,AB,T0106,T0106,Yes,Enas,Enas,Enas,2544,100.0,2544,90.6,2305,Yes,2026_log_sheet_part1
EV-01770,2026,2026-02-10,Casper T109,Casper,T0109,T0109,No,Enas,Enas,Enas,0,0.0,0,0.0,0,No,2026_log_sheet_part1
EV-01771,2026,2026-02-10,Casper T108,Casper,T0108,T0108,No,Enas,Enas,Enas,0,0.0,0,0.0,0,No,2026_log_sheet_part1
EV-01772,2026,2026-02-10,Casper T77(M) 3 VS Casper(F) spotted 3/7/25,Casper,T0077,T0077,No,Enas,Enas,Enas,52,100.0,52,92.3,48,Yes,2026_log_sheet_part1
EV-01773,2026,2026-02-10,"Casper T115 1M, 1F",Casper,T0115,T0115,No,Enas,Enas,Enas,0,0.0,0,0.0,0,No,2026_log_sheet_part1
EV-01774,2026,2026-02-10,Casper T115(F) (1) VS Casper T68(M) (1),Casper,T0115;T0068,T0115,No,Enas,Enas,Enas,0,0.0,0,0.0,0,No,2026_log_sheet_part1
EV-01775,2026,2026-02-10,Casper T104(F) (1) VS Casper T16/4/25(M) (1),Casper,T0104;T0016,T0104,No,Enas,Enas,Enas,626,84.0,526,84.9,447,Yes,2026_log_sheet_part1
EV-01776,2026,2026-02-10,Casper T115 (F) (2) VS Casper 16/4/25(M) (1),Casper,T0115,T0115,No,Enas,Enas,Enas,455,100.0,455,80.6,367,Yes,2026_log_sheet_part1
EV-01777,2026,2026-02-10,"Casper T115 2F, 1M",Casper,T0115,T0115,No,Enas,Enas,Enas,398,99.7,397,84.57,336,Yes,2026_log_sheet_part1
EV-01778,2026,2026-02-11,AB T96,AB,T0096,T0096,No,Enas,Enas,Enas,392,100.0,392,93.7,367,Yes,2026_log_sheet_part1
EV-01779,2026,2026-02-11,AB T61,AB,T0061,T0061,No,Enas,Enas,Enas,1638,100.0,1638,81.7,1338,Yes,2026_log_sheet_part1
EV-01780,2026,2026-02-11,"Cas T109 2F, 1M (kept it)",Casper,T0109,T0109,No,Enas,Enas,Enas,32,100.0,32,0.0,0,No,2026_log_sheet_part1
EV-01781,2026,2026-02-11,Cas T115 (F) VS T68 (M) (kept it),Casper,T0115;T0068,T0115,No,Enas,Enas,Enas,0,0.0,0,0.0,0,No,2026_log_sheet_part1
EV-01782,2026,2026-02-11,Cas T77 (Pure) M 2 VS (F) spotted (kept it),Casper,T0077,T0077,No,Enas,Enas,Enas,0,0.0,0,0.0,0,No,2026_log_sheet_part1
EV-01783,2026,2026-02-11,"Cas T108 2F, 1M (kept it)",Casper,T0108,T0108,No,Enas,Enas,Enas,305,100.0,305,75.0,229,Yes,2026_log_sheet_part1
EV-01784,2026,2026-02-11,"Cas T115 1M, 1F (kept it)",Casper,T0115,T0115,No,Enas,Enas,Enas,0,0.0,0,0.0,0,No,2026_log_sheet_part1
EV-01785,2026,2026-02-11,AB T106,AB,T0106,T0106,No,Aseela/Enas,Aseela/Enas,Aseela/Enas,192,100.0,192,96.8,186,Yes,2026_log_sheet_part1
EV-01786,2026,2026-02-11,AB T96 (Before divider),AB,T0096,T0096,No,Aseela/Enas,Aseela/Enas,Aseela/Enas,509,98.62,502,97.9,491,Yes,2026_log_sheet_part1
EV-01787,2026,2026-02-14,AB T086 3 tanks,AB,T0086,T0086,No,DR Fusun,DR Fusun,DR Fusun,892,99.77,890,0.0,0,No,2026_log_sheet_part1
EV-01788,2026,2026-02-14,AB T061 3 tanks,AB,T0061,T0061,No,DR Fusun,DR Fusun,DR Fusun,304,100.0,304,79.61,242,Yes,2026_log_sheet_part1
EV-01789,2026,2026-02-15,AB T106 -> 1 tank,AB,T0106,T0106,No,Enas/Aseela,Enas/Aseela,Enas/Aseela,168,100.0,168,97.02,163,Yes,2026_log_sheet_part1
EV-01790,2026,2026-02-15,AB T106 X AB T93 (2 tanks),AB,T0106;T0093,T0106,No,Enas/Aseela,Enas/Aseela,Enas/Aseela,760,100.0,760,97.5,741,Yes,2026_log_sheet_part1
EV-01791,2026,2026-02-16,AB T61 In tank,AB,T0061,T0061,Yes,Enas,Enas,Enas,482,100.0,482,84.85,409,Yes,2026_log_sheet_part1
EV-01792,2026,2026-02-16,AB T86 In tank,AB,T0086,T0086,Yes,Enas,Enas,Enas,830,100.0,830,90.12,748,Yes,2026_log_sheet_part1
EV-01793,2026,2026-02-16,"AB T93 1M, 1F",AB,T0093,T0093,No,Aseela,Aseela,Aseela,0,0.0,0,0.0,0,No,2026_log_sheet_part1
EV-01794,2026,2026-02-18,AB T87,AB,T0087,T0087,No,Enas/Aseela,Enas/Aseela,Enas/Aseela,1104,100.0,1104,88.7,979,Yes,2026_log_sheet_part1
EV-01795,2026,2026-02-18,AB T96,AB,T0096,T0096,No,Enas/Aseela,Enas/Aseela,Enas/Aseela,664,100.0,664,90.5,601,Yes,2026_log_sheet_part1
EV-01796,2026,2026-02-21,AB T61,AB,T0061,T0061,No,Enas/Aseela,Enas/Aseela,Enas/Aseela,344,100.0,344,93.02,320,Yes,2026_log_sheet_part1
EV-01797,2026,2026-02-21,AB T86,AB,T0086,T0086,No,Enas/Aseela,Enas/Aseela,Enas/Aseela,1020,100.0,1020,97.45,994,Yes,2026_log_sheet_part1
EV-01798,2026,2026-02-21,AB T86 (F) T93 (M),AB,T0086;T0093,T0086,No,Enas/Aseela,Enas/Aseela,Enas/Aseela,261,100.0,261,94.63,247,Yes,2026_log_sheet_part1
EV-01799,2026,2026-02-21,AB T90 In tank,AB,T0090,T0090,Yes,Enas/Aseela,Enas/Aseela,Enas/Aseela,311,100.0,311,65.59,204,Yes,2026_log_sheet_part1
EV-01800,2026,2026-02-22,AB T106,AB,T0106,T0106,No,Enas,Enas,Enas,577,100.0,577,99.3,573,Yes,2026_log_sheet_part1
EV-01801,2026,2026-02-22,AB T87,AB,T0087,T0087,No,Enas,Enas,Enas,468,100.0,468,91.45,428,Yes,2026_log_sheet_part1
EV-01802,2026,2026-02-22,AB T97 (kept for 2 days),AB,T0097,T0097,No,Enas,Enas,Enas,815,100.0,815,67.73,552,Yes,2026_log_sheet_part1
EV-01803,2026,2026-02-23,AB T90 (keep) In tank,AB,T0090,T0090,Yes,Enas,Enas,Enas,0,0.0,0,0.0,0,No,2026_log_sheet_part1
EV-01804,2026,2026-02-23,AB T118 In tank,AB,T0118,T0118,Yes,Enas,Enas,Enas,592,100.0,592,78.0,462,Yes,2026_log_sheet_part1
EV-01805,2026,2026-02-23,AB T56 In tank,AB,T0056,T0056,Yes,Enas,Enas,Enas,510,99.6,508,51.3,261,Yes,2026_log_sheet_part1
EV-01806,2026,2026-02-23,AB T103 (keep) In tank,AB,T0103,T0103,Yes,Enas,Enas,Enas,0,0.0,0,0.0,0,No,2026_log_sheet_part1
EV-01807,2026,2026-02-23,Fli T54 In tank,Fli,T0054,T0054,Yes,Enas,Enas,Enas,464,100.0,464,50.0,232,Yes,2026_log_sheet_part1
EV-01808,2026,2026-02-24,Gata T73 In tank,Gata,T0073,T0073,Yes,Aseela,Aseela,Aseela,0,0.0,0,0.0,0,No,2026_log_sheet_part1
EV-01809,2026,2026-02-24,AB T103 In tank,AB,T0103,T0103,Yes,Aseela,Aseela,Aseela,0,0.0,0,0.0,0,No,2026_log_sheet_part1
EV-01810,2026,2026-02-24,AB T118 In tank,AB,T0118,T0118,Yes,Aseela,Aseela,Aseela,134,88.0,118,0.0,0,No,2026_log_sheet_part1
EV-01811,2026,2026-02-24,AB T56 In tank,AB,T0056,T0056,Yes,E/AF,E/AF,E/AF,52,0.0,0,0.0,0,No,2026_log_sheet_part1
EV-01812,2026,2026-02-24,Fli T54 In tank,Fli,T0054,T0054,Yes,E/AF,E/AF,E/AF,66,62.12,41,0.0,0,No,2026_log_sheet_part1
EV-01813,2026,2026-03-02,AB T86 In tank,AB,T0086,T0086,Yes,Enas,Enas,Enas,751,93.6,703,80.0,562,Yes,2026_log_sheet_part1
EV-01814,2026,2026-03-02,AB T96 In tank,AB,T0096,T0096,Yes,Enas,Enas,Enas,513,99.4,510,82.0,418,Yes,2026_log_sheet_part1
EV-01815,2026,2026-03-02,AB T90 In tank,AB,T0090,T0090,Yes,Enas,Enas,Enas,196,100.0,196,85.0,167,Yes,2026_log_sheet_part1
EV-01816,2026,2026-03-02,AB T61 In tank,AB,T0061,T0061,Yes,Enas,Enas,Enas,775,93.16,722,67.0,484,Yes,2026_log_sheet_part1
EV-01817,2026,2026-03-02,AB T106 In tank,AB,T0106,T0106,Yes,-,-,-,0,0.0,0,0.0,0,No,2026_log_sheet_part1
EV-01818,2026,2026-03-03,AB T81,AB,T0081,T0081,No,Ahmad,Ahmad,Ahmad,451,100.0,451,92.9,419,Yes,2026_log_sheet_part1
EV-01819,2026,2026-03-03,AB T87,AB,T0087,T0087,No,Ahmad,Ahmad,Ahmad,303,100.0,303,79.0,239,Yes,2026_log_sheet_part1
EV-01820,2026,2026-03-03,AB T106,AB,T0106,T0106,No,Ahmad,Ahmad,Ahmad,720,100.0,720,92.6,667,Yes,2026_log_sheet_part1
EV-01821,2026,2026-03-08,AB T86 In tank,AB,T0086,T0086,Yes,AH / Enas / Sadique,AH / Enas / Sadique,AH / Enas / Sadique,810,96.0,778,86.0,669,Yes,2026_log_sheet_part1
EV-01822,2026,2026-03-08,AB T61 in tank,AB,T0061,T0061,Yes,AH / Enas / Sadique,AH / Enas / Sadique,AH / Enas / Sadique,325,100.0,325,84.0,273,Yes,2026_log_sheet_part1
EV-01823,2026,2026-03-08,AB T90 Intank,AB,T0090,T0090,Yes,AH / Enas / Sadique,AH / Enas / Sadique,AH / Enas / Sadique,210,96.0,202,81.6,165,Yes,2026_log_sheet_part1
EV-01824,2026,2026-03-09,AB T106 Intank,AB,T0106,T0106,Yes,AS/En / Sadique / Mohamad,AS/En / Sadique / Mohamad,AS/En / Sadique / Mohamad,772,100.0,772,87.82,678,Yes,2026_log_sheet_part1
EV-01825,2026,2026-03-09,AB T87 Intank,AB,T0087,T0087,Yes,AS/En / Sadique / Mohamad,AS/En / Sadique / Mohamad,AS/En / Sadique / Mohamad,156,100.0,156,85.25,133,Yes,2026_log_sheet_part1
EV-01826,2026,2026-03-09,AB T81 Intank,AB,T0081,T0081,Yes,AS/En / Sadique / Mohamad,AS/En / Sadique / Mohamad,AS/En / Sadique / Mohamad,473,100.0,473,90.48,428,Yes,2026_log_sheet_part1
EV-01827,2026,2026-03-09,AB T97 Intank,AB,T0097,T0097,Yes,AS/En / Sadique / Mohamad,AS/En / Sadique / Mohamad,AS/En / Sadique / Mohamad,22,100.0,22,45.45,10,Yes,2026_log_sheet_part1
EV-01828,2026,2026-03-09,AB T96 Intank,AB,T0096,T0096,Yes,AS/En / Sadique / Mohamad,AS/En / Sadique / Mohamad,AS/En / Sadique / Mohamad,115,100.0,115,85.34,98,Yes,2026_log_sheet_part1
EV-01829,2026,2026-03-10,AB T80 Intank,AB,T0080,T0080,Yes,Sadique / Mohamad / Mutassim,Sadique / Mohamad / Mutassim,Sadique / Mohamad / Mutassim,165,98.78,163,96.9,158,Yes,2026_log_sheet_part1
EV-01830,2026,2026-03-10,Gata T110 Intank,Gata,T0110,T0110,Yes,Sadique / Mohamad / Mutassim,Sadique / Mohamad / Mutassim,Sadique / Mohamad / Mutassim,109,100.0,109,33.5,37,Yes,2026_log_sheet_part1
EV-01831,2026,2026-03-10,Gata T113 Intank,Gata,T0113,T0113,Yes,Sadiq / Mohamad / Mutassim,Sadiq / Mohamad / Mutassim,Sadiq / Mohamad / Mutassim,582,100.0,582,89.6,521,Yes,2026_log_sheet_part1
EV-01832,2026,2026-03-10,Gata T111 Intank,Gata,T0111,T0111,Yes,Sadiq / Mohamad / Mutassim,Sadiq / Mohamad / Mutassim,Sadiq / Mohamad / Mutassim,58,100.0,58,72.4,42,Yes,2026_log_sheet_part1
EV-01833,2026,2026-03-10,Gata T112 In tank,Gata,T0112,T0112,Yes,Sadiq / Mohamad / Mutassim,Sadiq / Mohamad / Mutassim,Sadiq / Mohamad / Mutassim,3,100.0,3,66.6,2,Yes,2026_log_sheet_part1
EV-01834,2026,2026-03-11,Gata (T73 and T49) 14 Oct 25 in tank,Gata,T0073;T0049;T0025,T0073,Yes,Mohamad / - / -,Mohamad / - / -,Mohamad / - / -,0,0.0,0,0.0,0,No,2026_log_sheet_part1
EV-01835,2026,2026-03-11,Fli T98 In tank,Fli,T0098,T0098,Yes,Mohamad / Mutassim / -,Mohamad / Mutassim / -,Mohamad / Mutassim / -,0,0.0,0,0.0,0,No,2026_log_sheet_part1
EV-01836,2026,2026-03-11,Fli T82 In tank,Fli,T0082,T0082,Yes,Mohamad / Mutassim / -,Mohamad / Mutassim / -,Mohamad / Mutassim / -,0,0.0,0,0.0,0,No,2026_log_sheet_part1
EV-01837,2026,2026-03-11,Fli T From 82 24 Nov. 25,Fli,,,No,Mohamad / Mutassim / -,Mohamad / Mutassim / -,Mohamad / Mutassim / -,0,0.0,0,0.0,0,No,2026_log_sheet_part1
EV-01838,2026,2026-03-11,"Fli T From 52 and 54, T82 7 Jul. 25",Fli,T0082,T0082,No,Mohamad / Mutassim / -,Mohamad / Mutassim / -,Mohamad / Mutassim / -,0,0.0,0,0.0,0,No,2026_log_sheet_part1
EV-01839,2026,2026-03-12,Fli x AB T82 intank,AB,T0082,T0082,Yes,MS / MS / FB,MS / MS / FB,MS / MS / FB,492,0.0,0,0.0,0,No,2026_log_sheet_part1
EV-01840,2026,2026-03-12,Fli T52 + T54 intank,Fli,T0052;T0054,T0052,Yes,MS / MS / FB,MS / MS / FB,MS / MS / FB,70,0.0,0,0.0,0,No,2026_log_sheet_part1
EV-01841,2026,2026-03-12,Fli T98 intank,Fli,T0098,T0098,Yes,MS / MS / FB,MS / MS / FB,MS / MS / FB,0,0.0,0,0.0,0,No,2026_log_sheet_part1
EV-01842,2026,2026-03-12,Gata T73 (F) VS T49 (M) intank,Gata,T0073;T0049,T0073,Yes,MS / MS / FB,MS / MS / FB,MS / MS / FB,0,0.0,0,0.0,0,No,2026_log_sheet_part1
EV-01843,2026,2026-03-15,AB T90 intank,AB,T0090,T0090,Yes,Enas / AE / En,Enas / AE / En,Enas / AE / En,227,100.0,227,74.88,170,Yes,2026_log_sheet_part1
EV-01844,2026,2026-03-15,AB T86 intank,AB,T0086,T0086,Yes,Enas / AE / EA,Enas / AE / EA,Enas / AE / EA,388,100.0,388,71.0,275,Yes,2026_log_sheet_part1
EV-01845,2026,2026-03-15,AB T118 intank,AB,T0118,T0118,Yes,EA / AE / EA,EA / AE / EA,EA / AE / EA,65,100.0,65,92.3,60,Yes,2026_log_sheet_part1
EV-01846,2026,2026-03-15,AB T56 intank,AB,T0056,T0056,Yes,EA / AE / EA,EA / AE / EA,EA / AE / EA,485,100.0,485,83.5,405,Yes,2026_log_sheet_part1
EV-01847,2026,2026-03-15,AB T61 intank,AB,T0061,T0061,Yes,EA / AE / EA,EA / AE / EA,EA / AE / EA,395,100.0,395,0.0,0,No,2026_log_sheet_part1
EV-01848,2026,2026-03-16,AB T106 intank,AB,T0106,T0106,Yes,AH / EA/AF / Sadique,AH / EA/AF / Sadique,AH / EA/AF / Sadique,885,0.0,0,87.0,0,Yes,2026_log_sheet_part1
EV-01849,2026,2026-03-16,AB T87 intank,AB,T0087,T0087,Yes,AH / EA/AF / Sq.,AH / EA/AF / Sq.,AH / EA/AF / Sq.,26,0.0,0,57.0,0,Yes,2026_log_sheet_part1
EV-01850,2026,2026-03-16,AB T80 intank,AB,T0080,T0080,Yes,AH / EA/AF / Sq.,AH / EA/AF / Sq.,AH / EA/AF / Sq.,752,0.0,0,83.0,0,Yes,2026_log_sheet_part1
EV-01851,2026,2026-03-16,AB T81 intank,AB,T0081,T0081,Yes,AH / EA/AF / Sq.,AH / EA/AF / Sq.,AH / EA/AF / Sq.,184,0.0,0,85.0,0,Yes,2026_log_sheet_part1
EV-01852,2026,2026-03-16,AB T96 intank,AB,T0096,T0096,Yes,AH / EA/AF / Sq.,AH / EA/AF / Sq.,AH / EA/AF / Sq.,152,0.0,0,92.0,0,Yes,2026_log_sheet_part1
EV-01853,2026,2026-03-17,AB T97 intank,AB,T0097,T0097,Yes,EA / Sq. / Mohd,EA / Sq. / Mohd,EA / Sq. / Mohd,372,100.0,372,78.49,292,Yes,2026_log_sheet_part1
EV-01854,2026,2026-03-17,AB T103 intank,AB,T0103,T0103,Yes,EA / Sq. / Md,EA / Sq. / Md,EA / Sq. / Md,0,0.0,0,0.0,0,No,2026_log_sheet_part1
EV-01855,2026,2026-03-23,AB T61 intank,AB,T0061,T0061,Yes,EA / AE/AF / AE,EA / AE/AF / AE,EA / AE/AF / AE,254,94.0,239,72.4,173,Yes,2026_log_sheet_part1
EV-01856,2026,2026-03-23,AB T90,AB,T0090,T0090,No,EA / AE/AF / AE,EA / AE/AF / AE,EA / AE/AF / AE,328,100.0,328,0.0,0,No,2026_log_sheet_part1
EV-01857,2026,2026-03-23,AB T96,AB,T0096,T0096,No,EA / AE/AF / AE,EA / AE/AF / AE,EA / AE/AF / AE,411,98.5,405,84.2,341,Yes,2026_log_sheet_part1
EV-01858,2026,2026-03-23,Casper T116,Casper,T0116,T0116,No,EA / AE/AF / AE,EA / AE/AF / AE,EA / AE/AF / AE,439,99.5,437,0.0,0,No,2026_log_sheet_part1
EV-01859,2026,2026-03-24,AB T87,AB,T0087,T0087,No,AE / AF/AY / AE,AE / AF/AY / AE,AE / AF/AY / AE,300,100.0,300,90.0,270,Yes,2026_log_sheet_part1
EV-01860,2026,2026-03-24,AB T95(F) X ABT93(M),AB,T0095;T0093,T0095,No,AE / AF / AE,AE / AF / AE,AE / AF / AE,532,100.0,532,90.0,479,Yes,2026_log_sheet_part1
EV-01861,2026,2026-03-24,AB T81,AB,T0081,T0081,No,AE / AF / AE,AE / AF / AE,AE / AF / AE,785,100.0,785,85.0,667,Yes,2026_log_sheet_part1
EV-01862,2026,2026-03-24,AB T97,AB,T0097,T0097,No,AE / AF / AE,AE / AF / AE,AE / AF / AE,543,100.0,543,90.0,489,Yes,2026_log_sheet_part1
EV-01863,2026,2026-03-24,AB T80,AB,T0080,T0080,No,AE / AF/AY / AE,AE / AF/AY / AE,AE / AF/AY / AE,1275,100.0,1275,79.0,1007,Yes,2026_log_sheet_part1
EV-01864,2026,2026-03-24,AB T86,AB,T0086,T0086,No,AE / AF/AY / AE,AE / AF/AY / AE,AE / AF/AY / AE,294,100.0,294,84.0,247,Yes,2026_log_sheet_part1
EV-01865,2026,2026-03-25,Fli T19,Fli,T0019,T0019,No,AE / AE / Sadique,AE / AE / Sadique,AE / AE / Sadique,114,100.0,114,93.8,107,Yes,2026_log_sheet_part1
EV-01866,2026,2026-03-25,Fli T98,Fli,T0098,T0098,No,AE / AE/AF / Sadique,AE / AE/AF / Sadique,AE / AE/AF / Sadique,0,0.0,0,0.0,0,No,2026_log_sheet_part1
EV-01867,2026,2026-03-25,Fli T70,Fli,T0070,T0070,No,AE / AE/AF / Sadique,AE / AE/AF / Sadique,AE / AE/AF / Sadique,655,100.0,655,71.9,471,Yes,2026_log_sheet_part1
EV-01868,2026,2026-03-25,Fli T82,Fli,T0082,T0082,No,AE / AE/AF / Sadique,AE / AE/AF / Sadique,AE / AE/AF / Sadique,435,100.0,435,96.7,421,Yes,2026_log_sheet_part1
EV-01869,2026,2026-03-25,"Fli T119(F), Fli T100(F), Fli T98(M)",Fli,T0119;T0100;T0098,T0119,No,AE / AE/AF / Sadique,AE / AE/AF / Sadique,AE / AE/AF / Sadique,63,100.0,63,39.6,25,Yes,2026_log_sheet_part1
EV-01870,2026,2026-03-25,AB T106,AB,T0106,T0106,No,AE / AE/AF / Sadique,AE / AE/AF / Sadique,AE / AE/AF / Sadique,1572,100.0,1572,72.6,1141,Yes,2026_log_sheet_part1
EV-01871,2026,2026-03-29,AB T61,AB,T0061,T0061,No,FB/AF / AE/AF / -,FB/AF / AE/AF / -,FB/AF / AE/AF / -,0,0.0,0,0.0,0,No,2026_log_sheet_part1
EV-01872,2026,2026-03-29,AB T86,AB,T0086,T0086,No,FB/AF / AE/AF / AE,FB/AF / AE/AF / AE,FB/AF / AE/AF / AE,531,100.0,531,90.0,478,Yes,2026_log_sheet_part1
EV-01873,2026,2026-03-29,Fli T82,Fli,T0082,T0082,No,FB/AF / AE/AF / AG,FB/AF / AE/AF / AG,FB/AF / AE/AF / AG,320,100.0,320,83.0,266,Yes,2026_log_sheet_part1
EV-01874,2026,2026-03-30,AB T87,AB,T0087,T0087,No,AE / AE / AE,AE / AE / AE,AE / AE / AE,463,100.0,463,87.0,403,Yes,2026_log_sheet_part1
EV-01875,2026,2026-03-30,AB T96,AB,T0096,T0096,No,AE / - / AE,AE / - / AE,AE / - / AE,546,100.0,546,86.8,474,Yes,2026_log_sheet_part1
EV-01876,2026,2026-03-30,AB T90,AB,T0090,T0090,No,AE / - / AE,AE / - / AE,AE / - / AE,569,100.0,569,92.0,523,Yes,2026_log_sheet_part1
EV-01877,2026,2026-03-30,Fli T19,Fli,T0019,T0019,No,AE / - / AE,AE / - / AE,AE / - / AE,427,100.0,427,88.0,376,Yes,2026_log_sheet_part1
EV-01878,2026,2026-03-30,Fli T70,Fli,T0070,T0070,No,AE / AE / AE,AE / AE / AE,AE / AE / AE,127,100.0,127,15.0,19,Yes,2026_log_sheet_part1
EV-01879,2026,2026-03-30,Fli T100 x Fli T98,Fli,T0100;T0098,T0100,No,AE / - / AE,AE / - / AE,AE / - / AE,121,100.0,121,75.0,91,Yes,2026_log_sheet_part1
EV-01880,2026,2026-03-30,Fli T98,Fli,T0098,T0098,No,AE / AE / AE,AE / AE / AE,AE / AE / AE,0,0.0,0,57.0,0,No,2026_log_sheet_part1
EV-01881,2026,2026-03-30,81 July 2025,Other,,,No,AE / AE / AE,AE / AE / AE,AE / AE / AE,220,100.0,220,0.0,0,No,2026_log_sheet_part1
EV-01882,2026,2026-03-31,AB T97,AB,T0097,T0097,No,AE / - / -,AE / - / -,AE / - / -,0,0.0,0,0.0,0,No,2026_log_sheet_part1
EV-01883,2026,2026-03-31,Gata T110,Gata,T0110,T0110,No,AE / - / AE/AF,AE / - / AE/AF,AE / - / AE/AF,0,0.0,0,0.0,0,No,2026_log_sheet_part1
EV-01884,2026,2026-03-31,Gata T112,Gata,T0112,T0112,No,AE / AE / AE/AF,AE / AE / AE/AF,AE / AE / AE/AF,280,98.0,274,27.0,74,Yes,2026_log_sheet_part1
EV-01885,2026,2026-03-31,Gata T111,Gata,T0111,T0111,No,AE / AE / AE/AF,AE / AE / AE/AF,AE / AE / AE/AF,737,100.0,737,0.0,0,No,2026_log_sheet_part1
EV-01886,2026,2026-03-31,Gata T113,Gata,T0113,T0113,No,AE / AE / AE/AF,AE / AE / AE/AF,AE / AE / AE/AF,37,100.0,37,0.0,0,No,2026_log_sheet_part1
EV-01887,2026,2026-03-31,Gata T113x Gata T112,Gata,T0113;T0112,T0113,No,AE / AF / AE/AF,AE / AF / AE/AF,AE / AF / AE/AF,118,100.0,118,65.0,77,Yes,2026_log_sheet_part1
EV-01888,2026,2026-03-31,Gata T79x AB T93,AB,T0079;T0093,T0079,No,AE / AE / AE/AF,AE / AE / AE/AF,AE / AE / AE/AF,1682,0.0,0,88.6,0,Yes,2026_log_sheet_part1
EV-01889,2026,2026-03-31,Gata T79x Gata T112,Gata,T0079;T0112,T0079,No,AE / AE$ / AF,AE / AE$ / AF,AE / AE$ / AF,590,100.0,590,73.0,431,Yes,2026_log_sheet_part1
EV-01890,2026,2026-04-01,Gata T49 x Gata T73,Gata,T0049;T0073,T0049,No,AE / AE/AF / AE,AE / AE/AF / AE,AE / AE/AF / AE,885,100.0,885,84.0,743,Yes,2026_log_sheet_part1
EV-01891,2026,2026-04-01,Fli T59,Fli,T0059,T0059,No,AE / AE-collection AF-counting / AE,AE / AE-collection AF-counting / AE,AE / AE-collection AF-counting / AE,899,100.0,899,54.0,485,Yes,2026_log_sheet_part1
EV-01892,2026,2026-04-01,Fli T105x AB T56,AB,T0105;T0056,T0105,No,AE / - / AE,AE / - / AE,AE / - / AE,654,100.0,654,68.0,445,Yes,2026_log_sheet_part1
EV-01893,2026,2026-04-01,Fli T72,Fli,T0072,T0072,No,AE / - / AE,AE / - / AE,AE / - / AE,321,100.0,321,84.7,272,Yes,2026_log_sheet_part1
EV-01894,2026,2026-04-01,Fli T104,Fli,T0104,T0104,No,AE / - / AE,AE / - / AE,AE / - / AE,213,100.0,213,84.0,179,Yes,2026_log_sheet_part1
EV-01895,2026,2026-04-01,AB T97,AB,T0097,T0097,No,AE / - / AE,AE / - / AE,AE / - / AE,190,100.0,190,94.0,179,Yes,2026_log_sheet_part1
EV-01896,2026,2026-04-02,AB T103,AB,T0103,T0103,No,AF / AE/AF / Muhammed,AF / AE/AF / Muhammed,AF / AE/AF / Muhammed,1005,100.0,1005,74.02,744,Yes,2026_log_sheet_part1
EV-01897,2026,2026-04-02,AB T118 x AB T56,AB,T0118;T0056,T0118,No,AE / - / -,AE / - / -,AE / - / -,367,100.0,367,81.47,299,Yes,2026_log_sheet_part1
EV-01898,2026,2026-04-02,Fli T54 x AB T73,AB,T0054;T0073,T0054,No,AE / AE/AF / -,AE / AE/AF / -,AE / AE/AF / -,112,100.0,112,33.8,38,Yes,2026_log_sheet_part1
EV-01899,2026,2026-04-02,Fli T54 x AB T103,AB,T0054;T0103,T0054,No,AE / AE/AF / -,AE / AE/AF / -,AE / AE/AF / -,67,100.0,67,75.05,50,Yes,2026_log_sheet_part1
EV-01900,2026,2026-04-02,AB T117,AB,T0117,T0117,No,AE / AE/AF / -,AE / AE/AF / -,AE / AE/AF / -,288,100.0,288,93.75,270,Yes,2026_log_sheet_part1
EV-01901,2026,2026-04-02,AB T118 x Gata T49,AB,T0118;T0049,T0118,No,AE / AE/AF / -,AE / AE/AF / -,AE / AE/AF / -,355,100.0,355,98.39,349,Yes,2026_log_sheet_part1
EV-01902,2026,2026-04-02,AB T118 x Fli T104,AB,T0118;T0104,T0118,No,AE / AE/AF / -,AE / AE/AF / -,AE / AE/AF / -,675,100.0,675,43.7,295,Yes,2026_log_sheet_part1
EV-01903,2026,2026-04-02,AB T118,AB,T0118,T0118,No,AE / AE/AF / -,AE / AE/AF / -,AE / AE/AF / -,0,0.0,0,0.0,0,No,2026_log_sheet_part1
EV-01904,2026,2026-04-05,ABT 90,AB,T0090,T0090,No,AE / AE / AE,AE / AE / AE,AE / AE / AE,660,100.0,660,83.9,554,Yes,2026_log_sheet_part1
EV-01905,2026,2026-04-05,ABT 86,AB,T0086,T0086,No,AE / - / AE,AE / - / AE,AE / - / AE,290,100.0,290,88.0,255,Yes,2026_log_sheet_part1
EV-01906,2026,2026-04-05,ABT 97,AB,T0097,T0097,No,AE / - / AE,AE / - / AE,AE / - / AE,534,100.0,534,75.0,400,Yes,2026_log_sheet_part1
EV-01907,2026,2026-04-06,Gata T102,Gata,T0102,T0102,No,AE / AE / AE,AE / AE / AE,AE / AE / AE,491,100.0,491,26.0,128,Yes,2026_log_sheet_part1
EV-01908,2026,2026-04-06,Gata T101,Gata,T0101,T0101,No,- / - / AE,- / - / AE,- / - / AE,0,0.0,0,0.0,0,No,2026_log_sheet_part1
EV-01909,2026,2026-04-06,Gata T101 + ABT93,AB,T0101;T0093,T0101,No,- / AE / AE,- / AE / AE,- / AE / AE,474,100.0,474,81.0,384,Yes,2026_log_sheet_part1
EV-01910,2026,2026-04-06,ABT81,AB,T0081,T0081,No,- / - / AE,- / - / AE,- / - / AE,524,100.0,524,74.0,388,Yes,2026_log_sheet_part1
EV-01911,2026,2026-04-06,ABT87,AB,T0087,T0087,No,- / - / AE,- / - / AE,- / - / AE,682,100.0,682,90.0,614,Yes,2026_log_sheet_part1
EV-01912,2026,2026-04-06,ABT96,AB,T0096,T0096,No,- / - / AE,- / - / AE,- / - / AE,679,100.0,679,90.0,611,Yes,2026_log_sheet_part1
EV-01913,2026,2026-04-07,Fli T100 x Fli T98,Fli,T0100;T0098,T0100,No,AE / AE/AF / AE/AF,AE / AE/AF / AE/AF,AE / AE/AF / AE/AF,0,0.0,0,0.0,0,No,2026_log_sheet_part1
EV-01914,2026,2026-04-07,Fli T82,Fli,T0082,T0082,No,AE / AE/AF / AE/AF,AE / AE/AF / AE/AF,AE / AE/AF / AE/AF,0,0.0,0,90.61,0,No,2026_log_sheet_part1
EV-01915,2026,2026-04-07,Fli T119,Fli,T0119,T0119,No,AE / AE/AF / AE/AF,AE / AE/AF / AE/AF,AE / AE/AF / AE/AF,0,0.0,0,0.0,0,No,2026_log_sheet_part1
EV-01916,2026,2026-04-07,Fli T98,Fli,T0098,T0098,No,AE / AE/AF / AE/AF,AE / AE/AF / AE/AF,AE / AE/AF / AE/AF,0,0.0,0,0.0,0,No,2026_log_sheet_part1
EV-01917,2026,2026-04-07,Fli T70,Fli,T0070,T0070,No,AE / AE/AF / AE,AE / AE/AF / AE,AE / AE/AF / AE,0,0.0,0,86.0,0,No,2026_log_sheet_part1
EV-01918,2026,2026-04-08,AB T81,AB,T0081,T0081,No,AE / AE / AE,AE / AE / AE,AE / AE / AE,1821,100.0,1821,86.0,1566,Yes,2026_log_sheet_part1
EV-01919,2026,2026-04-08,AB T80,AB,T0080,T0080,No,AE / ~ / AF,AE / ~ / AF,AE / ~ / AF,747,100.0,747,72.0,538,Yes,2026_log_sheet_part1
EV-01920,2026,2026-04-08,AB T106,AB,T0106,T0106,No,AE / ~ / AE,AE / ~ / AE,AE / ~ / AE,94,100.0,94,97.0,91,Yes,2026_log_sheet_part1
EV-01921,2026,2026-04-08,AB T106 x ABT93,AB,T0106;T0093,T0106,No,AE / ~ / AE,AE / ~ / AE,AE / ~ / AE,1830,100.0,1830,96.0,1757,Yes,2026_log_sheet_part1
EV-01922,2026,2026-04-08,AB T93 x ABT95,AB,T0093;T0095,T0093,No,AE / ~ / AE,AE / ~ / AE,AE / ~ / AE,720,100.0,720,92.0,662,Yes,2026_log_sheet_part1
EV-01923,2026,2026-04-11,AB T90,AB,T0090,T0090,No,Enas / Aseela / AE,Enas / Aseela / AE,Enas / Aseela / AE,334,0.0,0,84.5,0,Yes,2026_log_sheet_part1
EV-01924,2026,2026-04-11,Fli T82,Fli,T0082,T0082,No,Enas / Aseela / Ase,Enas / Aseela / Ase,Enas / Aseela / Ase,405,0.0,0,84.9,0,Yes,2026_log_sheet_part1
EV-01925,2026,2026-04-11,AB T97 In tank,AB,T0097,T0097,Yes,Enas / Aseela / AE,Enas / Aseela / AE,Enas / Aseela / AE,0,0.0,0,51.0,0,No,2026_log_sheet_part1
EV-01926,2026,2026-04-11,AB T86 In tank,AB,T0086,T0086,Yes,Enas / Aseela / AE,Enas / Aseela / AE,Enas / Aseela / AE,0,0.0,0,78.0,0,No,2026_log_sheet_part1
EV-01927,2026,2026-04-11,AB T96,AB,T0096,T0096,No,Bhas / Aseela / AF,Bhas / Aseela / AF,Bhas / Aseela / AF,274,0.0,0,89.7,0,Yes,2026_log_sheet_part1
EV-01928,2026,2026-04-12,AB T61,AB,T0061,T0061,No,AE / AE / AE,AE / AE / AE,AE / AE / AE,707,100.0,707,70.0,495,Yes,2026_log_sheet_part1
EV-01929,2026,2026-04-12,AB T86,AB,T0086,T0086,No,AE / AE / AE,AE / AE / AE,AE / AE / AE,594,100.0,594,66.3,394,Yes,2026_log_sheet_part1
EV-01930,2026,2026-04-14,AB from ABT87xT96,AB,T0087;T0096,T0087,No,Ahmad / collection:AE counting:AF / AE,Ahmad / collection:AE counting:AF / AE,Ahmad / collection:AE counting:AF / AE,118,0.0,0,66.0,0,Yes,2026_log_sheet_part1
EV-01931,2026,2026-04-14,ABT93 x GataT79,AB,T0093;T0079,T0093,No,- / - / AE,- / - / AE,- / - / AE,715,0.0,0,96.0,0,Yes,2026_log_sheet_part1
EV-01932,2026,2026-04-14,Gata T11,Gata,T0011,T0011,No,- / - / AE,- / - / AE,- / - / AE,1055,0.0,0,94.0,0,Yes,2026_log_sheet_part1
EV-01933,2026,2026-04-14,Gata T10,Gata,T0010,T0010,No,- / - / AE,- / - / AE,- / - / AE,259,0.0,0,88.4,0,Yes,2026_log_sheet_part1
EV-01934,2026,2026-04-14,Gata T13,Gata,T0013,T0013,No,- / - / AE,- / - / AE,- / - / AE,132,0.0,0,30.0,0,Yes,2026_log_sheet_part1
EV-01935,2026,2026-04-14,Gata T112 x Gata113,Gata,T0112,T0112,No,- / - / AE,- / - / AE,- / - / AE,376,0.0,0,76.0,0,Yes,2026_log_sheet_part1
EV-01936,2026,2026-04-14,Gata T112 x GataT79,Gata,T0112;T0079,T0112,No,- / - / AE,- / - / AE,- / - / AE,645,0.0,0,84.0,0,Yes,2026_log_sheet_part1
EV-01937,2026,2026-04-14,AB T117,AB,T0117,T0117,No,AE / - / -,AE / - / -,AE / - / -,0,0.0,0,0.0,0,No,2026_log_sheet_part1
EV-01938,2026,2026-04-15,ABT117 x ABT93,AB,T0117;T0093,T0117,No,AE / collection:AE counting:AF / AF,AE / collection:AE counting:AF / AF,AE / collection:AE counting:AF / AF,1130,0.0,0,93.57,0,Yes,2026_log_sheet_part1
EV-01939,2026,2026-04-15,ABT118 x ABT93,AB,T0118;T0093,T0118,No,AE / - / AF,AE / - / AF,AE / - / AF,1538,0.0,0,91.28,0,Yes,2026_log_sheet_part1
EV-01940,2026,2026-04-15,ABT117 x ABT118,AB,T0117;T0118,T0117,No,AE / - / AF,AE / - / AF,AE / - / AF,340,0.0,0,87.9,0,Yes,2026_log_sheet_part1
EV-01941,2026,2026-04-18,ABT86,AB,T0086,T0086,No,AE / EA/AF / Aseela,AE / EA/AF / Aseela,AE / EA/AF / Aseela,369,100.0,369,89.0,328,Yes,2026_log_sheet_part1
EV-01942,2026,2026-04-18,ABT90,AB,T0090,T0090,No,AE / AF / E,AE / AF / E,AE / AF / E,350,0.0,0,0.0,0,No,2026_log_sheet_part1
EV-01943,2026,2026-04-20,ABT87,AB,T0087,T0087,No,AF / AE/AF / -,AF / AE/AF / -,AF / AE/AF / -,845,100.0,845,0.0,0,No,2026_log_sheet_part1
EV-01944,2026,2026-04-20,ABT61,AB,T0061,T0061,No,AF / AE/AF / -,AF / AE/AF / -,AF / AE/AF / -,893,100.0,893,90.6,809,Yes,2026_log_sheet_part1
EV-01945,2026,2026-04-20,ABT97,AB,T0097,T0097,No,AF / AE/AF / -,AF / AE/AF / -,AF / AE/AF / -,795,100.0,795,92.0,731,Yes,2026_log_sheet_part1
EV-01946,2026,2026-04-20,ABT96,AB,T0096,T0096,No,AF / A/AF / -,AF / A/AF / -,AF / A/AF / -,579,100.0,579,91.2,528,Yes,2026_log_sheet_part1
EV-01947,2026,2026-04-22,ABT81,AB,T0081,T0081,No,AE / AE/AF / AE,AE / AE/AF / AE,AE / AE/AF / AE,294,100.0,294,0.0,0,No,2026_log_sheet_part1
EV-01948,2026,2026-04-22,ABT106,AB,T0106,T0106,No,AE / AE/AF / AE,AE / AE/AF / AE,AE / AE/AF / AE,269,100.0,269,80.0,215,Yes,2026_log_sheet_part1
EV-01949,2026,2026-04-22,ABT106xABT93,AB,T0106;T0093,T0106,No,AE / AE/AF / AE,AE / AE/AF / AE,AE / AE/AF / AE,1461,100.0,1461,83.0,1213,Yes,2026_log_sheet_part1
EV-01950,2026,2026-04-23,ABT80,AB,T0080,T0080,No,AF / AF / Ms./Enas recorded,AF / AF / Ms./Enas recorded,AF / AF / Ms./Enas recorded,14,100.0,14,93.0,13,Yes,2026_log_sheet_part1
EV-01951,2026,2026-04-23,A13 T93xABT95,AB,T0093;T0095,T0093,No,AF / - / Ms/Enas recorded,AF / - / Ms/Enas recorded,AF / - / Ms/Enas recorded,0,0.0,0,61.75,0,No,2026_log_sheet_part1
EV-01952,2026,2026-04-25,ABT97,AB,T0097,T0097,No,EA / AE / Aseela,EA / AE / Aseela,EA / AE / Aseela,533,100.0,533,86.67,462,Yes,2026_log_sheet_part1
EV-01953,2026,2026-04-25,ABT96,AB,T0096,T0096,No,FA / AC / AF,FA / AC / AF,FA / AC / AF,597,100.0,597,76.04,454,Yes,2026_log_sheet_part1
EV-01954,2026,2026-04-25,ABT61 (only 1 breeding tank),AB,T0061,T0061,No,EA / AC / AE,EA / AC / AE,EA / AC / AE,711,100.0,711,0.0,0,No,2026_log_sheet_part1
EV-01955,2026,2026-04-25,Casper T15,Casper,T0015,T0015,No,EA / - / -,EA / - / -,EA / - / -,0,0.0,0,0.0,0,No,2026_log_sheet_part1
EV-01956,2026,2026-04-25,Casper T115 in tank,Casper,T0115,T0115,Yes,EA / AE / AE,EA / AE / AE,EA / AE / AE,727,100.0,727,38.0,276,Yes,2026_log_sheet_part1
EV-01957,2026,2026-04-25,Casper From T67(F) vs T15(M) In tank 3/7/25,Casper,T0067;T0015,T0067,Yes,EA / AE / -,EA / AE / -,EA / AE / -,0,0.0,0,0.0,0,No,2026_log_sheet_part1
EV-01958,2026,2026-04-27,ABT87,AB,T0087,T0087,No,AE / collection:AF counting:AF / AE,AE / collection:AF counting:AF / AE,AE / collection:AF counting:AF / AE,364,0.0,0,81.0,0,Yes,2026_log_sheet_part1
EV-01959,2026,2026-04-27,ABT87 + ABT96,AB,T0087;T0096,T0087,No,AE / - / -,AE / - / -,AE / - / -,150,0.0,0,73.0,0,Yes,2026_log_sheet_part1
EV-01960,2026,2026-04-27,"ABT86, 87, 96 in tank breeders (ABT128)",AB,T0086;T0128,T0086,Yes,AE / - / -,AE / - / -,AE / - / -,119,0.0,0,74.7,0,Yes,2026_log_sheet_part1
EV-01961,2026,2026-04-27,ABT90,AB,T0090,T0090,No,AE / - / -,AE / - / -,AE / - / -,364,0.0,0,80.0,0,Yes,2026_log_sheet_part1
EV-01962,2026,2026-04-27,ABT86,AB,T0086,T0086,No,AF / - / -,AF / - / -,AF / - / -,464,0.0,0,85.5,0,Yes,2026_log_sheet_part1
EV-01963,2026,2026-04-29,Gata101 x ABT93,AB,T0093,T0093,No,AE / collection:AE counting:AF / AE,AE / collection:AE counting:AF / AE,AE / collection:AE counting:AF / AE,1344,0.0,0,93.0,0,Yes,2026_log_sheet_part1
EV-01964,2026,2026-04-29,Gata 101,Gata,,,No,AE / - / AE,AE / - / AE,AE / - / AE,774,0.0,0,79.0,0,Yes,2026_log_sheet_part1
EV-01965,2026,2026-04-29,Gata Nov 25 x ABT93,AB,T0093,T0093,No,AE / - / AE,AE / - / AE,AE / - / AE,849,0.0,0,92.0,0,Yes,2026_log_sheet_part1
EV-01966,2026,2026-04-29,Gata Nov 25 x Gata T112,Gata,T0112,T0112,No,AE / - / AE,AE / - / AE,AE / - / AE,367,0.0,0,53.0,0,Yes,2026_log_sheet_part1
EV-01967,2026,2026-05-02,No breeding setup,Other,,,No,ROS / - / -,ROS / - / -,ROS / - / -,0,0.0,0,0.0,0,No,2026_log_sheet_part1
EV-01968,2026,2026-05-04,AB T61,AB,T0061,T0061,No,AE / AE / AE,AE / AE / AE,AE / AE / AE,180,80.0,144,88.0,127,Yes,2026_log_sheet_part1
EV-01969,2026,2026-05-09,ABT90,AB,T0090,T0090,No,AE / AS / AS,AE / AS / AS,AE / AS / AS,198,0.0,0,77.0,0,Yes,2026_log_sheet_part1
EV-01970,2026,2026-05-09,ABT86,AB,T0086,T0086,No,AS / AE / AE,AS / AE / AE,AS / AE / AE,622,0.0,0,85.0,0,Yes,2026_log_sheet_part1
EV-01971,2026,2026-05-10,ABT97,AB,T0097,T0097,No,AE / AE / AE,AE / AE / AE,AE / AE / AE,482,100.0,482,87.0,419,Yes,2026_log_sheet_part1
EV-01972,2026,2026-05-10,ABT61,AB,T0061,T0061,No,AE / AE / AE,AE / AE / AE,AE / AE / AE,300,100.0,300,79.0,237,Yes,2026_log_sheet_part1
EV-01973,2026,2026-05-10,ABT87,AB,T0087,T0087,No,AE / AE+Sadiq SR:Aseela / AE,AE / AE+Sadiq SR:Aseela / AE,AE / AE+Sadiq SR:Aseela / AE,1262,0.0,0,80.0,0,Yes,2026_log_sheet_part1
EV-01974,2026,2026-05-10,ABT96,AB,T0096,T0096,No,AE / collection: AE+Sadiq SR:Aseela / AE,AE / collection: AE+Sadiq SR:Aseela / AE,AE / collection: AE+Sadiq SR:Aseela / AE,879,0.0,0,78.0,0,Yes,2026_log_sheet_part1
EV-01975,2026,2026-05-11,ABT128,AB,T0128,T0128,No,AE / AE / Sadiq,AE / AE / Sadiq,AE / AE / Sadiq,11,100.0,11,92.0,10,Yes,2026_log_sheet_part1
EV-01976,2026,2026-05-11,ABT129,AB,T0129,T0129,No,AE / AF / Sadiq,AE / AF / Sadiq,AE / AF / Sadiq,165,100.0,165,79.0,130,Yes,2026_log_sheet_part1
EV-01977,2026,2026-05-11,ABT106xABT81,AB,T0106;T0081,T0106,No,AE / AF / AE,AE / AF / AE,AE / AF / AE,861,100.0,861,92.0,792,Yes,2026_log_sheet_part1
EV-01978,2026,2026-05-11,ABT106xABT93,AB,T0106;T0093,T0106,No,AE / AF / AE,AE / AF / AE,AE / AF / AE,2678,100.0,2678,82.0,2196,Yes,2026_log_sheet_part1
EV-01979,2026,2026-05-11,ABT81,AB,T0081,T0081,No,AE / AF / Sadiq,AE / AF / Sadiq,AE / AF / Sadiq,1237,100.0,1237,91.5,1132,Yes,2026_log_sheet_part1
EV-01980,2026,2026-05-13,ABT76xABT130,AB,T0076;T0130,T0076,No,AE / AE / Muhammed,AE / AE / Muhammed,AE / AE / Muhammed,1186,100.0,1186,81.45,966,Yes,2026_log_sheet_part1
EV-01981,2026,2026-05-13,ABT90xABT130,AB,T0090;T0130,T0090,No,AE / AE / Muhammed,AE / AE / Muhammed,AE / AE / Muhammed,614,100.0,614,75.73,465,Yes,2026_log_sheet_part1
EV-01982,2026,2026-05-13,ABT80,AB,T0080,T0080,No,AE / AE / Muhammed,AE / AE / Muhammed,AE / AE / Muhammed,604,100.0,604,76.0,459,Yes,2026_log_sheet_part1
EV-01983,2026,2026-05-13,ABT95xABT130,AB,T0095;T0130,T0095,No,AE / - / Muhammed,AE / - / Muhammed,AE / - / Muhammed,2140,100.0,2140,71.49,1530,Yes,2026_log_sheet_part1
EV-01984,2026,2026-05-16,Cas T109,Casper,T0109,T0109,No,EA / AE / Sadiq,EA / AE / Sadiq,EA / AE / Sadiq,4,100.0,4,25.0,1,Yes,2026_log_sheet_part1
EV-01985,2026,2026-05-16,Cas(F)T114 (M)T77,Casper,T0114;T0077,T0114,No,EA / - / -,EA / - / -,EA / - / -,0,0.0,0,0.0,0,No,2026_log_sheet_part1
EV-01986,2026,2026-05-16,Cas(F)T121 (M)T77,Casper,T0121;T0077,T0121,No,EA / AE / Sadiq,EA / AE / Sadiq,EA / AE / Sadiq,89,100.0,89,93.0,83,Yes,2026_log_sheet_part1
EV-01987,2026,2026-05-16,Cas T108,Casper,T0108,T0108,No,EA / AE / Sadiq,EA / AE / Sadiq,EA / AE / Sadiq,294,85.0,250,97.6,244,Yes,2026_log_sheet_part1
EV-01988,2026,2026-05-16,AB T97,AB,T0097,T0097,No,EA / AE / Sadiq,EA / AE / Sadiq,EA / AE / Sadiq,327,100.0,327,0.0,0,No,2026_log_sheet_part1
EV-01989,2026,2026-05-16,AB T128,AB,T0128,T0128,No,EA / AE / Sadiq,EA / AE / Sadiq,EA / AE / Sadiq,60,100.0,60,96.6,58,Yes,2026_log_sheet_part1
EV-01990,2026,2026-05-18,ABT86,AB,T0086,T0086,No,AE / AE / Aseela,AE / AE / Aseela,AE / AE / Aseela,823,100.0,823,0.0,0,No,2026_log_sheet_part1
EV-01991,2026,2026-05-18,ABT96,AB,T0096,T0096,No,AE / collection:AE counting:AF / Aseela,AE / collection:AE counting:AF / Aseela,AE / collection:AE counting:AF / Aseela,946,100.0,946,0.0,0,No,2026_log_sheet_part1
EV-01992,2026,2026-05-18,ABT87,AB,T0087,T0087,No,AE / - / Aseela,AE / - / Aseela,AE / - / Aseela,663,100.0,663,0.0,0,No,2026_log_sheet_part1
EV-01993,2026,2026-05-19,fliT98,Fli,T0098,T0098,No,AE / AE/Sadiq / Sodique,AE / AE/Sadiq / Sodique,AE / AE/Sadiq / Sodique,132,100.0,132,0.0,0,No,2026_log_sheet_part1
EV-01994,2026,2026-05-19,fliT70,Fli,T0070,T0070,No,AE / - / -,AE / - / -,AE / - / -,714,100.0,714,29.8,213,Yes,2026_log_sheet_part1
EV-01995,2026,2026-05-19,fliT133,Fli,T0133,T0133,No,AE / - / -,AE / - / -,AE / - / -,225,100.0,225,77.7,175,Yes,2026_log_sheet_part1
EV-01996,2026,2026-05-19,fliT132,Fli,T0132,T0132,No,AE / - / -,AE / - / -,AE / - / -,272,100.0,272,48.8,133,Yes,2026_log_sheet_part1
EV-01997,2026,2026-05-19,fliT111,Fli,T0111,T0111,No,AE / - / -,AE / - / -,AE / - / -,427,82.0,350,52.0,182,Yes,2026_log_sheet_part1
EV-01998,2026,2026-05-19,fliT133 x fliT98,Fli,T0133;T0098,T0133,No,AE / - / AE,AE / - / AE,AE / - / AE,66,100.0,66,92.0,61,Yes,2026_log_sheet_part1
EV-01999,2026,2026-05-20,GataT101,Gata,T0101,T0101,No,AE / AE / AE,AE / AE / AE,AE / AE / AE,677,100.0,677,82.0,555,Yes,2026_log_sheet_part1
EV-02000,2026,2026-05-20,GataT113,Gata,T0113,T0113,No,AE / - / AE,AE / - / AE,AE / - / AE,1056,100.0,1056,68.0,718,Yes,2026_log_sheet_part1
EV-02001,2026,2026-05-24,Gata/112,Gata,,,No,AE / AE / AE,AE / AE / AE,AE / AE / AE,208,100.0,208,0.0,0,No,2026_log_sheet_part1
EV-02002,2026,2026-05-24,Gata/110,Gata,,,No,AE / AE / AE,AE / AE / AE,AE / AE / AE,1095,100.0,1095,94.0,1029,Yes,2026_log_sheet_part1
EV-02003,2026,2026-05-24,Gata/T04,Gata,T0004,T0004,No,AE / - / AE,AE / - / AE,AE / - / AE,636,100.0,636,6.0,38,Yes,2026_log_sheet_part1
EV-02004,2026,2026-05-24,"Gata T10, T12",Gata,T0010;T0012,T0010,No,AE / - / AG,AE / - / AG,AE / - / AG,411,90.0,370,50.0,185,Yes,2026_log_sheet_part1
EV-02005,2026,2026-05-26,ABT80,AB,T0080,T0080,No,AE / - / H.O,AE / - / H.O,AE / - / H.O,452,100.0,452,76.0,344,Yes,2026_log_sheet_part1
EV-02006,2026,2026-05-26,ABT81,AB,T0081,T0081,No,AE / - / H.O,AE / - / H.O,AE / - / H.O,1036,100.0,1036,84.0,870,Yes,2026_log_sheet_part1
EV-02007,2026,2026-05-26,ABT129,AB,T0129,T0129,No,AE / - / H.O,AE / - / H.O,AE / - / H.O,433,100.0,433,94.0,407,Yes,2026_log_sheet_part1
EV-02008,2026,2026-05-26,ABT106,AB,T0106,T0106,No,AE / AE / M.O,AE / AE / M.O,AE / AE / M.O,1214,100.0,1214,80.0,971,Yes,2026_log_sheet_part1
EV-02009,2026,2026-05-29,ABT128,AB,T0128,T0128,No,AF / AE / AE,AF / AE / AE,AF / AE / AE,346,100.0,346,87.0,301,Yes,2026_log_sheet_part1
EV-02010,2026,2026-05-29,ABT86,AB,T0086,T0086,No,AF / AE / AE,AF / AE / AE,AF / AE / AE,1023,100.0,1023,83.0,849,Yes,2026_log_sheet_part1
EV-02011,2026,2026-05-29,ABT87,AB,T0087,T0087,No,AF / AE / AE,AF / AE / AE,AF / AE / AE,226,100.0,226,92.0,208,Yes,2026_log_sheet_part1
EV-02012,2026,2026-05-29,ABT97,AB,T0097,T0097,No,AF / AE / AE,AF / AE / AE,AF / AE / AE,332,100.0,332,93.0,309,Yes,2026_log_sheet_part1
EV-02013,2026,2026-05-30,ABT128,AB,T0128,T0128,No,AE / AE / AE,AE / AE / AE,AE / AE / AE,346,100.0,346,0.0,0,No,2026_log_sheet_part1
EV-02014,2026,2026-05-30,ABT87,AB,T0087,T0087,No,AE / AE / AE,AE / AE / AE,AE / AE / AE,270,100.0,270,0.0,0,No,2026_log_sheet_part1
EV-02015,2026,2026-05-30,ABT129,AB,T0129,T0129,No,AE / AE / AE,AE / AE / AE,AE / AE / AE,200,100.0,200,93.0,186,Yes,2026_log_sheet_part1
EV-02016,2026,2026-06-01,ABT96,AB,T0096,T0096,No,AE / AF / -,AE / AF / -,AE / AF / -,802,100.0,802,75.0,602,Yes,2026_log_sheet_part1
EV-02017,2026,2026-06-01,ABT86,AB,T0086,T0086,No,- / AE / -,- / AE / -,- / AE / -,424,100.0,424,82.0,348,Yes,2026_log_sheet_part1
EV-02018,2026,2026-06-01,ABT97,AB,T0097,T0097,No,- / AE / -,- / AE / -,- / AE / -,478,100.0,478,71.0,339,Yes,2026_log_sheet_part1
EV-02019,2026,2026-06-02,Gata T111,Gata,T0111,T0111,No,- / - / -,- / - / -,- / - / -,404,100.0,404,80.0,323,Yes,2026_log_sheet_part1
EV-02020,2026,2026-06-02,Gata T120,Gata,T0120,T0120,No,- / - / -,- / - / -,- / - / -,142,100.0,142,57.0,81,Yes,2026_log_sheet_part1
EV-02021,2026,2026-06-02,Gata T110,Gata,T0110,T0110,No,- / - / -,- / - / -,- / - / -,144,100.0,144,90.0,130,Yes,2026_log_sheet_part1
EV-02022,2026,2026-06-04,ABT81,AB,T0081,T0081,No,AE+AF,AE,Sadique,951,100.0,951,0.0,0,No,2026_log_sheet_part2
EV-02023,2026,2026-06-05,AB T90,AB,T0090,T0090,No,EA/AE / Sadique / Sadique,EA/AE / Sadique / Sadique,EA/AE / Sadique / Sadique,328,100.0,328,89.6,294,Yes,2026_log_sheet_part1
EV-02024,2026,2026-06-05,AB T97,AB,T0097,T0097,No,EA/AE / - / -,EA/AE / - / -,EA/AE / - / -,735,99.7,733,84.4,619,Yes,2026_log_sheet_part1
EV-02025,2026,2026-06-05,ABT87 x ABT96,AB,T0087;T0096,T0087,No,EA/AE / - / -,EA/AE / - / -,EA/AE / - / -,69,98.5,68,80.8,55,Yes,2026_log_sheet_part1
EV-02026,2026,2026-06-05,ABT86 x ABT87,AB,T0086;T0087,T0086,No,EA/AE / - / -,EA/AE / - / -,EA/AE / - / -,191,98.5,188,96.8,182,Yes,2026_log_sheet_part1
EV-02027,2026,2026-06-05,ABT96 x ABT86,AB,T0096;T0086,T0096,No,EA/AE / - / -,EA/AE / - / -,EA/AE / - / -,181,97.2,176,78.9,139,Yes,2026_log_sheet_part1
EV-02028,2026,2026-06-06,"Gata T113, Gata T102, Gata T112, Gata T124, GT81, ABT30",AB,T0113;T0102;T0112;T0124;T0081;T0030,T0113,No,AG,AE,AE,511,100.0,511,70.0,358,Yes,2026_log_sheet_part2
EV-02029,2026,2026-06-06,Gata T112,Gata,T0112,T0112,No,AE,AG,AE,145,100.0,145,0.0,0,No,2026_log_sheet_part2
EV-02030,2026,2026-06-06,Gata T101,Gata,T0101,T0101,No,AE,-,AE,489,100.0,489,67.0,328,Yes,2026_log_sheet_part2
EV-02031,2026,2026-06-06,Gata T106,Gata,T0106,T0106,No,AE,-,AE,582,100.0,582,89.0,518,Yes,2026_log_sheet_part2
EV-02032,2026,2026-06-06,Gata T111,Gata,T0111,T0111,No,AE,-,AE,836,100.0,836,73.0,610,Yes,2026_log_sheet_part2
EV-02033,2026,2026-06-07,ABT128,AB,T0128,T0128,No,AE,AE,AE,466,100.0,466,88.0,410,Yes,2026_log_sheet_part2
EV-02034,2026,2026-06-07,ABT129,AB,T0129,T0129,No,AE,AE,AE,269,100.0,269,92.0,247,Yes,2026_log_sheet_part2
EV-02035,2026,2026-06-07,ABT97,AB,T0097,T0097,No,AE,AE,AE,311,100.0,311,81.0,252,Yes,2026_log_sheet_part2
EV-02036,2026,2026-06-08,ABT103,AB,T0103,T0103,No,AE,AE,AE,349,100.0,349,79.0,276,Yes,2026_log_sheet_part2
EV-02037,2026,2026-06-08,ABT56 x Gaba T49,AB,T0056;T0049,T0056,No,AE,AF,AE,1546,100.0,1546,67.0,1036,Yes,2026_log_sheet_part2
EV-02038,2026,2026-06-08,ABT65xABT103,AB,T0065;T0103,T0065,No,AF,AE,AE,429,100.0,429,83.0,356,Yes,2026_log_sheet_part2
EV-02039,2026,2026-06-08,ABT56x,AB,T0056,T0056,No,AF,AF,AE,922,100.0,922,68.0,627,Yes,2026_log_sheet_part2
EV-02040,2026,2026-06-10,GataT49 x GataT73,Gata,T0049;T0073,T0049,No,AE,Aseela,-,0,100.0,0,0.0,0,No,2026_log_sheet_part2
EV-02041,2026,2026-06-10,ABT87 (intank),AB,T0087,T0087,Yes,AE,"EA collection, AF counting",AE,467,100.0,467,77.0,360,Yes,2026_log_sheet_part2
EV-02042,2026,2026-06-10,ABT96 (intank),AB,T0096,T0096,Yes,AE,"EA collection, AF counting",AE,347,100.0,347,75.0,260,Yes,2026_log_sheet_part2
EV-02043,2026,2026-06-10,ABT86 (in tank),AB,T0086,T0086,Yes,AE,"#FA collection, AF: countug",AB,617,100.0,617,78.0,481,Yes,2026_log_sheet_part2
EV-02044,2026,2026-06-10,A1B T106 (in tank),Other,T0106,T0106,Yes,AE,Enas,AE,1055,100.0,1055,70.0,738,Yes,2026_log_sheet_part2
EV-02045,2026,2026-06-10,Gata T127,Gata,T0127,T0127,No,AE,AF,AE,131,100.0,131,0.0,0,No,2026_log_sheet_part2
EV-02046,2026,2026-06-13,AB T97,AB,T0097,T0097,No,EA,"collection:AE, counting:AF",AE,403,100.0,403,0.0,0,No,2026_log_sheet_part2
EV-02047,2026,2026-06-13,AB T128,AB,T0128,T0128,No,EA,-,AE,238,100.0,238,85.0,202,Yes,2026_log_sheet_part2
EV-02048,2026,2026-06-13,AB T129,AB,T0129,T0129,No,EA,-,AE,762,100.0,762,86.0,655,Yes,2026_log_sheet_part2
EV-02049,2026,2026-06-13,"Casp T122 1F,1M (both Pure)",Casper,T0122,T0122,No,EA,-,-,0,100.0,0,0.0,0,No,2026_log_sheet_part2
EV-02050,2026,2026-06-13,"Casp T108 2F,1M (both Pure)",Casper,T0108,T0108,No,EA,EA,EA,279,100.0,279,0.0,0,No,2026_log_sheet_part2
EV-02051,2026,2026-06-13,"Casp T109 1F,1M (both Pure)",Casper,T0109,T0109,No,EA,EA,EA (kept it),93,100.0,93,82.7,77,Yes,2026_log_sheet_part2
EV-02052,2026,2026-06-13,"Casp(F)T114, Casp(M)T77, Both Pure",Casper,T0114;T0077,T0114,No,EA,kept it,kept it,0,100.0,0,0.0,0,No,2026_log_sheet_part2
EV-02053,2026,2026-06-13,"Casp 1F, T109, Casp 1M, T77, Both Pure",Casper,T0109;T0077,T0109,No,EA,EA,EA,20,100.0,20,95.0,19,Yes,2026_log_sheet_part2
EV-02054,2026,2026-06-13,"Casp 1F/T124, Casp 1M/T77, Both Pure",Casper,T0124;T0077,T0124,No,EA,kept it,kept it,0,100.0,0,0.0,0,No,2026_log_sheet_part2
EV-02055,2026,2026-06-13,"Casp(susp F)T124, Casp(IM),T122",Casper,T0124;T0122,T0124,No,EA,kept it,kept it,0,100.0,0,0.0,0,No,2026_log_sheet_part2
EV-02056,2026,2026-06-14,"Casp 108, 2F, 1M Pure",Casper,,,No,EA,EA,AF,145,100.0,145,0.0,0,No,2026_log_sheet_part2
EV-02057,2026,2026-06-14,"Casp T110, 1F, 1M Pure",Casper,T0110,T0110,No,EA,-,-,0,100.0,0,0.0,0,No,2026_log_sheet_part2
EV-02058,2026,2026-06-14,"Casp T114(F), Casp T77(M)1, Both Pure",Casper,T0114;T0077,T0114,No,EA,-,-,0,100.0,0,0.0,0,No,2026_log_sheet_part2
EV-02059,2026,2026-06-14,"Casp T109, 1F, Casp T77, 1M, Both Pure",Casper,T0109;T0077,T0109,No,EA,-,-,0,100.0,0,0.0,0,No,2026_log_sheet_part2
EV-02060,2026,2026-06-14,"Casp T124, 1F, Casp T77, 1M, Both Pure",Casper,T0124;T0077,T0124,No,EA,?,-,0,100.0,0,0.0,0,No,2026_log_sheet_part2
EV-02061,2026,2026-06-14,"Cas(Susp.F)T124, Casp(M)T122",Casper,T0124;T0122,T0124,No,EA,-,-,0,100.0,0,0.0,0,No,2026_log_sheet_part2
EV-02062,2026,2026-06-14,"Casp T122, 1M, 1F, both Pure",Casper,T0122,T0122,No,EA,EA,AF,75,100.0,75,100.0,75,Yes,2026_log_sheet_part2
EV-02063,2026,2026-06-16,"ABT117x(M), ABT56(F)",AB,T0117;T0056,T0117,No,AE,AE,AF,408,100.0,408,88.23,360,Yes,2026_log_sheet_part2
EV-02064,2026,2026-06-16,ABT118xABT103(F),AB,T0118;T0103,T0118,No,AE,AE,AF,637,100.0,637,113.0,720,Yes,2026_log_sheet_part2
EV-02065,2026,2026-06-17,ABT103,AB,T0103,T0103,No,AE,AF,M.O,1410,100.0,1410,81.98,1156,Yes,2026_log_sheet_part2
EV-02066,2026,2026-06-17,Cas T116 (in tank),Casper,T0116,T0116,Yes,EA,AF,M.O,443,100.0,443,65.23,289,Yes,2026_log_sheet_part2
EV-02067,2026,2026-06-17,Cas T69 (in tank),Casper,T0069,T0069,Yes,EA,AF,M.O,1263,99.52,1257,0.0,0,No,2026_log_sheet_part2
EV-02068,2026,2026-06-17,"Cas T69(F), T77(M)",Casper,T0069;T0077,T0069,No,EA,-,-,0,100.0,0,0.0,0,No,2026_log_sheet_part2
EV-02069,2026,2026-06-17,Cas T131(Pure)F vs T123(Pure)M,Casper,T0131;T0123,T0131,No,EA,-,-,0,100.0,0,0.0,0,No,2026_log_sheet_part2
EV-02070,2026,2026-06-17,"Casp T121, Cas.T13Bsilver(M), T123(Pure)",Casper,T0121;T0013;T0123,T0121,No,EA,AF,M.O,357,100.0,357,79.55,284,Yes,2026_log_sheet_part2
EV-02071,2026,2026-06-20,No set-up,Other,,,No,No booling by the users,FDA (StRDB duty),FDA (StRDB duty),0,100.0,0,0.0,0,No,2026_log_sheet_part2
EV-02072,2026,2026-06-21,ABT129,AB,T0129,T0129,No,AE,AE,AF,333,100.0,333,87.58,292,Yes,2026_log_sheet_part2
EV-02073,2026,2026-06-21,ABT128,AB,T0128,T0128,No,AE,AE,AF,242,100.0,242,84.29,204,Yes,2026_log_sheet_part2
EV-02074,2026,2026-06-21,ABT87,AB,T0087,T0087,No,AE,~,AE,649,100.0,649,84.5,548,Yes,2026_log_sheet_part2
EV-02075,2026,2026-06-21,Gaba T110,AB,T0110,T0110,No,AE,~,AE,135,100.0,135,84.4,114,Yes,2026_log_sheet_part2
EV-02076,2026,2026-06-21,Gata T111,Gata,T0111,T0111,No,AE,~,AE,865,100.0,865,83.0,718,Yes,2026_log_sheet_part2
EV-02077,2026,2026-06-21,Gaba T113,AB,T0113,T0113,No,AE,~,AE,479,100.0,479,64.0,307,Yes,2026_log_sheet_part2
EV-02078,2026,2026-06-21,Gaba T120,AB,T0120,T0120,No,AE,~,AE,192,100.0,192,88.5,170,Yes,2026_log_sheet_part2
EV-02079,2026,2026-06-26,Casp T116 in tank,Casper,T0116,T0116,Yes,EA,AF,AF,0,100.0,0,2.0,0,No,2026_log_sheet_part2
EV-02080,2026,2026-06-26,Casp T69 in tank,Casper,T0069,T0069,Yes,EA,-,-,99,100.0,99,0.0,0,No,2026_log_sheet_part2
EV-02081,2026,2026-06-26,Casp T121 in tank,Casper,T0121,T0121,Yes,EA,-,-,0,100.0,0,0.0,0,No,2026_log_sheet_part2
EV-02082,2026,2026-06-26,ABT87,AB,T0087,T0087,No,AF,AE,AE,403,100.0,403,82.5,332,Yes,2026_log_sheet_part2
EV-02083,2026,2026-06-26,ABT128,AB,T0128,T0128,No,AF,AE,AE,0,100.0,0,0.0,0,No,2026_log_sheet_part2
EV-02084,2026,2026-06-27,Casp T115 in tank,Casper,T0115,T0115,Yes,AF,-,-,0,100.0,0,0.0,0,No,2026_log_sheet_part2
EV-02085,2026,2026-06-27,Casp T66 in tank,Casper,T0066,T0066,Yes,AF,-,-,0,100.0,0,0.0,0,No,2026_log_sheet_part2
EV-02086,2026,2026-06-28,ABT129,AB,T0129,T0129,No,AF,AE,AE,443,100.0,443,82.2,364,Yes,2026_log_sheet_part2
EV-02087,2026,2026-06-28,ABT96,AB,T0096,T0096,No,AE,AE,AE,904,100.0,904,228.0,2061,Yes,2026_log_sheet_part2
EV-02088,2026,2026-06-28,ABT86,AB,T0086,T0086,No,AE,AE,AF,1028,100.0,1028,7.33,75,Yes,2026_log_sheet_part2
EV-02089,2026,2026-06-28,ABT97,AB,T0097,T0097,No,AE,AE,AF,106,100.0,106,85.8,91,Yes,2026_log_sheet_part2
EV-02090,2026,2026-06-28,"ABT99xABT130, ABT98xABT130",AB,T0099;T0130;T0098;T0130,T0099,No,AE,AE,AF,1118,100.0,1118,73.7,824,Yes,2026_log_sheet_part2
EV-02091,2026,2026-06-29,Casp T126 in tank,Casper,T0126,T0126,Yes,AF,AF,EA (kept),219,100.0,219,91.32,200,Yes,2026_log_sheet_part2
EV-02092,2026,2026-06-29,Casp T125 in tank,Casper,T0125,T0125,Yes,AF,AF,EA (discarded),198,100.0,198,78.28,155,Yes,2026_log_sheet_part2
EV-02093,2026,2026-06-29,AB T99(F) x AB T130(M),AB,T0099;T0130,T0099,No,AE,AE,AE,330,100.0,330,89.0,294,Yes,2026_log_sheet_part3
EV-02094,2026,2026-06-29,Gata T110 (intank),Gata,T0110,T0110,Yes,AG,AE,AG,368,100.0,368,95.0,350,Yes,2026_log_sheet_part3
EV-02095,2026,2026-06-29,Gata T111 (intank),Gata,T0111,T0111,Yes,AG,AE,AG,102,100.0,102,63.0,64,Yes,2026_log_sheet_part3
EV-02096,2026,2026-06-29,Gata T120 (intank),Gata,T0120,T0120,Yes,AG,AE,AG,131,100.0,131,78.0,102,Yes,2026_log_sheet_part3
EV-02097,2026,2026-06-29,Gata T113 (intank),Gata,T0113,T0113,Yes,AG,AE,AG,306,100.0,306,23.0,70,Yes,2026_log_sheet_part3
EV-02098,2026,2026-06-30,Gata T73,Gata,T0073,T0073,No,AG,,,0,0.0,0,0.0,0,No,2026_log_sheet_part3
EV-02099,2026,2026-06-30,Gata T127,Gata,T0127,T0127,No,AG,AG,AG,48,100.0,48,75.0,36,Yes,2026_log_sheet_part3
EV-02100,2026,2026-06-30,Gata T111 (intank),Gata,T0111,T0111,Yes,AG,AE,AE,101,100.0,101,92.0,93,Yes,2026_log_sheet_part3
EV-02101,2026,2026-06-30,Gata T49(M) x Gata T73(F),Gata,T0049;T0073,T0049,No,AE,AE,AG,911,100.0,911,86.0,783,Yes,2026_log_sheet_part3
EV-02102,2026,2026-07-04,Casp T121 intank,Casper,T0121,T0121,Yes,AE,,,0,0.0,0,0.0,0,No,2026_log_sheet_part3
EV-02103,2026,2026-07-04,"Casp T108 F,1 T77 M,1",Casper,T0108;T0077,T0108,No,AG,,,0,0.0,0,0.0,0,No,2026_log_sheet_part3
EV-02104,2026,2026-07-04,"Casp T124 1F,1M",Casper,T0124,T0124,No,AG,,,0,0.0,0,0.0,0,No,2026_log_sheet_part3
EV-02105,2026,2026-07-04,"Casp T109,F,1 T122,M,1",Casper,T0109;T0122,T0109,No,AG,AE,AE,175,99.4,174,33.0,57,Yes,2026_log_sheet_part3
EV-02106,2026,2026-07-04,"Casp T109 1F,1M",Casper,T0109,T0109,No,AG,,,0,0.0,0,0.0,0,No,2026_log_sheet_part3
EV-02107,2026,2026-07-04,"Cas T122 1F,1M",Casper,T0122,T0122,No,AG,,,0,0.0,0,0.0,0,No,2026_log_sheet_part3
EV-02108,2026,2026-07-04,"Casp T131 1F,1M",Casper,T0131,T0131,No,AG,,,0,0.0,0,0.0,0,No,2026_log_sheet_part3
EV-02109,2026,2026-07-04,"Casp T144,F,1 T77,M,1",Casper,T0144;T0077,T0144,No,AG,,,0,0.0,0,0.0,0,No,2026_log_sheet_part3
EV-02110,2026,2026-07-04,"Casp T108 1F,1M",Casper,T0108,T0108,No,AG,AE,AE,134,96.0,129,91.66,118,Yes,2026_log_sheet_part3
EV-02111,2026,2026-07-04,Casp T126 In tank,Casper,T0126,T0126,Yes,AG,AE,AE,226,100.0,226,90.5,205,Yes,2026_log_sheet_part3
EV-02112,2026,2026-07-04,Casp T125 In tank,Casper,T0125,T0125,Yes,AG,AE,AE,231,100.0,231,79.2,183,Yes,2026_log_sheet_part3
EV-02113,2026,2026-07-04,Casp T115 intank,Casper,T0115,T0115,Yes,AG,AE,AE,737,100.0,737,84.12,620,Yes,2026_log_sheet_part3
EV-02114,2026,2026-07-05,AB T86,AB,T0086,T0086,No,AE,AE,AE,955,100.0,955,93.0,888,Yes,2026_log_sheet_part3
EV-02115,2026,2026-07-05,AB T96,AB,T0096,T0096,No,AE,AE,AE,744,100.0,744,82.0,610,Yes,2026_log_sheet_part3
EV-02116,2026,2026-07-05,AB T99(F) x AB T130(M),AB,T0099;T0130,T0099,No,AE,AE,AE,411,100.0,411,92.0,378,Yes,2026_log_sheet_part3
EV-02117,2026,2026-07-05,AB T76(F) x AB T130(M),AB,T0076;T0130,T0076,No,AE,AE,AE,487,100.0,487,94.0,458,Yes,2026_log_sheet_part3
EV-02118,2026,2026-07-06,Gata T49(M) x Gata T73(F),Gata,T0049;T0073,T0049,No,AE,AE,AE,546,100.0,546,94.0,513,Yes,2026_log_sheet_part3
EV-02119,2026,2026-07-06,Gata T127,Gata,T0127,T0127,No,AE,,,0,0.0,0,0.0,0,No,2026_log_sheet_part3
EV-02120,2026,2026-07-07,Gata T127,Gata,T0127,T0127,No,AE,AE,AE,471,100.0,471,72.0,339,Yes,2026_log_sheet_part3
EV-02121,2026,2026-07-11,AB T87,AB,T0087,T0087,No,AE,,,0,0.0,0,0.0,0,No,2026_log_sheet_part3
EV-02122,2026,2026-07-11,AB T86,AB,T0086,T0086,No,AE,AG,AG,228,100.0,228,73.0,166,Yes,2026_log_sheet_part3
EV-02123,2026,2026-07-18,AB T86 intank,AB,T0086,T0086,Yes,AG,AE,AG,391,100.0,391,84.0,328,Yes,2026_log_sheet_part3
EV-02124,2026,2026-07-18,AB T129 intank,AB,T0129,T0129,Yes,AG,AE,AG,421,100.0,421,75.0,316,Yes,2026_log_sheet_part3
EV-02125,2026,2026-07-18,AB T96 intank,AB,T0096,T0096,Yes,AG,AE,AG,387,100.0,387,74.0,286,Yes,2026_log_sheet_part3
EV-02126,2026,2026-07-19,AB T106 intank,AB,T0106,T0106,Yes,AG,AE,AG,333,100.0,333,90.0,300,Yes,2026_log_sheet_part3
EV-02127,2026,2026-07-19,AB T81 intank,AB,T0081,T0081,Yes,AG,AE,AG,598,100.0,598,83.0,496,Yes,2026_log_sheet_part3
EV-02128,2026,2026-07-19,AB T80 intank,AB,T0080,T0080,Yes,AG,AE,AG,331,100.0,331,61.0,202,Yes,2026_log_sheet_part3
EV-02129,2026,2026-07-19,Gata T110 intank,Gata,T0110,T0110,Yes,AG,AE,AG,76,100.0,76,94.0,71,Yes,2026_log_sheet_part3
EV-02130,2026,2026-07-19,Gata T120 intank,Gata,T0120,T0120,Yes,AG,AE,AG,32,100.0,32,62.0,20,Yes,2026_log_sheet_part3
EV-02131,2026,2026-07-20,Fli T98 intank,Fli,T0098,T0098,Yes,AG,AE,AG,274,100.0,274,34.3,94,Yes,2026_log_sheet_part3
EV-02132,2026,2026-07-20,Fli T83 intank,Fli,T0083,T0083,Yes,AG,AE,AG,624,100.0,624,77.8,485,Yes,2026_log_sheet_part3
EV-02133,2026,2026-07-20,Fli T133 intank,Fli,T0133,T0133,Yes,AG,AE,AG,747,93.0,695,76.7,533,Yes,2026_log_sheet_part3
EV-02134,2026,2026-07-20,Fli T119 intank,Fli,T0119,T0119,Yes,AG,AE,AE,345,100.0,345,95.9,331,Yes,2026_log_sheet_part3
EV-02135,2026,2026-07-20,Fli T132 intank,Fli,T0132,T0132,Yes,AG,AE,AE,163,58.0,95,84.2,80,Yes,2026_log_sheet_part3
EV-02136,2026,2026-07-25,Gata T110,Gata,T0110,T0110,No,AE,,,0,0.0,0,0.0,0,No,2026_log_sheet_part3
EV-02137,2026,2026-07-25,Gata T120,Gata,T0120,T0120,No,AG,AE,AG,71,100.0,71,60.0,43,Yes,2026_log_sheet_part3
EV-02138,2026,2026-07-26,Gata T111,Gata,T0111,T0111,No,AE,AG,AG,897,100.0,897,22.0,197,Yes,2026_log_sheet_part3
EV-02139,2026,2026-07-26,Gata T113,Gata,T0113,T0113,No,AE,AE,AE,138,100.0,138,0.0,0,No,2026_log_sheet_part3
EV-02140,2026,2026-07-26,Gata T113(F) x Gata T112(M),Gata,T0113;T0112,T0113,No,AE,AE,AG,349,100.0,349,22.0,77,Yes,2026_log_sheet_part3
EV-02141,2026,2026-07-26,Gata T112(M) x Gata T101(F),Gata,T0112;T0101,T0112,No,AE,AE,AE,666,100.0,666,44.0,293,Yes,2026_log_sheet_part3
EV-02142,2026,2026-07-26,Gata T101(M) x Gata T113(F),Gata,T0101;T0113,T0101,No,AE,AG,AG,268,100.0,268,84.0,225,Yes,2026_log_sheet_part3
EV-02143,2026,2026-07-27,AB T87,AB,T0087,T0087,No,AE,AG,AE,768,97.0,745,93.0,693,Yes,2026_log_sheet_part3
EV-02144,2026,2026-07-27,AB T83,AB,T0083,T0083,No,AG,AE,AE,634,100.0,634,78.0,495,Yes,2026_log_sheet_part3
EV-02145,2026,2026-07-27,AB T106,AB,T0106,T0106,No,AE,AG,AG,906,100.0,906,66.0,598,Yes,2026_log_sheet_part3
EV-02146,2026,2026-07-27,AB T86,AB,T0086,T0086,No,AE,AG,AE,931,100.0,931,89.0,829,Yes,2026_log_sheet_part3
EV-02147,2026,2026-07-28,AB T99(F) x AB T130(M),AB,T0099;T0130,T0099,No,AE,AE,AE,947,100.0,947,76.0,720,Yes,2026_log_sheet_part3
EV-02148,2026,2026-07-28,AB T79(F) x AB T130(M),AB,T0079;T0130,T0079,No,AE,AE,AG,2080,100.0,2080,79.0,1643,Yes,2026_log_sheet_part3
EV-02149,2026,2026-07-28,AB T93(M) x AB T95(F),AB,T0093;T0095,T0093,No,AE,AG,AG,681,100.0,681,73.0,497,Yes,2026_log_sheet_part3
EV-02150,2026,2026-07-28,AB T97,AB,T0097,T0097,No,AE,AE,AE,159,100.0,159,81.0,129,Yes,2026_log_sheet_part3
EV-02151,2026,2026-07-28,AB T87,AB,T0087,T0087,No,AE,AE,AE,760,100.0,760,83.0,631,Yes,2026_log_sheet_part3
EV-02152,2026,2026-07-28,AB T128,AB,T0128,T0128,No,AE,AG,AG,317,100.0,317,68.0,216,Yes,2026_log_sheet_part3
EV-02153,2026,2026-08-03,AB T129,AB,T0129,T0129,No,AG,AE,AE,625,100.0,625,95.2,595,Yes,2026_log_sheet_part3
EV-02154,2026,2026-08-03,AB T96,AB,T0096,T0096,No,AE,AE,AG,774,100.0,774,81.0,627,Yes,2026_log_sheet_part3
EV-02155,2026,2026-08-03,AB T86,AB,T0086,T0086,No,AE,AG,AE,1007,100.0,1007,87.6,882,Yes,2026_log_sheet_part3
EV-02156,2026,2026-08-03,AB T80,AB,T0080,T0080,No,AE,AE,AE,387,100.0,387,78.0,302,Yes,2026_log_sheet_part3
EV-02157,2026,2026-08-03,AB T106,AB,T0106,T0106,No,AG,AG,AE,1722,100.0,1722,71.0,1223,Yes,2026_log_sheet_part3
EV-02158,2026,2026-08-04,AB T128,AB,T0128,T0128,No,AE,AE,AG,528,100.0,528,82.9,438,Yes,2026_log_sheet_part3
EV-02159,2026,2026-08-04,AB T93(M) x AB T95(F),AB,T0093;T0095,T0093,No,AE,AE,AE,1017,100.0,1017,91.0,925,Yes,2026_log_sheet_part3
EV-02160,2026,2026-08-04,AB T99(F) x AB T130(M),AB,T0099;T0130,T0099,No,AE,AG,AE,409,100.0,409,79.0,323,Yes,2026_log_sheet_part3
EV-02161,2026,2026-08-04,AB T97,AB,T0097,T0097,No,AE,AE,AG,502,100.0,502,91.0,457,Yes,2026_log_sheet_part3
EV-02162,2026,2026-08-04,AB T87,AB,T0087,T0087,No,AE,AG,AG,298,100.0,298,68.0,203,Yes,2026_log_sheet_part3
EV-02163,2026,2026-08-04,AB T129,AB,T0129,T0129,No,AE,AG,AG,147,100.0,147,97.0,143,Yes,2026_log_sheet_part3
EV-02164,2026,2026-08-04,AB T76(F) x AB T130(M),AB,T0076;T0130,T0076,No,AG,AE,AE,210,100.0,210,96.0,202,Yes,2026_log_sheet_part3
EV-02165,2026,2026-08-08,AB T129,AB,T0129,T0129,No,AG,AE,AE,61,100.0,61,78.0,48,Yes,2026_log_sheet_part3
EV-02166,2026,2026-08-08,AB T128,AB,T0128,T0128,No,AE,AG,AG,374,100.0,374,95.1,356,Yes,2026_log_sheet_part3
EV-02167,2026,2026-08-10,AB T97,AB,T0097,T0097,No,AE,AE,AE,201,100.0,201,73.0,147,Yes,2026_log_sheet_part3
EV-02168,2026,2026-08-11,Fli T98,Fli,T0098,T0098,No,AE,AE,AE,60,100.0,60,10.0,6,Yes,2026_log_sheet_part3
EV-02169,2026,2026-08-11,Fli T82,Fli,T0082,T0082,No,AG,AE,AE,466,100.0,466,96.5,450,Yes,2026_log_sheet_part3
EV-02170,2026,2026-08-11,Fli T133,Fli,T0133,T0133,No,AE,AE,AE,177,100.0,177,87.5,155,Yes,2026_log_sheet_part3
EV-02171,2026,2026-08-11,Fli T119,Fli,T0119,T0119,No,AG,AE,AE,516,100.0,516,88.0,454,Yes,2026_log_sheet_part3
EV-02172,2026,2026-08-11,Fli T70,Fli,T0070,T0070,No,AE,AE,AE,355,100.0,355,7.0,25,Yes,2026_log_sheet_part3
EV-02173,2026,2026-08-11,AB T80 intank,AB,T0080,T0080,Yes,AE,AE,AE,211,100.0,211,72.9,154,Yes,2026_log_sheet_part3
EV-02174,2026,2026-08-11,Fli T133(F) x Fli T98(M),Fli,T0133;T0098,T0133,No,AG,AG,AG,71,100.0,71,73.0,52,Yes,2026_log_sheet_part3
EV-02175,2026,2026-08-11,AB T81 intank,AB,T0081,T0081,Yes,AG,AG,AE,597,100.0,597,87.0,519,Yes,2026_log_sheet_part3
EV-02176,2026,2026-08-11,AB T86 intank,AB,T0086,T0086,Yes,AG,AG,AE,567,100.0,567,89.9,510,Yes,2026_log_sheet_part3
EV-02177,2026,2026-08-15,Fli T82,Fli,T0082,T0082,No,AG,AG,AE,506,100.0,506,91.0,460,Yes,2026_log_sheet_part3
EV-02178,2026,2026-08-15,Fli T119,Fli,T0119,T0119,No,AG,AE,AG,872,100.0,872,95.0,828,Yes,2026_log_sheet_part3
EV-02179,2026,2026-08-16,Fli T133,Fli,T0133,T0133,No,AE,AE,AG,306,100.0,306,77.0,236,Yes,2026_log_sheet_part3
EV-02180,2026,2026-08-16,Fli T133(F) x Fli T98(M),Fli,T0133;T0098,T0133,No,AG,AE,AE,282,100.0,282,83.0,234,Yes,2026_log_sheet_part3
EV-02181,2026,2026-08-16,Fli T132,Fli,T0132,T0132,No,AE,AE,AE,237,100.0,237,91.0,216,Yes,2026_log_sheet_part3
EV-02182,2026,2026-08-16,Fli T70,Fli,T0070,T0070,No,AE,AE,AE,350,100.0,350,14.0,49,Yes,2026_log_sheet_part3
EV-02183,2026,2026-08-16,Fli T98,Fli,T0098,T0098,No,AE,AG,AE,57,100.0,57,0.0,0,No,2026_log_sheet_part3
EV-02184,2026,2026-08-22,AB T129 In tank,AB,T0129,T0129,Yes,EA,AE,AE,122,100.0,122,81.9,100,Yes,2026_log_sheet_part3
EV-02185,2026,2026-08-22,AB T87,AB,T0087,T0087,No,EA,AG,AE,699,100.0,699,86.0,601,Yes,2026_log_sheet_part3
EV-02186,2026,2026-08-23,AB T99(F) x AB T130(M),AB,T0099;T0130,T0099,No,EA,AG,EA,361,100.0,361,96.0,347,Yes,2026_log_sheet_part3
EV-02187,2026,2026-08-23,AB T80,AB,T0080,T0080,No,EA,AG,EA,392,100.0,392,67.0,263,Yes,2026_log_sheet_part3
EV-02188,2026,2026-08-24,AB T128,AB,T0128,T0128,No,EA,AE,AF,303,100.0,303,92.0,279,Yes,2026_log_sheet_part3
EV-02189,2026,2026-08-24,AB T95(F) x AB T93(M),AB,T0095;T0093,T0095,No,AE,AE,AF,1312,100.0,1312,74.92,983,Yes,2026_log_sheet_part3
EV-02190,2026,2026-08-25,AB T97,AB,T0097,T0097,No,AE,,,0,0.0,0,0.0,0,No,2026_log_sheet_part3
EV-02191,2026,2026-08-25,AB T81,AB,T0081,T0081,No,AE,AG,EA,759,100.0,759,69.2,525,Yes,2026_log_sheet_part3
EV-02192,2026,2026-08-25,AB T106,AB,T0106,T0106,No,AE,AG,EA,2252,74.0,1666,84.6,1409,Yes,2026_log_sheet_part3
EV-02193,2026,2026-08-26,Fli T119,Fli,T0119,T0119,No,AE,AE+AF,MF,467,100.0,467,93.61,437,Yes,2026_log_sheet_part3
EV-02194,2026,2026-08-28,Fli T119,Fli,T0119,T0119,No,,MF,MF,508,100.0,508,88.6,450,Yes,2026_log_sheet_part3
EV-02195,2026,2026-08-29,AB T129,AB,T0129,T0129,No,AF,AE+AF,AF,320,100.0,320,97.8,313,Yes,2026_log_sheet_part3
EV-02196,2026,2026-08-29,AB T128,AB,T0128,T0128,No,AE,,AF,185,100.0,185,70.27,130,Yes,2026_log_sheet_part3
EV-02197,2026,2026-08-29,AB T87,AB,T0087,T0087,No,AF,AE+AF,,0,0.0,0,0.0,0,No,2026_log_sheet_part3
EV-02198,2026,2026-08-29,AB T86,AB,T0086,T0086,No,AF,AE+AF,AF,1244,100.0,1244,86.2,1072,Yes,2026_log_sheet_part3
EV-02199,2026,2026-08-29,AB T86 + AB T93(F)(M),AB,T0086;T0093,T0086,No,AF,AF,AF,98,100.0,98,94.8,93,Yes,2026_log_sheet_part3
EV-02200,2026,5 Jan 26 / 6 Jan 26,Fli T0011,Fli,T0011,T0011,Yes,Enas,Enas,Enas,50,20.0,10,0.0,0,No,2026_log_sheet_part1
EV-02201,2026,6 Jan 26 / 5 Jan 26,Casper (3/7/25) 1F,Casper,,,Yes,Enas,Enas,Enas,0,0.0,0,0.0,0,No,2026_log_sheet_part1
EV-02202,2026,APR27/26,fli T54,Fli,T0054,T0054,No,AE / AE / AE,AE / AE / AE,AE / AE / AE,877,100.0,877,57.0,500,Yes,2026_log_sheet_part1
EV-02203,2026,APR27/26,fli T104,Fli,T0104,T0104,No,AE / - / AE,AE / - / AE,AE / - / AE,272,100.0,272,29.6,81,Yes,2026_log_sheet_part1
EV-02204,2026,APR27/26,Gli T105 x ABT56,AB,T0105;T0056,T0105,No,- / - / -,- / - / -,- / - / -,258,100.0,258,93.0,240,Yes,2026_log_sheet_part1
EV-02205,2026,APR27/26,fli T72,Fli,T0072,T0072,No,- / - / -,- / - / -,- / - / -,0,0.0,0,0.0,0,No,2026_log_sheet_part1
EV-02206,2026,Collection: June 04,ABT103 x ABT103,AB,T0103;T0103,T0103,No,AE+AF,"AE-collection, AF-counting",Sadique,2,100.0,2,83.5,2,Yes,2026_log_sheet_part2
EV-02207,2026,Collection: June 04,AB106 x ABT93,AB,T0093,T0093,No,AE+AF,AE,-,1025,100.0,1025,73.3,751,Yes,2026_log_sheet_part2
EV-02208,2026,Collection: June 04,AB106,AB,,,No,AE+AF,AE,-,554,100.0,554,95.6,530,Yes,2026_log_sheet_part2
EV-02209,2026,Collection: June 04,ABT80,AB,T0080,T0080,No,AE,AE,-,421,100.0,421,85.0,358,Yes,2026_log_sheet_part2
EV-02210,2026,"June 15, 26",ABT87,AB,T0087,T0087,No,AE,AE,AE,250,100.0,250,94.58,236,Yes,2026_log_sheet_part2
EV-02211,2026,"June 15, 26",ABT86,AB,T0086,T0086,No,AE,AE,AF,1155,100.0,1155,83.29,962,Yes,2026_log_sheet_part2
EV-02212,2026,"June 15, 26",ABT96,AB,T0096,T0096,No,AE,AE,AE,721,100.0,721,62.0,447,Yes,2026_log_sheet_part2
EV-02213,2026,"June 15, 26",ABT103xABT117(M),AB,T0103;T0117,T0103,No,AE,AE,AE,385,100.0,385,84.0,323,Yes,2026_log_sheet_part2
EV-02214,2026,"June 15, 26",GabaT49xABT118,AB,T0049;T0118,T0049,No,AE,AE,AE,51,100.0,51,94.0,48,Yes,2026_log_sheet_part2
EV-02215,2026,"June 15, 26",ABT103xABT56,AB,T0103;T0056,T0103,No,AE,AE,AF,501,100.0,501,0.0,0,No,2026_log_sheet_part2
EV-02216,2026,"June 15, 26",ABT118,AB,T0118,T0118,No,AE,AF,AF,807,100.0,807,0.0,0,No,2026_log_sheet_part2
EV-02217,2026,June 17-26,Cas.126 in tank,Casper,,,Yes,EA,-,-,0,100.0,0,0.0,0,No,2026_log_sheet_part2
EV-02218,2026,June 17-26,"Cas T114(F), Pure T.123(M)",Casper,T0114,T0114,No,EA,-,-,0,100.0,0,0.0,0,No,2026_log_sheet_part2
EV-02219,2026,"June 22, 26","Gata T127, Gata T113",Gata,T0127;T0113,T0127,No,AE,AE,AE,36,100.0,36,83.0,30,Yes,2026_log_sheet_part2
EV-02220,2026,"June 22, 26",Gata T73,Gata,T0073,T0073,No,AE,AE,AE,381,100.0,381,23.0,88,Yes,2026_log_sheet_part2
EV-02221,2026,"June 22, 26",Gata T73 x Gata T49,Gata,T0073;T0049,T0073,No,AE,~,AE,786,100.0,786,96.0,755,Yes,2026_log_sheet_part2
EV-02222,2026,"June 23-setup, June 24-counting",Gata T112(M) x Gata T101(F),Gata,T0112;T0101,T0112,No,AE,"collection:AE, counting:AF",AF,490,100.0,490,84.08,412,Yes,2026_log_sheet_part2
EV-02223,2026,"June 23-setup, June 24-counting",Gata T49(F) x ABT93(M),AB,T0049;T0093,T0049,No,AE,AE,AF,1970,98.98,1950,72.85,1421,Yes,2026_log_sheet_part2
EV-02224,2026,"June 23-setup, June 24-counting",Gata T112(F) x Gata T102(M),Gata,T0112;T0102,T0112,No,AE,AE,AF,31,100.0,31,31.0,10,Yes,2026_log_sheet_part2
EV-02225,2026,"June 23-setup, June 24-counting",Gata T49(F) x Gata T101(M),Gata,T0049;T0101,T0049,No,AE,AE,AF,751,100.0,751,41.94,315,Yes,2026_log_sheet_part2
EV-02226,2026,"June 23-setup, June 24-counting",Gata T112(M) x Gata T79(F),Gata,T0112;T0079,T0112,No,AE,AE,AF,828,100.0,828,63.64,527,Yes,2026_log_sheet_part2
EV-02227,2026,"June 24-setup, June 25-counting",ABT81 (in tank),AB,T0081,T0081,Yes,AE,AE,MF,1101,100.0,1101,79.83,879,Yes,2026_log_sheet_part2
EV-02228,2026,"June 24-setup, June 25-counting",ABT80 (in tank),AB,T0080,T0080,Yes,AE,AE,MF,574,100.0,574,67.59,388,Yes,2026_log_sheet_part2
EV-02229,2026,"June 24-setup, June 25-counting",ABT106 (in tank),AB,T0106,T0106,Yes,AE,AE,MF,3714,100.0,3714,74.34,2761,Yes,2026_log_sheet_part2
EV-02230,2026,"June 9, 26",ABT118,AB,T0118,T0118,No,AE,AE,Sodique,1005,100.0,1005,74.9,753,Yes,2026_log_sheet_part2
EV-02231,2026,"June 9, 26","ABT103xGataT49, GabaT73",AB,T0103;T0049;T0073,T0103,No,AE,AF,Sodique,1081,100.0,1081,89.0,962,Yes,2026_log_sheet_part2
EV-02232,2026,"June 9, 26",ABT118,AB,T0118,T0118,No,AE,AF,Sadique,455,100.0,455,81.7,372,Yes,2026_log_sheet_part2
EV-02233,2026,"June 9, 26",ABT118 GataT73,AB,T0118;T0073,T0118,No,AE,AF,Sadique,144,100.0,144,90.0,130,Yes,2026_log_sheet_part2
