Date,Line,Mating_Type,Tank_ID,Eggs_0H,SR_0H_Pct,SR_24H_Pct,Live_24H,Female_Tank,Male_Tank,Notes,Operator
1/A,AB,Pair-Wise,,912,100.0,0.0,0,,,,Lab Staff
2024-01-22,AB,Pair-Wise,,1252,100.0,86.3,1080,,,,Lab Staff
2024-01-22,Fli,Pair-Wise,,22,100.0,0.0,0,,,,Lab Staff
2024-01-22,Fli,Pair-Wise,,699,67.0,58.0,272,,,,Lab Staff
2024-01-22,Fli,Pair-Wise,,77,100.0,11.0,8,,,,Lab Staff
2024-01-22,Fli,Pair-Wise,,692,98.5,55.0,375,,,,Lab Staff
2024-01-22,AB,Pair-Wise,,146,100.0,95.0,139,,,,Lab Staff
2024-01-23,AB,Pair-Wise,,250,96.0,91.6,220,,,,Lab Staff
2024-01-23,AB,Pair-Wise,,250,59.0,77.0,114,,,,Lab Staff
2024-01-23,Fli,Pair-Wise,,24,78.0,9.5,2,,,,Lab Staff
2024-01-23,AB,Pair-Wise,,1328,99.0,84.7,1114,,,,Lab Staff
2024-01-23,AB,Pair-Wise,,577,99.6,92.5,532,,,,Lab Staff
2024-01-23,AB,Pair-Wise,,1043,100.0,75.1,783,,,,Lab Staff
2024-01-23,AB,Pair-Wise,,1661,99.6,81.0,1340,,,,Lab Staff
2024-01-23,AB,Pair-Wise,,1709,98.0,91.9,1539,,,,Lab Staff
2024-01-23,AB,Pair-Wise,,1339,94.0,96.3,1212,,,,Lab Staff
2024-01-27,AB,Pair-Wise,,823,99.0,84.4,688,,,,Lab Staff
2024-01-27,AB,Pair-Wise,,1636,100.0,80.0,1309,,,,Lab Staff
2024-01-28,AB,Pair-Wise,,773,100.0,0.0,0,,,,Lab Staff
2024-01-29,AB,Pair-Wise,,916,100.0,85.0,779,,,,Lab Staff
2024-01-29,AB,Pair-Wise,,1944,99.5,96.0,1857,,,,Lab Staff
2024-02-11,AB,Pair-Wise,,870,100.0,95.9,834,,,,Lab Staff
2024-02-11,AB,Pair-Wise,,800,100.0,85.25,682,,,,Lab Staff
2024-02-11,AB,Pair-Wise,,45,100.0,77.0,35,,,,Lab Staff
2024-02-11,AB,Pair-Wise,,737,100.0,99.4,733,,,,Lab Staff
2024-02-11,AB,Pair-Wise,,475,53.0,83.0,209,,,,Lab Staff
2024-02-12,AB,Pair-Wise,,1555,100.0,81.3,1264,,,,Lab Staff
2024-02-17,AB,In-Tank,,533,98.8,76.2,401,,,,Lab Staff
2024-02-17,AB,Pair-Wise,,838,100.0,97.1,814,,,,Lab Staff
2024-02-18,AB,Pair-Wise,,1158,100.0,89.0,1031,,,,Lab Staff
2024-02-19,AB,Pair-Wise,,1794,100.0,89.3,1602,,,,Lab Staff
2024-02-20,AB,Pair-Wise,,372,100.0,86.8,323,,,,Lab Staff
2024-02-24,AB,Pair-Wise,,716,100.0,87.25,625,,,,Lab Staff
2024-02-24,AB,Pair-Wise,,977,100.0,93.6,914,,,,Lab Staff
2024-02-24,AB,Pair-Wise,,101,100.0,93.0,94,,,,Lab Staff
2024-02-24,AB,Pair-Wise,,115,100.0,96.5,111,,,,Lab Staff
2024-02-24,AB,Pair-Wise,,229,98.6,72.5,164,,,,Lab Staff
2024-02-25,AB,Pair-Wise,,1623,99.8,90.0,1458,,,,Lab Staff
2024-02-26,AB,Pair-Wise,,346,100.0,90.0,311,,,,Lab Staff
2024-02-26,Gata,Pair-Wise,,404,100.0,67.0,271,,,,Lab Staff
2024-02-26,Gata,Pair-Wise,,256,100.0,23.0,59,,,,Lab Staff
2024-03-02,AB,Pair-Wise,,459,98.8,72.6,329,,,,Lab Staff
2024-03-02,AB,Pair-Wise,,0,0.0,0.0,0,,,,Lab Staff
2024-03-02,AB,Pair-Wise,,475,99.0,85.8,403,,,,Lab Staff
2024-03-02,AB,Pair-Wise,,103,99.0,86.2,88,,,,Lab Staff
2024-03-03,AB,Pair-Wise,,767,100.0,85.9,659,,,,Lab Staff
2024-03-05,AB,Pair-Wise,,294,95.0,93.0,260,,,,Lab Staff
2024-03-05,AB,Pair-Wise,,571,100.0,96.3,550,,,,Lab Staff
2024-03-05,AB,Pair-Wise,,186,100.0,97.0,180,,,,Lab Staff
2024-03-09,AB,Pair-Wise,,943,100.0,95.0,896,,,,Lab Staff
2024-03-10,Fli,Pair-Wise,,1236,99.0,91.8,1123,,,,Lab Staff
2024-03-10,Fli,Pair-Wise,,521,91.9,91.85,440,,,,Lab Staff
2024-03-10,Fli,Pair-Wise,,1250,91.0,88.45,1006,,,,Lab Staff
2024-03-10,Fli,Pair-Wise,,833,98.6,91.3,750,,,,Lab Staff
2024-03-10,Fli,Pair-Wise,,566,99.4,46.7,263,,,,Lab Staff
2024-03-10,Fli,Pair-Wise,,1248,99.8,72.7,905,,,,Lab Staff
2024-04-20,AB,Pair-Wise,,2525,100.0,80.9,2043,,,,Lab Staff
2024-04-20,AB,Pair-Wise,,853,97.0,75.0,621,,,,Lab Staff
2024-04-20,AB,Pair-Wise,,73,100.0,95.8,70,,,,Lab Staff
2024-04-20,AB,Pair-Wise,,561,100.0,81.0,454,,,,Lab Staff
2024-04-21,AB,Pair-Wise,,2169,99.3,79.0,1702,,,,Lab Staff
2024-04-21,Other,Pair-Wise,,62,100.0,85.0,53,,,,Lab Staff
2024-04-21,Gata,Pair-Wise,,222,100.0,59.0,131,,,,Lab Staff
2024-04-21,Fli,Pair-Wise,,204,100.0,80.0,163,,,,Lab Staff
2024-04-22,Gata,Pair-Wise,,456,100.0,64.0,292,,,,Lab Staff
2024-04-22,Fli,Pair-Wise,,409,87.1,58.9,210,,,,Lab Staff
2024-04-22,Gata,Pair-Wise,,452,99.3,81.0,364,,,,Lab Staff
2024-04-22,Other,Pair-Wise,,264,99.2,60.0,157,,,,Lab Staff
2024-04-22,Fli,Pair-Wise,,321,93.7,80.5,242,,,,Lab Staff
2024-04-23,AB,Pair-Wise,,143,100.0,87.0,124,,,,Lab Staff
2024-04-28,AB,Pair-Wise,,1065,100.0,78.5,836,,,,Lab Staff
2024-04-28,AB,Pair-Wise,,735,99.1,76.0,554,,,,Lab Staff
2024-04-29,AB,In-Tank,,1177,99.9,76.0,894,,,,Lab Staff
2024-04-29,AB,In-Tank,,969,99.0,79.0,758,,,,Lab Staff
2024-04-29,AB,In-Tank,,1499,94.0,92.0,1296,,,,Lab Staff
2024-05-25,AB,Pair-Wise,,282,100.0,94.0,265,,,,Lab Staff
2024-05-25,AB,Pair-Wise,,1383,100.0,86.0,1189,,,,Lab Staff
2024-05-25,AB,Pair-Wise,,935,100.0,74.5,697,,,,Lab Staff
2024-05-26,AB,Pair-Wise,,679,96.0,64.0,417,,,,Lab Staff
2024-05-26,AB,Pair-Wise,,320,96.0,94.0,289,,,,Lab Staff
2024-05-26,AB,Pair-Wise,,2447,97.0,64.0,1519,,,,Lab Staff
2024-05-27,AB,Pair-Wise,,138,100.0,57.0,79,,,,Lab Staff
2024-05-27,AB,Pair-Wise,,264,100.0,90.0,238,,,,Lab Staff
2024-05-28,AB,Pair-Wise,,1823,100.0,80.5,1468,,,,Lab Staff
2024-05-28,AB,Pair-Wise,,1362,96.0,93.4,1221,,,,Lab Staff
2024-06-01,AB,Pair-Wise,,1764,99.0,82.0,1432,,,,Lab Staff
2024-06-01,AB,Pair-Wise,,1721,99.0,87.2,1486,,,,Lab Staff
2024-06-02,AB,Pair-Wise,,212,100.0,50.4,107,,,,Lab Staff
2024-06-02,AB,Pair-Wise,,172,100.0,40.0,69,,,,Lab Staff
2024-06-02,AB,Pair-Wise,,1455,100.0,64.5,938,,,,Lab Staff
2024-06-03,Fli,Pair-Wise,,1254,99.0,74.0,919,,,,Lab Staff
2024-06-03,Gata,Pair-Wise,,648,100.0,73.0,473,,,,Lab Staff
2024-06-03,Gata,Pair-Wise,,482,100.0,63.0,304,,,,Lab Staff
2024-06-03,Gata,Pair-Wise,,409,100.0,64.0,262,,,,Lab Staff
2024-06-03,Fli,Pair-Wise,,1435,100.0,80.0,1148,,,,Lab Staff
2024-06-03,Fli,Pair-Wise,,0,0.0,0.0,0,,,,Lab Staff
2024-06-03,Fli,Pair-Wise,,77,96.0,25.0,18,,,,Lab Staff
2024-06-03,Fli,Pair-Wise,,181,0.0,93.0,0,,,,Lab Staff
2024-06-03,Fli,Pair-Wise,,671,100.0,87.0,584,,,,Lab Staff
2024-06-04,AB,Pair-Wise,,42,100.0,76.0,32,,,,Lab Staff
2024-06-04,AB,Pair-Wise,,1213,100.0,79.0,958,,,,Lab Staff
2024-06-04,AB,Pair-Wise,,145,100.0,89.0,129,,,,Lab Staff
2024-06-04,AB,Pair-Wise,,167,100.0,53.8,90,,,,Lab Staff
2024-06-04,AB,Pair-Wise,,158,100.0,91.0,144,,,,Lab Staff
2024-06-04,AB,Pair-Wise,,141,97.0,47.0,64,,,,Lab Staff
2024-06-04,AB,Pair-Wise,,24,100.0,66.6,16,,,,Lab Staff
2024-06-04,AB,Pair-Wise,,1040,100.0,84.0,874,,,,Lab Staff
2024-06-08,AB,Pair-Wise,,0,0.0,0.0,0,,,,Lab Staff
2024-06-08,AB,Pair-Wise,,397,100.0,93.0,369,,,,Lab Staff
2024-06-08,AB,Pair-Wise,,55,100.0,50.9,28,,,,Lab Staff
2024-06-08,AB,Pair-Wise,,1272,99.3,79.3,1002,,,,Lab Staff
2024-06-08,AB,Pair-Wise,,2013,97.0,73.0,1425,,,,Lab Staff
2024-06-08,AB,Pair-Wise,,1210,100.0,68.9,834,,,,Lab Staff
2024-06-09,AB,Pair-Wise,,137,100.0,94.5,129,,,,Lab Staff
2024-06-09,AB,Pair-Wise,,240,100.0,90.0,216,,,,Lab Staff
2024-06-09,AB,Pair-Wise,,0,0.0,0.0,0,,,,Lab Staff
2024-07-06,AB,Pair-Wise,,434,7.0,67.0,20,,,,Lab Staff
2024-07-06,AB,Pair-Wise,,41,100.0,100.0,41,,,,Lab Staff
2024-07-07,AB,Pair-Wise,,409,100.0,84.0,344,,,,Lab Staff
2024-07-07,AB,Pair-Wise,,258,100.0,77.0,199,,,,Lab Staff
2024-07-07,AB,Pair-Wise,,530,100.0,89.0,472,,,,Lab Staff
2024-07-07,AB,Pair-Wise,,604,100.0,82.0,495,,,,Lab Staff
2024-07-07,AB,Pair-Wise,,153,100.0,75.0,115,,,,Lab Staff
2024-07-14,AB,Pair-Wise,,394,100.0,90.1,355,,,,Lab Staff
2024-07-14,AB,Pair-Wise,,794,98.2,74.7,582,,,,Lab Staff
2024-07-14,AB,Pair-Wise,,591,100.0,88.0,520,,,,Lab Staff
2024-07-14,AB,Pair-Wise,,470,96.1,99.1,448,,,,Lab Staff
2024-07-14,AB,Pair-Wise,,411,93.1,91.6,350,,,,Lab Staff
2024-07-16,Gata,Pair-Wise,,37,100.0,0.0,0,,,,Lab Staff
2024-07-16,Gata,Pair-Wise,,93,100.0,70.0,65,,,,Lab Staff
2024-07-16,Gata,Pair-Wise,,0,0.0,0.0,0,,,,Lab Staff
2024-07-16,Gata,Pair-Wise,,192,100.0,6.25,12,,,,Lab Staff
2024-07-17,AB,In-Tank,,0,0.0,0.0,0,,,,Lab Staff
2024-07-17,AB,In-Tank,,452,97.8,83.0,367,,,,Lab Staff
2024-07-17,AB,Pair-Wise,,544,100.0,78.1,425,,,,Lab Staff
2024-07-17,Gata,Pair-Wise,,65,100.0,66.1,43,,,,Lab Staff
2024-07-17,AB,In-Tank,,1857,98.9,66.7,1225,,,,Lab Staff
2024-07-28,AB,In-Tank,,910,98.5,82.05,735,,,,Lab Staff
2024-07-28,AB,In-Tank,,532,100.0,85.15,453,,,,Lab Staff
2024-07-30,AB,Pair-Wise,,947,98.7,87.77,820,,,,Lab Staff
2024-07-30,AB,Pair-Wise,,147,95.8,57.14,80,,,,Lab Staff
2024-07-30,AB,Pair-Wise,,619,99.6,62.3,384,,,,Lab Staff
2024-07-30,AB,Pair-Wise,,92,82.6,7.9,6,,,,Lab Staff
2024-08-03,AB,In-Tank,,2149,99.5,80.2,1715,,,,Lab Staff
2024-08-03,AB,Pair-Wise,,952,99.7,94.3,895,,,,Lab Staff
2024-08-03,AB,Pair-Wise,,883,100.0,94.0,830,,,,Lab Staff
2024-08-03,AB,In-Tank,,1509,99.6,88.5,1330,,,,Lab Staff
2024-08-03,AB,In-Tank,,120,100.0,86.6,104,,,,Lab Staff
2024-08-04,AB,Pair-Wise,,1243,100.0,64.75,805,,,,Lab Staff
2024-08-04,AB,Pair-Wise,,185,100.0,81.6,151,,,,Lab Staff
2024-08-04,AB,In-Tank,,1969,100.0,75.6,1489,,,,Lab Staff
2024-08-10,AB,Pair-Wise,,676,100.0,98.0,662,,,,Lab Staff
2024-08-10,AB,In-Tank,,1603,100.0,78.5,1258,,,,Lab Staff
2024-08-10,AB,In-Tank,,903,99.0,75.4,674,,,,Lab Staff
2024-08-10,AB,In-Tank,,896,100.0,80.0,717,,,,Lab Staff
2024-08-11,AB,Pair-Wise,,204,100.0,98.0,200,,,,Lab Staff
2024-08-11,AB,In-Tank,,1018,99.0,87.1,878,,,,Lab Staff
2024-08-11,AB,Pair-Wise,,724,100.0,83.33,603,,,,Lab Staff
2024-08-11,AB,In-Tank,,269,100.0,83.6,225,,,,Lab Staff
2024-08-11,AB,In-Tank,,628,100.0,90.2,566,,,,Lab Staff
2024-08-13,Fli,Pair-Wise,,329,100.0,57.4,189,,,,Lab Staff
2024-08-13,Fli,Pair-Wise,,440,100.0,71.8,316,,,,Lab Staff
2024-08-13,Fli,Pair-Wise,,641,100.0,79.5,510,,,,Lab Staff
2024-08-13,Fli,Pair-Wise,,0,0.0,0.0,0,,,,Lab Staff
2024-08-17,AB,Pair-Wise,,621,100.0,92.66,575,,,,Lab Staff
2024-08-17,AB,Pair-Wise,,740,100.0,78.3,579,,,,Lab Staff
2024-08-17,AB,In-Tank,,0,0.0,0.0,0,,,,Lab Staff
2024-08-17,AB,Pair-Wise,,958,100.0,62.0,594,,,,Lab Staff
2024-08-18,AB,In-Tank,,968,100.0,83.0,803,,,,Lab Staff
2024-08-18,AB,In-Tank,,581,100.0,96.0,558,,,,Lab Staff
2024-08-18,AB,Pair-Wise,,170,100.0,100.0,170,,,,Lab Staff
2024-08-18,AB,In-Tank,,370,100.0,92.0,340,,,,Lab Staff
2024-08-18,AB,Pair-Wise,,221,100.0,91.0,201,,,,Lab Staff
2024-08-19,AB,Pair-Wise,,126,100.0,57.0,72,,,,Lab Staff
2024-08-20,AB,Pair-Wise,,136,100.0,67.0,91,,,,Lab Staff
2024-08-20,AB,Pair-Wise,,4188,100.0,85.6,3585,,,,Lab Staff
2024-08-20,AB,Pair-Wise,,0,0.0,0.0,0,,,,Lab Staff
2024-08-24,Fli,Pair-Wise,,244,100.0,81.0,198,,,,Lab Staff
2024-08-24,Fli,Pair-Wise,,252,100.0,80.0,202,,,,Lab Staff
2024-08-24,AB,Pair-Wise,,381,100.0,95.8,365,,,,Lab Staff
2024-08-24,Fli,Pair-Wise,,281,100.0,94.6,266,,,,Lab Staff
2024-08-24,Gata,Pair-Wise,,397,100.0,60.0,238,,,,Lab Staff
2024-08-24,AB,Pair-Wise,,944,100.0,96.8,914,,,,Lab Staff
2024-08-24,AB,Pair-Wise,,350,100.0,96.8,339,,,,Lab Staff
2024-08-24,Fli,Pair-Wise,,278,100.0,73.0,203,,,,Lab Staff
2024-08-25,AB,Pair-Wise,,285,100.0,78.0,222,,,,Lab Staff
2024-08-25,AB,Pair-Wise,,134,100.0,97.0,130,,,,Lab Staff
2024-08-25,AB,Pair-Wise,,210,100.0,63.0,132,,,,Lab Staff
2024-08-25,AB,Pair-Wise,,1329,100.0,65.5,870,,,,Lab Staff
2024-08-25,AB,Pair-Wise,,1401,100.0,91.0,1275,,,,Lab Staff
2024-08-27,AB,Pair-Wise,,84,91.0,50.0,38,,,,Lab Staff
2024-08-27,AB,Pair-Wise,,282,100.0,86.0,243,,,,Lab Staff
2024-08-27,AB,Pair-Wise,,2052,100.0,84.0,1724,,,,Lab Staff
2024-08-27,Other,Pair-Wise,,861,100.0,77.0,663,,,,Lab Staff
2024-08-30,AB,Pair-Wise,,567,100.0,86.59,491,,,,Lab Staff
2024-09-08,AB,Pair-Wise,,141,98.0,70.9,98,,,,Lab Staff
2024-09-10,AB,Pair-Wise,,1907,99.0,90.0,1699,,,,Lab Staff
2024-09-10,AB,Pair-Wise,,141,100.0,94.0,133,,,,Lab Staff
2024-09-10,AB,Pair-Wise,,369,100.0,90.0,332,,,,Lab Staff
2024-09-10,AB,Pair-Wise,,310,100.0,85.0,264,,,,Lab Staff
2024-09-10,AB,Pair-Wise,,533,98.8,65.8,347,,,,Lab Staff
2024-09-10,AB,Pair-Wise,,3835,99.0,87.4,3318,,,,Lab Staff
2024-09-10,AB,Pair-Wise,,339,100.0,11.0,37,,,,Lab Staff
2024-09-14,AB,Pair-Wise,,1006,100.0,88.88,894,,,,Lab Staff
2024-09-14,AB,Pair-Wise,,477,100.0,83.6,399,,,,Lab Staff
2024-09-14,AB,Pair-Wise,,248,100.0,98.8,245,,,,Lab Staff
2024-09-14,AB,Pair-Wise,,222,100.0,88.0,195,,,,Lab Staff
2024-09-14,AB,Pair-Wise,,684,100.0,89.0,609,,,,Lab Staff
2024-09-14,AB,Pair-Wise,,200,100.0,85.55,171,,,,Lab Staff
2024-09-14,AB,Pair-Wise,,334,100.0,82.6,276,,,,Lab Staff
2024-09-14,AB,Pair-Wise,,352,100.0,74.7,263,,,,Lab Staff
2024-09-15,AB,Pair-Wise,,1131,100.0,63.0,713,,,,Lab Staff
2024-09-15,AB,Pair-Wise,,2300,100.0,82.0,1886,,,,Lab Staff
2024-09-22,AB,Pair-Wise,,187,100.0,83.4,156,,,,Lab Staff
2024-09-22,AB,Pair-Wise,,458,100.0,83.9,384,,,,Lab Staff
2024-09-22,AB,Pair-Wise,,854,100.0,92.0,786,,,,Lab Staff
2024-09-22,AB,Pair-Wise,,90,100.0,100.0,90,,,,Lab Staff
2024-09-23,Fli,Pair-Wise,,494,100.0,81.3,402,,,,Lab Staff
2024-09-23,Fli,Pair-Wise,,691,100.0,73.0,504,,,,Lab Staff
2024-09-23,Fli,Pair-Wise,,427,97.0,86.7,359,,,,Lab Staff
2024-09-23,Fli,Pair-Wise,,310,100.0,75.8,235,,,,Lab Staff
2024-09-23,Fli,Pair-Wise,,592,100.0,88.6,525,,,,Lab Staff
2024-09-23,Fli,Pair-Wise,,718,100.0,75.6,543,,,,Lab Staff
2024-09-23,Fli,Pair-Wise,,3853,91.0,83.4,2924,,,,Lab Staff
2024-09-28,AB,Pair-Wise,,339,100.0,79.6,270,,,,Lab Staff
2024-09-28,AB,Pair-Wise,,664,100.0,93.7,622,,,,Lab Staff
2024-09-28,AB,Pair-Wise,,512,100.0,86.5,443,,,,Lab Staff
2024-09-28,AB,Pair-Wise,,1590,100.0,77.4,1231,,,,Lab Staff
2024-09-29,AB,Pair-Wise,,0,0.0,0.0,0,,,,Lab Staff
2024-09-29,AB,Pair-Wise,,2796,98.0,89.3,2447,,,,Lab Staff
2024-09-29,AB,Pair-Wise,,1500,100.0,89.8,1347,,,,Lab Staff
2024-09-29,AB,Pair-Wise,,292,100.0,63.0,184,,,,Lab Staff
2024-09-29,AB,Pair-Wise,,210,100.0,82.8,174,,,,Lab Staff
2024-09-29,AB,Pair-Wise,,590,100.0,95.4,563,,,,Lab Staff
2024-10-01,Fli,Pair-Wise,,669,100.0,78.4,524,,,,Lab Staff
2024-10-01,Fli,Pair-Wise,,2226,100.0,63.0,1402,,,,Lab Staff
2024-10-01,Fli,Pair-Wise,,87,100.0,31.0,27,,,,Lab Staff
2024-10-01,Gata,Pair-Wise,,0,0.0,0.0,0,,,,Lab Staff
2024-10-02,AB,Pair-Wise,,1191,100.0,92.1,1097,,,,Lab Staff
2024-10-02,AB,Pair-Wise,,39,100.0,58.97,23,,,,Lab Staff
2024-10-05,AB,Pair-Wise,,232,100.0,77.1,179,,,,Lab Staff
2024-10-05,AB,Pair-Wise,,1405,100.0,85.0,1194,,,,Lab Staff
2024-10-05,AB,Pair-Wise,,161,100.0,94.4,152,,,,Lab Staff
2024-10-05,AB,Pair-Wise,,407,100.0,91.4,372,,,,Lab Staff
2024-10-06,AB,Pair-Wise,,177,100.0,96.8,171,,,,Lab Staff
2024-10-06,AB,Pair-Wise,,992,100.0,84.7,840,,,,Lab Staff
2024-10-06,AB,Pair-Wise,,1800,100.0,90.0,1620,,,,Lab Staff
2024-10-06,AB,Pair-Wise,,20,100.0,85.0,17,,,,Lab Staff
2024-10-06,AB,Pair-Wise,,0,0.0,0.0,0,,,,Lab Staff
2024-10-07,AB,Pair-Wise,,570,98.0,93.0,519,,,,Lab Staff
2024-10-07,AB,Pair-Wise,,3479,97.0,80.0,2700,,,,Lab Staff
2024-10-07,AB,Pair-Wise,,661,98.0,71.0,460,,,,Lab Staff
2024-10-12,AB,Pair-Wise,,174,100.0,93.1,162,,,,Lab Staff
2024-10-12,AB,Pair-Wise,,635,100.0,86.0,546,,,,Lab Staff
2024-10-12,AB,Pair-Wise,,269,100.0,96.0,258,,,,Lab Staff
2024-10-13,AB,Pair-Wise,,712,100.0,92.0,655,,,,Lab Staff
2024-10-13,AB,Pair-Wise,,116,100.0,90.0,104,,,,Lab Staff
2024-10-13,AB,Pair-Wise,,317,100.0,70.5,223,,,,Lab Staff
2024-10-14,Fli,Pair-Wise,,527,83.0,77.7,340,,,,Lab Staff
2024-10-14,Fli,Pair-Wise,,1256,99.0,64.2,798,,,,Lab Staff
2024-10-14,Fli,Pair-Wise,,0,0.0,0.0,0,,,,Lab Staff
2024-10-14,Gata,Pair-Wise,,0,0.0,0.0,0,,,,Lab Staff
2024-10-14,Fli,Pair-Wise,,401,96.0,91.7,353,,,,Lab Staff
2024-10-14,Fli,Pair-Wise,,228,86.0,77.5,152,,,,Lab Staff
2024-10-20,AB,Pair-Wise,,618,100.0,78.0,482,,,,Lab Staff
2024-10-20,AB,Pair-Wise,,120,100.0,95.0,114,,,,Lab Staff
2024-10-20,AB,Pair-Wise,,74,100.0,75.0,56,,,,Lab Staff
2024-10-20,AB,Pair-Wise,,845,100.0,96.0,811,,,,Lab Staff
2024-10-20,AB,Pair-Wise,,817,100.0,85.0,694,,,,Lab Staff
2024-10-20,AB,Pair-Wise,,172,100.0,88.0,151,,,,Lab Staff
2024-10-21,AB,Pair-Wise,,1969,100.0,89.0,1752,,,,Lab Staff
2024-10-21,AB,Pair-Wise,,632,100.0,81.0,512,,,,Lab Staff
2024-10-21,AB,Pair-Wise,,335,100.0,77.0,258,,,,Lab Staff
2024-10-21,AB,Pair-Wise,,393,95.0,72.0,269,,,,Lab Staff
2024-10-21,AB,Pair-Wise,,827,100.0,65.0,538,,,,Lab Staff
2024-10-22,AB,Pair-Wise,,1816,100.0,88.0,1598,,,,Lab Staff
2024-10-22,AB,Pair-Wise,,212,95.0,84.65,170,,,,Lab Staff
2024-10-23,AB,Pair-Wise,,5055,97.4,89.0,4382,,,,Lab Staff
2024-10-23,AB,Pair-Wise,,447,100.0,92.0,411,,,,Lab Staff
2024-10-26,AB,Pair-Wise,,0,0.0,0.0,0,,,,Lab Staff
2024-10-26,AB,In-Tank,,0,0.0,0.0,0,,,,Lab Staff
2024-10-26,AB,In-Tank,,47,100.0,90.0,42,,,,Lab Staff
2024-10-26,AB,Pair-Wise,,1141,99.0,87.5,988,,,,Lab Staff
2024-10-26,AB,In-Tank,,264,100.0,81.0,214,,,,Lab Staff
2024-10-26,AB,Pair-Wise,,1593,100.0,85.5,1362,,,,Lab Staff
2024-10-27,AB,Pair-Wise,,0,0.0,0.0,0,,,,Lab Staff
2024-10-27,AB,Pair-Wise,,868,100.0,92.0,799,,,,Lab Staff
2024-10-27,AB,Pair-Wise,,770,100.0,91.0,701,,,,Lab Staff
2024-10-27,AB,Pair-Wise,,254,100.0,75.0,191,,,,Lab Staff
2024-10-27,AB,Pair-Wise,,0,0.0,0.0,0,,,,Lab Staff
2024-10-28,AB,Pair-Wise,,0,0.0,0.0,0,,,,Lab Staff
2024-10-28,Casper,Pair-Wise,,0,0.0,0.0,0,,,,Lab Staff
2024-10-28,AB,Pair-Wise,,0,0.0,0.0,0,,,,Lab Staff
2024-10-28,AB,Pair-Wise,,0,0.0,0.0,0,,,,Lab Staff
2024-10-28,AB,Pair-Wise,,297,100.0,91.5,272,,,,Lab Staff
2024-10-29,AB,Pair-Wise,,25,80.0,84.0,17,,,,Lab Staff
2024-10-29,AB,Pair-Wise,,81,100.0,66.0,53,,,,Lab Staff
2024-10-29,AB,Pair-Wise,,409,100.0,91.0,372,,,,Lab Staff
2024-10-29,AB,Pair-Wise,,299,100.0,71.2,213,,,,Lab Staff
2024-11-02,AB,Pair-Wise,,328,100.0,81.4,267,,,,Lab Staff
2024-11-02,AB,Pair-Wise,,499,100.0,88.8,443,,,,Lab Staff
2024-11-02,AB,Pair-Wise,,1758,98.0,83.0,1430,,,,Lab Staff
2024-11-03,AB,Pair-Wise,,1760,100.0,88.8,1563,,,,Lab Staff
2024-11-04,AB,In-Tank,,215,93.0,56.5,113,,,,Lab Staff
2024-11-04,AB,Pair-Wise,,441,100.0,54.19,239,,,,Lab Staff
2024-11-04,AB,In-Tank,,380,91.3,91.0,316,,,,Lab Staff
2024-11-04,AB,Pair-Wise,,418,100.0,76.0,318,,,,Lab Staff
2024-11-04,AB,In-Tank,,1188,95.7,62.0,705,,,,Lab Staff
2024-11-04,AB,Pair-Wise,,792,96.0,15.0,114,,,,Lab Staff
2024-11-04,AB,Pair-Wise,,881,99.0,86.5,754,,,,Lab Staff
2024-11-04,AB,Pair-Wise,,1350,100.0,84.0,1134,,,,Lab Staff
2024-11-04,AB,Pair-Wise,,0,0.0,0.0,0,,,,Lab Staff
2024-11-04,AB,Pair-Wise,,161,100.0,67.7,109,,,,Lab Staff
2024-11-04,Casper,Pair-Wise,,0,0.0,0.0,0,,,,Lab Staff
2024-11-04,AB,Pair-Wise,,119,100.0,95.8,114,,,,Lab Staff
2024-11-04,Casper,Pair-Wise,,130,100.0,18.4,24,,,,Lab Staff
2024-11-05,AB,Pair-Wise,,0,0.0,0.0,0,,,,Lab Staff
2024-11-05,AB,Pair-Wise,,1881,100.0,65.8,1238,,,,Lab Staff
2024-11-09,AB,Pair-Wise,,1117,100.0,90.0,1005,,,,Lab Staff
2024-11-09,AB,Pair-Wise,,561,100.0,79.8,448,,,,Lab Staff
2024-11-09,AB,In-Tank,,1404,100.0,85.75,1204,,,,Lab Staff
2024-11-09,AB,Pair-Wise,,0,0.0,0.0,0,,,,Lab Staff
2024-11-10,Gata,Pair-Wise,,0,0.0,0.0,0,,,,Lab Staff
2024-11-10,Other,Pair-Wise,,95,97.9,39.7,37,,,,Lab Staff
2024-11-10,Gata,Pair-Wise,,0,0.0,0.0,0,,,,Lab Staff
2024-11-10,AB,Pair-Wise,,330,98.4,91.0,295,,,,Lab Staff
2024-11-10,Gata,Pair-Wise,,0,0.0,0.0,0,,,,Lab Staff
2024-11-10,Gata,Pair-Wise,,0,0.0,0.0,0,,,,Lab Staff
2024-11-10,AB,Pair-Wise,,664,99.0,90.0,592,,,,Lab Staff
2024-11-10,Other,Pair-Wise,,366,100.0,84.0,307,,,,Lab Staff
2024-11-11,AB,Pair-Wise,,247,100.0,77.0,190,,,,Lab Staff
2024-11-11,AB,Pair-Wise,,1425,100.0,87.1,1241,,,,Lab Staff
2024-11-11,Fli,Pair-Wise,,0,0.0,0.0,0,,,,Lab Staff
2024-11-11,Fli,Pair-Wise,,351,100.0,68.6,241,,,,Lab Staff
2024-11-11,Fli,Pair-Wise,,520,100.0,94.4,491,,,,Lab Staff
2024-11-11,AB,Pair-Wise,,437,72.0,90.8,286,,,,Lab Staff
2024-11-12,AB,Pair-Wise,,308,100.0,56.4,174,,,,Lab Staff
2024-11-12,AB,Pair-Wise,,2277,100.0,82.0,1867,,,,Lab Staff
2024-11-12,AB,Pair-Wise,,1449,89.0,58.0,748,,,,Lab Staff
2024-11-12,AB,Pair-Wise,,1088,100.0,77.2,840,,,,Lab Staff
2024-11-12,AB,Pair-Wise,,292,100.0,98.9,289,,,,Lab Staff
2024-11-12,AB,Pair-Wise,,490,100.0,91.8,450,,,,Lab Staff
2024-11-12,AB,Pair-Wise,,1087,92.9,70.8,715,,,,Lab Staff
2024-11-12,AB,Pair-Wise,,169,100.0,90.5,153,,,,Lab Staff
2024-11-13,AB,Pair-Wise,,112,100.0,83.0,93,,,,Lab Staff
2024-11-13,AB,Pair-Wise,,51,100.0,78.4,40,,,,Lab Staff
2024-11-13,AB,Pair-Wise,,67,100.0,58.2,39,,,,Lab Staff
2024-11-13,AB,Pair-Wise,,102,100.0,67.0,68,,,,Lab Staff
2024-11-13,AB,Pair-Wise,,179,100.0,48.6,87,,,,Lab Staff
2024-11-13,Fli,Pair-Wise,,1519,100.0,63.1,958,,,,Lab Staff
2024-11-13,Fli,Pair-Wise,,179,100.0,92.0,165,,,,Lab Staff
2024-11-13,AB,Pair-Wise,,1509,100.0,92.2,1391,,,,Lab Staff
2024-11-13,AB,Pair-Wise,,287,100.0,89.5,257,,,,Lab Staff
2024-11-16,AB,Pair-Wise,,19,100.0,0.0,0,,,,Lab Staff
2024-11-16,AB,Pair-Wise,,0,0.0,0.0,0,,,,Lab Staff
2024-11-16,AB,Pair-Wise,,275,100.0,92.0,253,,,,Lab Staff
2024-11-16,AB,Pair-Wise,,532,100.0,92.5,492,,,,Lab Staff
2024-11-17,Gata,Pair-Wise,,180,100.0,60.0,108,,,,Lab Staff
2024-11-17,AB,In-Tank,,292,100.0,69.0,201,,,,Lab Staff
2024-11-17,AB,In-Tank,,1151,100.0,78.0,898,,,,Lab Staff
2024-11-17,Gata,Pair-Wise,,0,0.0,0.0,0,,,,Lab Staff
2024-11-17,Gata,Pair-Wise,,0,0.0,0.0,0,,,,Lab Staff
2024-11-17,AB,Pair-Wise,,523,100.0,82.0,429,,,,Lab Staff
2024-11-17,Casper,Pair-Wise,,0,0.0,0.0,0,,,,Lab Staff
2024-11-17,Casper,Pair-Wise,,0,0.0,0.0,0,,,,Lab Staff
2024-11-17,Casper,Pair-Wise,,174,100.0,47.0,82,,,,Lab Staff
2024-11-17,AB,Pair-Wise,,76,100.0,98.0,74,,,,Lab Staff
2024-11-17,Other,Pair-Wise,,255,100.0,71.0,181,,,,Lab Staff
2024-11-18,AB,Pair-Wise,,530,97.0,86.0,442,,,,Lab Staff
2024-11-18,Fli,Pair-Wise,,61,100.0,36.0,22,,,,Lab Staff
2024-11-18,Fli,Pair-Wise,,767,100.0,89.0,683,,,,Lab Staff
2024-11-18,AB,Pair-Wise,,684,100.0,91.0,622,,,,Lab Staff
2024-11-18,AB,Pair-Wise,,149,100.0,63.0,94,,,,Lab Staff
2024-11-18,AB,Pair-Wise,,661,95.0,74.0,465,,,,Lab Staff
2024-11-18,Fli,Pair-Wise,,1754,100.0,84.0,1473,,,,Lab Staff
2024-11-18,AB,Pair-Wise,,489,100.0,92.0,450,,,,Lab Staff
2024-11-19,AB,Pair-Wise,,403,100.0,92.0,371,,,,Lab Staff
2024-11-19,AB,Pair-Wise,,355,88.9,93.0,294,,,,Lab Staff
2024-11-19,AB,Pair-Wise,,369,100.0,96.0,354,,,,Lab Staff
2024-11-19,AB,Pair-Wise,,202,100.0,96.0,194,,,,Lab Staff
2024-11-19,AB,Pair-Wise,,40,100.0,52.0,21,,,,Lab Staff
2024-11-19,AB,Pair-Wise,,207,100.0,90.0,186,,,,Lab Staff
2024-11-20,Gata,Pair-Wise,,0,0.0,0.0,0,,,,Lab Staff
2024-11-20,Other,Pair-Wise,,0,0.0,0.0,0,,,,Lab Staff
2024-11-20,Gata,Pair-Wise,,0,0.0,0.0,0,,,,Lab Staff
2024-11-20,AB,Pair-Wise,,2980,98.4,84.0,2463,,,,Lab Staff
2024-11-20,AB,Pair-Wise,,125,100.0,84.0,105,,,,Lab Staff
2024-11-23,AB,Pair-Wise,,766,100.0,87.0,666,,,,Lab Staff
2024-11-23,AB,Pair-Wise,,212,100.0,81.0,172,,,,Lab Staff
2024-11-23,AB,Pair-Wise,,210,100.0,62.0,130,,,,Lab Staff
2024-11-23,AB,Pair-Wise,,69,100.0,84.0,58,,,,Lab Staff
2024-11-23,AB,Pair-Wise,,554,100.0,84.0,465,,,,Lab Staff
2024-11-24,AB,Pair-Wise,,54,100.0,67.0,36,,,,Lab Staff
2024-11-24,AB,Pair-Wise,,257,100.0,80.0,206,,,,Lab Staff
2024-11-24,AB,Pair-Wise,,726,100.0,83.0,603,,,,Lab Staff
2024-11-30,AB,Pair-Wise,,700,100.0,89.0,623,,,,Lab Staff
2024-11-30,AB,Pair-Wise,,32,100.0,75.0,24,,,,Lab Staff
2024-11-30,AB,Pair-Wise,,355,100.0,91.0,323,,,,Lab Staff
2024-11-30,AB,Pair-Wise,,1065,100.0,80.0,852,,,,Lab Staff
2024-12-01,AB,Pair-Wise,,329,100.0,96.0,316,,,,Lab Staff
2024-12-01,AB,Pair-Wise,,1122,100.0,90.0,1010,,,,Lab Staff
2024-12-01,AB,Pair-Wise,,947,100.0,90.0,852,,,,Lab Staff
2024-12-01,AB,Pair-Wise,,582,100.0,77.6,452,,,,Lab Staff
2024-12-01,AB,Pair-Wise,,168,100.0,72.0,121,,,,Lab Staff
2024-12-01,AB,Pair-Wise,,316,100.0,60.0,190,,,,Lab Staff
2024-12-02,AB,Pair-Wise,,331,100.0,80.0,265,,,,Lab Staff
2024-12-02,AB,Pair-Wise,,809,100.0,73.0,591,,,,Lab Staff
2024-12-02,AB,Pair-Wise,,932,100.0,77.0,718,,,,Lab Staff
2024-12-02,Gata,Pair-Wise,,0,0.0,0.0,0,,,,Lab Staff
2024-12-02,Gata,Pair-Wise,,0,0.0,0.0,0,,,,Lab Staff
2024-12-03,AB,Pair-Wise,,537,100.0,83.0,446,,,,Lab Staff
2024-12-03,Fli,Pair-Wise,,287,100.0,93.0,267,,,,Lab Staff
2024-12-03,AB,Pair-Wise,,2,100.0,0.0,0,,,,Lab Staff
2024-12-03,AB,Pair-Wise,,149,12.0,72.0,13,,,,Lab Staff
2024-12-06,AB,Pair-Wise,,880,100.0,93.6,824,,,,Lab Staff
2024-12-07,AB,Pair-Wise,,1276,99.2,83.4,1056,,,,Lab Staff
2024-12-08,AB,Pair-Wise,,0,0.0,63.0,0,,,,Lab Staff
2024-12-08,AB,Pair-Wise,,0,0.0,63.0,0,,,,Lab Staff
2024-12-08,AB,Pair-Wise,,807,100.0,75.5,609,,,,Lab Staff
2024-12-08,AB,Pair-Wise,,1123,100.0,88.2,990,,,,Lab Staff
2024-12-09,AB,Pair-Wise,,84,100.0,86.9,73,,,,Lab Staff
2024-12-09,AB,Pair-Wise,,227,100.0,90.7,206,,,,Lab Staff
2024-12-09,AB,Pair-Wise,,262,100.0,89.6,235,,,,Lab Staff
2024-12-09,AB,Pair-Wise,,0,0.0,0.0,0,,,,Lab Staff
2024-12-10,AB,Pair-Wise,,41,100.0,63.41,26,,,,Lab Staff
2024-12-10,AB,Pair-Wise,,179,100.0,73.7,132,,,,Lab Staff
2024-12-10,AB,Pair-Wise,,378,82.0,33.0,102,,,,Lab Staff
2024-12-10,AB,Pair-Wise,,0,0.0,0.0,0,,,,Lab Staff
2024-12-10,AB,Pair-Wise,,0,0.0,0.0,0,,,,Lab Staff
2024-12-12,AB,Pair-Wise,,570,100.0,72.0,410,,,,Lab Staff
2024-12-15,Fli,Pair-Wise,,1860,100.0,70.0,1302,,,,Lab Staff
2024-12-15,Fli,Pair-Wise,,1587,100.0,80.0,1270,,,,Lab Staff
2024-12-15,AB,In-Tank,,901,100.0,93.8,845,,,,Lab Staff
2024-12-15,AB,In-Tank,,958,99.1,85.0,807,,,,Lab Staff
2024-12-15,AB,In-Tank,,1157,99.0,82.0,939,,,,Lab Staff
2024-12-15,AB,Pair-Wise,,1316,100.0,77.2,1016,,,,Lab Staff
2024-12-21,AB,Pair-Wise,,161,100.0,80.0,129,,,,Lab Staff
2024-12-21,AB,Pair-Wise,,0,0.0,0.0,0,,,,Lab Staff
2024-12-21,AB,Pair-Wise,,153,100.0,95.4,146,,,,Lab Staff
2024-12-21,AB,Pair-Wise,,710,100.0,89.4,635,,,,Lab Staff
2024-12-22,AB,Pair-Wise,,1051,100.0,89.2,937,,,,Lab Staff
2024-12-22,AB,Pair-Wise,,860,100.0,76.16,655,,,,Lab Staff
2024-12-22,AB,Pair-Wise,,603,100.0,94.36,569,,,,Lab Staff
2024-12-23,AB,In-Tank,,0,0.0,0.0,0,,,,Lab Staff
2024-12-23,AB,In-Tank,,0,0.0,0.0,0,,,,Lab Staff
2024-12-23,AB,In-Tank,,0,0.0,0.0,0,,,,Lab Staff
2024-12-23,AB,In-Tank,,139,100.0,70.5,98,,,,Lab Staff
2024-12-23,Casper,Pair-Wise,,0,0.0,0.0,0,,,,Lab Staff
2024-12-23,AB,In-Tank,,466,100.0,92.4,431,,,,Lab Staff
2024-12-23,AB,Pair-Wise,,1693,100.0,82.16,1391,,,,Lab Staff
2024-12-23,AB,Pair-Wise,,0,0.0,0.0,0,,,,Lab Staff
2024-12-23,AB,Pair-Wise,,521,100.0,94.2,491,,,,Lab Staff
2024-12-24,AB,Pair-Wise,,0,0.0,0.0,0,,,,Lab Staff
2024-12-24,AB,Pair-Wise,,0,0.0,0.0,0,,,,Lab Staff
2024-12-24,AB,Pair-Wise,,274,100.0,79.9,219,,,,Lab Staff
2024-12-24,AB,Pair-Wise,,394,100.0,87.3,344,,,,Lab Staff
2024-12-28,AB,Pair-Wise,,900,100.0,86.6,779,,,,Lab Staff
2024-12-28,AB,Pair-Wise,,604,100.0,81.95,495,,,,Lab Staff
2024-12-28,AB,Pair-Wise,,710,98.0,91.8,639,,,,Lab Staff
2024-12-29,AB,Pair-Wise,,412,93.9,89.0,344,,,,Lab Staff
2024-12-29,AB,In-Tank,,592,99.1,90.97,534,,,,Lab Staff
2024-12-29,AB,In-Tank,,1596,98.18,82.76,1296,,,,Lab Staff
2024-12-29,AB,In-Tank,,1588,94.5,88.1,1321,,,,Lab Staff
2024-12-31,AB,Pair-Wise,,981,100.0,79.6,781,,,,Lab Staff
2024-12-31,AB,Pair-Wise,,1661,100.0,81.3,1350,,,,Lab Staff
2024-12-31,AB,Pair-Wise,,848,100.0,88.4,750,,,,Lab Staff
2024-12-31,AB,Pair-Wise,,260,100.0,92.6,241,,,,Lab Staff
2024-12-31,Gata,Pair-Wise,,0,0.0,0.0,0,,,,Lab Staff
2024-12-31,AB,Pair-Wise,,0,0.0,0.0,0,,,,Lab Staff
2024-12-31,Gata,Pair-Wise,,0,0.0,0.0,0,,,,Lab Staff
2025-01-01,AB,In-Tank,,841,87.9,0.0,0,,,,Lab Staff
2025-01-01,AB,In-Tank,,706,99.5,91.0,639,,,,Lab Staff
2025-01-01,AB,In-Tank,,0,0.0,0.0,0,,,,Lab Staff
2025-01-01,Gata,Pair-Wise,,0,0.0,0.0,0,,,,Lab Staff
2025-01-01,AB,Pair-Wise,,0,0.0,0.0,0,,,,Lab Staff
2025-01-01,Gata,Pair-Wise,,0,0.0,0.0,0,,,,Lab Staff
2025-01-01,AB,Pair-Wise,,0,0.0,0.0,0,,,,Lab Staff
2025-01-05,AB,Pair-Wise,,685,100.0,90.0,616,,,,Lab Staff
2025-01-05,AB,Pair-Wise,,985,100.0,82.0,808,,,,Lab Staff
2025-01-05,AB,Pair-Wise,,339,100.0,93.5,317,,,,Lab Staff
2025-01-05,AB,Pair-Wise,,894,100.0,82.5,738,,,,Lab Staff
2025-01-05,AB,Pair-Wise,,966,100.0,64.8,626,,,,Lab Staff
2025-01-07,AB,Pair-Wise,,216,100.0,93.0,201,,,,Lab Staff
2025-01-07,AB,Pair-Wise,,857,100.0,92.0,788,,,,Lab Staff
2025-01-07,AB,Pair-Wise,,927,100.0,83.0,769,,,,Lab Staff
2025-01-07,AB,Pair-Wise,,1613,100.0,76.0,1226,,,,Lab Staff
2025-01-08,AB,Pair-Wise,,782,99.2,83.0,643,,,,Lab Staff
2025-01-08,Gata,Pair-Wise,,0,0.0,0.0,0,,,,Lab Staff
2025-01-09,AB,Pair-Wise,,505,100.0,95.6,483,,,,Lab Staff
2025-01-09,AB,Pair-Wise,,567,80.0,70.6,320,,,,Lab Staff
2025-01-11,AB,Pair-Wise,,350,100.0,94.5,331,,,,Lab Staff
2025-01-11,AB,Pair-Wise,,895,100.0,82.5,738,,,,Lab Staff
2025-01-11,AB,Pair-Wise,,221,100.0,91.0,201,,,,Lab Staff
2025-01-12,AB,Pair-Wise,,769,97.0,74.9,558,,,,Lab Staff
2025-01-12,Fli,Pair-Wise,,222,100.0,55.1,122,,,,Lab Staff
2025-01-12,Fli,Pair-Wise,,591,100.0,95.0,561,,,,Lab Staff
2025-01-12,AB,Pair-Wise,,802,100.0,92.0,738,,,,Lab Staff
2025-01-12,AB,Pair-Wise,,1223,95.0,85.2,989,,,,Lab Staff
2025-01-12,Fli,Pair-Wise,,1438,100.0,66.0,949,,,,Lab Staff
2025-01-13,AB,Pair-Wise,,196,100.0,98.9,194,,,,Lab Staff
2025-01-13,AB,Pair-Wise,,170,100.0,69.0,117,,,,Lab Staff
2025-01-13,Fli,Pair-Wise,,229,80.0,85.0,156,,,,Lab Staff
2025-01-13,Fli,Pair-Wise,,1550,100.0,79.0,1224,,,,Lab Staff
2025-01-13,Fli,Pair-Wise,,728,100.0,71.0,517,,,,Lab Staff
2025-01-14,AB,Pair-Wise,,387,100.0,93.3,361,,,,Lab Staff
2025-01-14,AB,Pair-Wise,,0,0.0,0.0,0,,,,Lab Staff
2025-01-14,Fli,Pair-Wise,,582,100.0,78.4,456,,,,Lab Staff
2025-01-14,AB,Pair-Wise,,585,100.0,94.8,555,,,,Lab Staff
2025-01-14,AB,Pair-Wise,,23,100.0,26.0,6,,,,Lab Staff
2025-01-14,Fli,Pair-Wise,,82,41.0,97.9,32,,,,Lab Staff
2025-01-14,AB,Pair-Wise,,59,100.0,79.8,47,,,,Lab Staff
2025-01-18,AB,Pair-Wise,,240,100.0,88.33,212,,,,Lab Staff
2025-01-18,AB,Pair-Wise,,1512,100.0,80.55,1218,,,,Lab Staff
2025-01-18,AB,Pair-Wise,,1034,100.0,89.33,924,,,,Lab Staff
2025-01-18,AB,Pair-Wise,,884,100.0,83.2,735,,,,Lab Staff
2025-01-19,AB,Pair-Wise,,448,99.1,75.0,332,,,,Lab Staff
2025-01-19,AB,Pair-Wise,,0,0.0,0.0,0,,,,Lab Staff
2025-01-19,AB,Pair-Wise,,790,100.0,86.58,684,,,,Lab Staff
2025-01-19,AB,Pair-Wise,,213,97.8,69.2,144,,,,Lab Staff
2025-01-19,AB,Pair-Wise,,1540,100.0,88.9,1369,,,,Lab Staff
2025-01-20,AB,Pair-Wise,,1019,100.0,75.0,764,,,,Lab Staff
2025-01-20,AB,Pair-Wise,,824,100.0,63.0,519,,,,Lab Staff
2025-01-21,AB,In-Tank,,311,100.0,64.6,201,,,,Lab Staff
2025-01-21,AB,In-Tank,,897,86.0,78.0,601,,,,Lab Staff
2025-01-21,AB,In-Tank,,144,100.0,74.7,108,,,,Lab Staff
2025-01-21,AB,In-Tank,,37,100.0,51.0,19,,,,Lab Staff
2025-01-22,AB,Pair-Wise,,324,100.0,91.0,295,,,,Lab Staff
2025-01-25,AB,Pair-Wise,,729,100.0,80.6,588,,,,Lab Staff
2025-01-25,AB,Pair-Wise,,352,100.0,94.0,331,,,,Lab Staff
2025-01-25,AB,Pair-Wise,,0,0.0,0.0,0,,,,Lab Staff
2025-01-26,AB,Pair-Wise,,981,100.0,0.0,0,,,,Lab Staff
2025-01-26,AB,Pair-Wise,,42,100.0,21.0,9,,,,Lab Staff
2025-01-26,AB,Pair-Wise,,486,100.0,68.0,330,,,,Lab Staff
2025-01-26,AB,Pair-Wise,,544,100.0,72.4,394,,,,Lab Staff
2025-01-26,AB,Pair-Wise,,330,100.0,91.0,300,,,,Lab Staff
2025-01-26,AB,Pair-Wise,,0,0.0,0.0,0,,,,Lab Staff
2025-01-26,Gata,Pair-Wise,,0,0.0,0.0,0,,,,Lab Staff
2025-01-26,Gata,Pair-Wise,,0,0.0,0.0,0,,,,Lab Staff
2025-01-26,AB,Pair-Wise,,0,0.0,0.0,0,,,,Lab Staff
2025-01-27,AB,Pair-Wise,,383,100.0,93.2,357,,,,Lab Staff
2025-01-27,Fli,Pair-Wise,,1374,99.9,78.22,1073,,,,Lab Staff
2025-01-27,AB,Pair-Wise,,755,100.0,88.1,665,,,,Lab Staff
2025-01-27,Fli,Pair-Wise,,12,100.0,75.0,9,,,,Lab Staff
2025-01-27,AB,Pair-Wise,,48,100.0,58.8,28,,,,Lab Staff
2025-01-27,AB,Pair-Wise,,1396,100.0,81.6,1139,,,,Lab Staff
2025-01-27,Fli,Pair-Wise,,839,100.0,25.0,210,,,,Lab Staff
2025-01-28,AB,Pair-Wise,,271,100.0,97.0,263,,,,Lab Staff
2025-01-28,AB,Pair-Wise,,519,100.0,72.0,374,,,,Lab Staff
2025-01-28,AB,Pair-Wise,,3362,100.0,74.0,2488,,,,Lab Staff
2025-01-28,Fli,Pair-Wise,,6,100.0,0.0,0,,,,Lab Staff
2025-01-28,Fli,Pair-Wise,,258,82.5,69.9,148,,,,Lab Staff
2025-01-28,AB,Pair-Wise,,389,100.0,71.0,276,,,,Lab Staff
2025-01-28,Fli,Pair-Wise,,833,99.8,69.0,573,,,,Lab Staff
2025-01-28,Fli,Pair-Wise,,1618,75.0,66.0,801,,,,Lab Staff
2025-02-01,AB,Pair-Wise,,639,100.0,94.0,601,,,,Lab Staff
2025-02-01,AB,Pair-Wise,,1696,100.0,92.2,1564,,,,Lab Staff
2025-02-01,AB,Pair-Wise,,2013,99.75,75.5,1515,,,,Lab Staff
2025-02-01,AB,Pair-Wise,,311,96.0,50.3,150,,,,Lab Staff
2025-02-01,AB,Pair-Wise,,1269,100.0,88.8,1127,,,,Lab Staff
2025-02-02,AB,Pair-Wise,,318,100.0,71.5,227,,,,Lab Staff
2025-02-02,AB,Pair-Wise,,274,100.0,91.0,249,,,,Lab Staff
2025-02-02,AB,Pair-Wise,,1161,100.0,93.0,1080,,,,Lab Staff
2025-02-02,AB,Pair-Wise,,407,100.0,94.7,385,,,,Lab Staff
2025-02-02,AB,Pair-Wise,,0,0.0,0.0,0,,,,Lab Staff
2025-02-03,AB,Pair-Wise,,278,100.0,74.0,206,,,,Lab Staff
2025-02-03,AB,Pair-Wise,,754,100.0,79.0,596,,,,Lab Staff
2025-02-03,AB,Pair-Wise,,714,100.0,81.0,578,,,,Lab Staff
2025-02-03,AB,Pair-Wise,,811,88.8,76.0,547,,,,Lab Staff
2025-02-03,AB,Pair-Wise,,470,100.0,40.0,188,,,,Lab Staff
2025-02-03,AB,Pair-Wise,,1049,100.0,93.0,976,,,,Lab Staff
2025-02-03,Fli,Pair-Wise,,91,100.0,56.0,51,,,,Lab Staff
2025-02-03,Fli,Pair-Wise,,528,99.8,77.0,405,,,,Lab Staff
2025-02-03,Fli,Pair-Wise,,632,99.5,86.0,540,,,,Lab Staff
2025-02-03,Casper,Pair-Wise,,0,0.0,0.0,0,,,,Lab Staff
2025-02-03,AB,Pair-Wise,,0,0.0,0.0,0,,,,Lab Staff
2025-02-03,AB,Pair-Wise,,0,0.0,0.0,0,,,,Lab Staff
2025-02-03,AB,Pair-Wise,,0,0.0,0.0,0,,,,Lab Staff
2025-02-03,Gata,Pair-Wise,,0,0.0,0.0,0,,,,Lab Staff
2025-02-03,Gata,Pair-Wise,,0,0.0,0.0,0,,,,Lab Staff
2025-02-04,AB,Pair-Wise,,545,100.0,83.0,452,,,,Lab Staff
2025-02-04,Fli,Pair-Wise,,2085,100.0,61.0,1272,,,,Lab Staff
2025-02-04,Fli,Pair-Wise,,739,99.6,77.0,567,,,,Lab Staff
2025-02-05,AB,Pair-Wise,,701,100.0,86.44,606,,,,Lab Staff
2025-02-05,AB,Pair-Wise,,389,100.0,88.88,346,,,,Lab Staff
2025-02-05,AB,Pair-Wise,,1389,99.9,84.49,1172,,,,Lab Staff
2025-02-05,AB,Pair-Wise,,1723,100.0,86.0,1482,,,,Lab Staff
2025-02-05,Fli,Pair-Wise,,830,100.0,77.1,640,,,,Lab Staff
2025-02-05,Fli,Pair-Wise,,0,0.0,0.0,0,,,,Lab Staff
2025-02-05,AB,Pair-Wise,,0,0.0,0.0,0,,,,Lab Staff
2025-02-08,AB,Pair-Wise,,1760,100.0,87.0,1531,,,,Lab Staff
2025-02-08,AB,Pair-Wise,,0,0.0,0.0,0,,,,Lab Staff
2025-02-08,AB,Pair-Wise,,4005,99.4,73.7,2933,,,,Lab Staff
2025-02-09,AB,Pair-Wise,,1048,100.0,93.6,981,,,,Lab Staff
2025-02-09,AB,Pair-Wise,,677,100.0,90.2,611,,,,Lab Staff
2025-02-09,Fli,Pair-Wise,,1493,99.5,69.81,1037,,,,Lab Staff
2025-02-09,AB,Pair-Wise,,631,100.0,84.0,530,,,,Lab Staff
2025-02-09,Fli,Pair-Wise,,174,100.0,80.5,140,,,,Lab Staff
2025-02-09,Fli,Pair-Wise,,250,100.0,95.6,239,,,,Lab Staff
2025-02-09,AB,Pair-Wise,,902,100.0,84.0,758,,,,Lab Staff
2025-02-09,AB,Pair-Wise,,0,0.0,0.0,0,,,,Lab Staff
2025-02-11,Fli,Pair-Wise,,1311,100.0,42.0,551,,,,Lab Staff
2025-02-11,Fli,Pair-Wise,,912,100.0,75.2,686,,,,Lab Staff
2025-02-11,Fli,Pair-Wise,,719,100.0,67.1,482,,,,Lab Staff
2025-02-11,Fli,Pair-Wise,,0,0.0,0.0,0,,,,Lab Staff
2025-02-11,AB,Pair-Wise,,990,100.0,79.5,787,,,,Lab Staff
2025-02-12,Casper,Pair-Wise,,754,100.0,43.4,327,,,,Lab Staff
2025-02-12,Casper,Pair-Wise,,0,0.0,0.0,0,,,,Lab Staff
2025-02-12,AB,Pair-Wise,,0,0.0,0.0,0,,,,Lab Staff
2025-02-12,Casper,Pair-Wise,,0,0.0,0.0,0,,,,Lab Staff
2025-02-12,AB,Pair-Wise,,407,100.0,98.5,401,,,,Lab Staff
2025-02-12,AB,Pair-Wise,,217,100.0,95.9,208,,,,Lab Staff
2025-02-12,AB,Pair-Wise,,634,100.0,81.5,517,,,,Lab Staff
2025-02-12,AB,Pair-Wise,,0,0.0,0.0,0,,,,Lab Staff
2025-02-12,AB,Pair-Wise,,1417,100.0,71.3,1010,,,,Lab Staff
2025-02-12,AB,Pair-Wise,,788,100.0,68.5,540,,,,Lab Staff
2025-02-15,AB,In-Tank,,1034,99.7,86.32,889,,,,Lab Staff
2025-02-15,AB,In-Tank,,1116,100.0,80.7,901,,,,Lab Staff
2025-02-15,AB,In-Tank,,576,100.0,80.7,465,,,,Lab Staff
2025-02-15,AB,Pair-Wise,,0,0.0,0.0,0,,,,Lab Staff
2025-02-15,AB,Pair-Wise,,898,100.0,91.11,818,,,,Lab Staff
2025-02-15,AB,Pair-Wise,,455,100.0,94.78,431,,,,Lab Staff
2025-02-15,Gata,Pair-Wise,,0,0.0,0.0,0,,,,Lab Staff
2025-02-15,AB,Pair-Wise,,0,0.0,0.0,0,,,,Lab Staff
2025-02-15,Casper,Pair-Wise,,0,0.0,0.0,0,,,,Lab Staff
2025-02-16,AB,Pair-Wise,,871,100.0,85.07,741,,,,Lab Staff
2025-02-16,Fli,Pair-Wise,,188,100.0,76.06,143,,,,Lab Staff
2025-02-16,Fli,Pair-Wise,,75,100.0,94.6,71,,,,Lab Staff
2025-02-16,Fli,Pair-Wise,,65,100.0,86.15,56,,,,Lab Staff
2025-02-16,Fli,Pair-Wise,,386,100.0,70.25,271,,,,Lab Staff
2025-02-16,AB,Pair-Wise,,269,100.0,83.27,224,,,,Lab Staff
2025-02-16,AB,Pair-Wise,,157,100.0,91.7,144,,,,Lab Staff
2025-02-16,AB,Pair-Wise,,313,100.0,85.94,269,,,,Lab Staff
2025-02-16,AB,Pair-Wise,,316,100.0,72.5,229,,,,Lab Staff
2025-02-16,AB,Pair-Wise,,1072,100.0,84.32,904,,,,Lab Staff
2025-02-16,AB,Pair-Wise,,819,100.0,58.38,478,,,,Lab Staff
2025-02-16,AB,Pair-Wise,,307,100.0,71.4,219,,,,Lab Staff
2025-02-16,AB,Pair-Wise,,2938,100.0,77.29,2271,,,,Lab Staff
2025-02-17,Fli,Pair-Wise,,504,99.4,86.5,432,,,,Lab Staff
2025-02-17,Fli,Pair-Wise,,423,99.0,73.2,306,,,,Lab Staff
2025-02-17,Fli,Pair-Wise,,136,99.2,42.96,58,,,,Lab Staff
2025-02-17,Fli,Pair-Wise,,365,100.0,72.0,263,,,,Lab Staff
2025-02-17,AB,Pair-Wise,,203,97.1,60.0,118,,,,Lab Staff
2025-02-17,AB,Pair-Wise,,121,100.0,87.0,105,,,,Lab Staff
2025-02-18,AB,In-Tank,,1082,100.0,81.0,876,,,,Lab Staff
2025-02-18,AB,In-Tank,,2050,100.0,77.3,1585,,,,Lab Staff
2025-02-18,AB,Pair-Wise,,1275,100.0,62.0,790,,,,Lab Staff
2025-02-18,AB,Pair-Wise,,734,100.0,97.0,712,,,,Lab Staff
2025-02-18,AB,Pair-Wise,,406,100.0,89.0,361,,,,Lab Staff
2025-02-18,AB,Pair-Wise,,0,0.0,0.0,0,,,,Lab Staff
2025-02-18,AB,Pair-Wise,,0,0.0,0.0,0,,,,Lab Staff
2025-02-18,AB,Pair-Wise,,0,0.0,0.0,0,,,,Lab Staff
2025-02-18,AB,Pair-Wise,,0,0.0,0.0,0,,,,Lab Staff
2025-02-18,Gata,Pair-Wise,,0,0.0,0.0,0,,,,Lab Staff
2025-02-18,AB,Pair-Wise,,0,0.0,0.0,0,,,,Lab Staff
2025-02-19,AB,Pair-Wise,,0,0.0,0.0,0,,,,Lab Staff
2025-02-19,AB,Pair-Wise,,623,100.0,82.0,511,,,,Lab Staff
2025-02-22,AB,Pair-Wise,,39,100.0,89.0,35,,,,Lab Staff
2025-02-22,AB,Pair-Wise,,180,100.0,65.0,117,,,,Lab Staff
2025-02-22,AB,Pair-Wise,,351,100.0,89.5,314,,,,Lab Staff
2025-02-22,AB,Pair-Wise,,749,100.0,83.6,626,,,,Lab Staff
2025-02-22,AB,Pair-Wise,,225,100.0,84.0,189,,,,Lab Staff
2025-02-23,AB,Pair-Wise,,1296,100.0,91.0,1179,,,,Lab Staff
2025-02-23,AB,Pair-Wise,,735,100.0,85.0,625,,,,Lab Staff
2025-02-23,AB,Pair-Wise,,1074,100.0,86.0,924,,,,Lab Staff
2025-02-23,AB,Pair-Wise,,1090,100.0,87.0,948,,,,Lab Staff
2025-02-23,AB,Pair-Wise,,503,92.44,82.0,380,,,,Lab Staff
2025-02-25,Fli,Pair-Wise,,361,100.0,93.9,339,,,,Lab Staff
2025-02-25,AB,Pair-Wise,,0,0.0,0.0,0,,,,Lab Staff
2025-02-25,AB,Pair-Wise,,344,100.0,5.55,19,,,,Lab Staff
2025-02-25,Fli,Pair-Wise,,358,96.0,43.01,148,,,,Lab Staff
2025-02-25,Fli,Pair-Wise,,179,100.0,70.94,127,,,,Lab Staff
2025-02-25,AB,Pair-Wise,,136,100.0,63.9,87,,,,Lab Staff
2025-02-25,AB,Pair-Wise,,180,100.0,91.66,165,,,,Lab Staff
2025-02-26,Fli,Pair-Wise,,68,100.0,64.0,44,,,,Lab Staff
2025-02-26,Fli,Pair-Wise,,885,100.0,78.0,690,,,,Lab Staff
2025-02-26,Fli,Pair-Wise,,1005,100.0,70.9,713,,,,Lab Staff
2025-02-26,Fli,Pair-Wise,,669,100.0,56.3,377,,,,Lab Staff
2025-02-26,AB,Pair-Wise,,303,100.0,81.0,245,,,,Lab Staff
2025-02-26,AB,Pair-Wise,,561,99.2,60.8,338,,,,Lab Staff
2025-02-26,AB,Pair-Wise,,177,100.0,86.4,153,,,,Lab Staff
2025-02-27,AB,Pair-Wise,,626,100.0,70.2,439,,,,Lab Staff
2025-02-27,AB,Pair-Wise,,315,100.0,63.4,200,,,,Lab Staff
2025-03-01,AB,In-Tank,,1513,100.0,64.0,968,,,,Lab Staff
2025-03-01,AB,In-Tank,,1183,100.0,79.45,940,,,,Lab Staff
2025-03-01,AB,Pair-Wise,,1202,100.0,83.5,1004,,,,Lab Staff
2025-03-01,AB,Pair-Wise,,1247,100.0,92.2,1150,,,,Lab Staff
2025-03-01,AB,Pair-Wise,,390,100.0,0.0,0,,,,Lab Staff
2025-03-01,AB,Pair-Wise,,2547,100.0,78.13,1990,,,,Lab Staff
2025-03-02,AB,Pair-Wise,,701,100.0,91.0,638,,,,Lab Staff
2025-03-02,AB,Pair-Wise,,168,100.0,73.2,123,,,,Lab Staff
2025-03-02,AB,Pair-Wise,,573,100.0,91.0,521,,,,Lab Staff
2025-03-02,AB,Pair-Wise,,1328,100.0,78.31,1040,,,,Lab Staff
2025-03-02,AB,Pair-Wise,,1593,96.9,87.13,1344,,,,Lab Staff
2025-03-02,AB,Pair-Wise,,1029,100.0,93.87,966,,,,Lab Staff
2025-03-02,AB,Pair-Wise,,1036,100.0,63.5,658,,,,Lab Staff
2025-03-03,AB,Pair-Wise,,440,100.0,26.0,114,,,,Lab Staff
2025-03-03,AB,Pair-Wise,,0,0.0,0.0,0,,,,Lab Staff
2025-03-03,AB,Pair-Wise,,2050,99.5,84.3,1719,,,,Lab Staff
2025-03-03,Gata,Pair-Wise,,0,0.0,0.0,0,,,,Lab Staff
2025-03-03,AB,Pair-Wise,,1373,98.9,52.88,718,,,,Lab Staff
2025-03-04,AB,In-Tank,,1565,95.0,69.0,1025,,,,Lab Staff
2025-03-04,Casper,Pair-Wise,,251,100.0,46.2,116,,,,Lab Staff
2025-03-04,Casper,Pair-Wise,,0,0.0,0.0,0,,,,Lab Staff
2025-03-04,Gata,Pair-Wise,,0,0.0,0.0,0,,,,Lab Staff
2025-03-04,Gata,Pair-Wise,,0,0.0,0.0,0,,,,Lab Staff
2025-03-04,Gata,Pair-Wise,,0,0.0,0.0,0,,,,Lab Staff
2025-03-04,Gata,Pair-Wise,,0,0.0,0.0,0,,,,Lab Staff
2025-03-04,AB,Pair-Wise,,0,0.0,0.0,0,,,,Lab Staff
2025-03-04,Fli,Pair-Wise,,0,0.0,0.0,0,,,,Lab Staff
2025-03-04,Fli,Pair-Wise,,0,0.0,0.0,0,,,,Lab Staff
2025-03-04,Fli,Pair-Wise,,159,96.0,92.8,141,,,,Lab Staff
2025-03-04,Fli,Pair-Wise,,573,99.6,52.7,300,,,,Lab Staff
2025-03-08,AB,Pair-Wise,,513,100.0,89.1,457,,,,Lab Staff
2025-03-08,AB,Pair-Wise,,64,100.0,87.5,56,,,,Lab Staff
2025-03-08,AB,Pair-Wise,,731,100.0,83.99,614,,,,Lab Staff
2025-03-08,AB,Pair-Wise,,906,100.0,81.06,734,,,,Lab Staff
2025-03-08,AB,Pair-Wise,,600,100.0,81.5,489,,,,Lab Staff
2025-03-09,Gata,Pair-Wise,,0,0.0,0.0,0,,,,Lab Staff
2025-03-09,Gata,Pair-Wise,,0,0.0,0.0,0,,,,Lab Staff
2025-03-09,AB,Pair-Wise,,386,100.0,3.36,13,,,,Lab Staff
2025-03-09,AB,Pair-Wise,,0,0.0,0.0,0,,,,Lab Staff
2025-03-09,AB,Pair-Wise,,794,99.4,33.7,266,,,,Lab Staff
2025-03-09,AB,Pair-Wise,,372,99.4,74.0,273,,,,Lab Staff
2025-03-09,AB,Pair-Wise,,124,100.0,90.3,112,,,,Lab Staff
2025-03-09,AB,Pair-Wise,,656,100.0,22.6,148,,,,Lab Staff
2025-03-09,AB,Pair-Wise,,972,100.0,24.8,241,,,,Lab Staff
2025-03-10,Fli,Pair-Wise,,697,100.0,56.2,392,,,,Lab Staff
2025-03-10,Fli,Pair-Wise,,1471,99.5,49.8,729,,,,Lab Staff
2025-03-10,Fli,Pair-Wise,,743,100.0,62.5,464,,,,Lab Staff
2025-03-10,Fli,Pair-Wise,,1325,100.0,64.5,855,,,,Lab Staff
2025-03-10,AB,Pair-Wise,,572,100.0,67.0,383,,,,Lab Staff
2025-03-10,AB,Pair-Wise,,208,100.0,62.5,130,,,,Lab Staff
2025-03-10,AB,Pair-Wise,,182,100.0,66.4,121,,,,Lab Staff
2025-03-10,AB,Pair-Wise,,487,100.0,55.0,268,,,,Lab Staff
2025-03-10,AB,Pair-Wise,,201,100.0,48.25,97,,,,Lab Staff
2025-03-11,Fli,Pair-Wise,,166,100.0,69.87,116,,,,Lab Staff
2025-03-11,AB,Pair-Wise,,212,100.0,81.13,172,,,,Lab Staff
2025-03-11,Fli,Pair-Wise,,62,100.0,53.2,33,,,,Lab Staff
2025-03-11,Fli,Pair-Wise,,0,0.0,0.0,0,,,,Lab Staff
2025-03-11,AB,Pair-Wise,,531,99.0,68.8,361,,,,Lab Staff
2025-03-12,Gata,Pair-Wise,,0,0.0,0.0,0,,,,Lab Staff
2025-03-12,AB,Pair-Wise,,135,100.0,71.8,97,,,,Lab Staff
2025-03-15,AB,In-Tank,,1313,100.0,84.0,1103,,,,Lab Staff
2025-03-15,AB,In-Tank,,1010,99.2,63.0,631,,,,Lab Staff
2025-03-15,AB,Pair-Wise,,1076,100.0,78.0,839,,,,Lab Staff
2025-03-15,AB,Pair-Wise,,376,100.0,92.0,346,,,,Lab Staff
2025-03-15,AB,Pair-Wise,,1138,100.0,68.0,774,,,,Lab Staff
2025-03-15,AB,Pair-Wise,,740,100.0,81.2,601,,,,Lab Staff
2025-03-15,AB,Pair-Wise,,1019,100.0,75.9,773,,,,Lab Staff
2025-03-15,AB,Pair-Wise,,197,100.0,97.2,191,,,,Lab Staff
2025-03-16,AB,Pair-Wise,,1098,100.0,81.0,889,,,,Lab Staff
2025-03-16,AB,Pair-Wise,,591,100.0,76.3,451,,,,Lab Staff
2025-03-16,AB,Pair-Wise,,1536,100.0,86.0,1321,,,,Lab Staff
2025-03-16,AB,Pair-Wise,,156,100.0,56.0,87,,,,Lab Staff
2025-03-16,AB,Pair-Wise,,1158,100.0,90.0,1042,,,,Lab Staff
2025-03-17,AB,Pair-Wise,,151,100.0,84.1,127,,,,Lab Staff
2025-03-17,AB,Pair-Wise,,495,100.0,79.13,392,,,,Lab Staff
2025-03-17,AB,Pair-Wise,,74,100.0,89.9,67,,,,Lab Staff
2025-03-17,AB,Pair-Wise,,587,100.0,86.58,508,,,,Lab Staff
2025-03-17,AB,Pair-Wise,,774,100.0,75.06,581,,,,Lab Staff
2025-03-17,AB,Pair-Wise,,888,100.0,85.69,761,,,,Lab Staff
2025-03-17,AB,Pair-Wise,,1204,100.0,81.4,980,,,,Lab Staff
2025-03-18,Fli,Pair-Wise,,275,100.0,57.0,157,,,,Lab Staff
2025-03-18,Fli,Pair-Wise,,736,95.0,39.0,273,,,,Lab Staff
2025-03-18,AB,Pair-Wise,,75,100.0,97.0,73,,,,Lab Staff
2025-03-18,Gata,Pair-Wise,,0,0.0,0.0,0,,,,Lab Staff
2025-03-18,Gata,Pair-Wise,,0,0.0,0.0,0,,,,Lab Staff
2025-03-18,Fli,Pair-Wise,,0,0.0,0.0,0,,,,Lab Staff
2025-03-18,AB,Pair-Wise,,0,0.0,0.0,0,,,,Lab Staff
2025-03-22,AB,Pair-Wise,,1350,100.0,90.5,1222,,,,Lab Staff
2025-03-22,AB,Pair-Wise,,559,100.0,79.2,443,,,,Lab Staff
2025-03-22,AB,Pair-Wise,,120,100.0,80.0,96,,,,Lab Staff
2025-03-22,AB,Pair-Wise,,1360,100.0,70.7,962,,,,Lab Staff
2025-03-23,AB,In-Tank,,1473,100.0,90.29,1330,,,,Lab Staff
2025-03-23,AB,In-Tank,,858,100.0,79.16,679,,,,Lab Staff
2025-03-23,AB,In-Tank,,847,100.0,88.9,753,,,,Lab Staff
2025-03-23,AB,Pair-Wise,,517,100.0,75.0,388,,,,Lab Staff
2025-03-23,AB,Pair-Wise,,201,100.0,76.0,153,,,,Lab Staff
2025-03-23,AB,Pair-Wise,,917,100.0,69.5,637,,,,Lab Staff
2025-03-23,Fli,Pair-Wise,,368,100.0,53.1,195,,,,Lab Staff
2025-03-23,Fli,Pair-Wise,,934,100.0,84.7,791,,,,Lab Staff
2025-03-23,AB,Pair-Wise,,865,100.0,61.0,528,,,,Lab Staff
2025-03-24,AB,Pair-Wise,,259,100.0,87.6,227,,,,Lab Staff
2025-03-24,AB,Pair-Wise,,182,96.9,80.0,141,,,,Lab Staff
2025-03-24,AB,Pair-Wise,,19,100.0,91.3,17,,,,Lab Staff
2025-03-24,Fli,Pair-Wise,,582,100.0,85.1,495,,,,Lab Staff
2025-03-24,Fli,Pair-Wise,,714,100.0,76.6,547,,,,Lab Staff
2025-03-24,Fli,Pair-Wise,,94,100.0,45.0,42,,,,Lab Staff
2025-03-24,Fli,Pair-Wise,,274,100.0,70.9,194,,,,Lab Staff
2025-03-25,AB,In-Tank,,232,100.0,90.0,209,,,,Lab Staff
2025-03-25,AB,In-Tank,,539,100.0,63.1,340,,,,Lab Staff
2025-03-25,AB,Pair-Wise,,180,100.0,73.0,131,,,,Lab Staff
2025-03-25,AB,Pair-Wise,,2971,100.0,64.0,1901,,,,Lab Staff
2025-03-25,AB,Pair-Wise,,204,100.0,57.8,118,,,,Lab Staff
2025-03-25,AB,Pair-Wise,,0,0.0,0.0,0,,,,Lab Staff
2025-03-25,AB,Pair-Wise,,1519,86.0,78.7,1028,,,,Lab Staff
2025-03-26,Fli,Pair-Wise,,539,100.0,95.4,514,,,,Lab Staff
2025-03-26,Fli,Pair-Wise,,542,0.0,0.0,0,,,,Lab Staff
2025-03-26,Casper,Pair-Wise,,0,0.0,0.0,0,,,,Lab Staff
2025-04-09,AB,In-Tank,,519,72.0,63.9,238,,,,Lab Staff
2025-04-09,AB,In-Tank,,1020,94.0,90.0,862,,,,Lab Staff
2025-04-09,AB,In-Tank,,1305,94.0,81.0,993,,,,Lab Staff
2025-04-09,AB,Pair-Wise,,541,100.0,93.2,504,,,,Lab Staff
2025-04-09,AB,Pair-Wise,,1753,100.0,82.3,1443,,,,Lab Staff
2025-04-12,AB,Pair-Wise,,488,100.0,98.7,482,,,,Lab Staff
2025-04-12,AB,Pair-Wise,,55,100.0,40.0,22,,,,Lab Staff
2025-04-12,AB,Pair-Wise,,585,100.0,79.8,467,,,,Lab Staff
2025-04-12,AB,Pair-Wise,,420,100.0,92.4,388,,,,Lab Staff
2025-04-12,AB,Pair-Wise,,136,100.0,46.3,63,,,,Lab Staff
2025-04-13,AB,In-Tank,,238,100.0,81.9,195,,,,Lab Staff
2025-04-13,AB,In-Tank,,908,100.0,67.8,616,,,,Lab Staff
2025-04-13,AB,In-Tank,,232,57.7,97.7,130,,,,Lab Staff
2025-04-13,AB,In-Tank,,322,89.7,2.42,7,,,,Lab Staff
2025-04-13,AB,Pair-Wise,,187,100.0,97.3,182,,,,Lab Staff
2025-04-13,AB,Pair-Wise,,360,100.0,90.4,325,,,,Lab Staff
2025-04-13,AB,Pair-Wise,,70,100.0,97.0,68,,,,Lab Staff
2025-04-13,AB,Pair-Wise,,211,100.0,90.0,190,,,,Lab Staff
2025-04-14,AB,In-Tank,,583,97.7,81.0,461,,,,Lab Staff
2025-04-14,AB,In-Tank,,551,100.0,92.99,512,,,,Lab Staff
2025-04-14,AB,Pair-Wise,,486,100.0,88.8,432,,,,Lab Staff
2025-04-15,Fli,In-Tank,,0,0.0,0.0,0,,,,Lab Staff
2025-04-15,Fli,In-Tank,,140,100.0,82.85,116,,,,Lab Staff
2025-04-15,AB,Pair-Wise,,807,100.0,57.4,463,,,,Lab Staff
2025-04-15,Casper,Pair-Wise,,195,100.0,57.7,113,,,,Lab Staff
2025-04-15,Casper,Pair-Wise,,0,0.0,0.0,0,,,,Lab Staff
2025-04-15,Casper,Pair-Wise,,0,0.0,0.0,0,,,,Lab Staff
2025-04-18,AB,In-Tank,,711,99.1,59.0,415,,,,Lab Staff
2025-04-18,AB,In-Tank,,271,100.0,66.9,181,,,,Lab Staff
2025-04-18,AB,Pair-Wise,,262,100.0,96.56,253,,,,Lab Staff
2025-04-18,AB,Pair-Wise,,805,100.0,85.33,687,,,,Lab Staff
2025-04-18,AB,Pair-Wise,,46,100.0,69.7,32,,,,Lab Staff
2025-04-20,AB,In-Tank,,709,100.0,83.2,590,,,,Lab Staff
2025-04-20,AB,In-Tank,,386,100.0,77.0,297,,,,Lab Staff
2025-04-20,AB,In-Tank,,103,100.0,53.33,55,,,,Lab Staff
2025-04-20,AB,In-Tank,,83,100.0,72.22,60,,,,Lab Staff
2025-04-20,AB,Pair-Wise,,426,100.0,85.0,362,,,,Lab Staff
2025-04-20,AB,Pair-Wise,,1456,100.0,94.16,1371,,,,Lab Staff
2025-04-21,AB,In-Tank,,1525,100.0,85.2,1299,,,,Lab Staff
2025-04-21,AB,In-Tank,,833,100.0,85.8,715,,,,Lab Staff
2025-04-21,AB,In-Tank,,0,0.0,0.0,0,,,,Lab Staff
2025-04-26,AB,In-Tank,,263,100.0,90.4,238,,,,Lab Staff
2025-04-26,AB,Pair-Wise,,1414,100.0,86.64,1225,,,,Lab Staff
2025-04-26,AB,Pair-Wise,,687,100.0,99.2,682,,,,Lab Staff
2025-04-26,AB,Pair-Wise,,649,100.0,84.96,551,,,,Lab Staff
2025-04-27,AB,In-Tank,,951,100.0,77.9,741,,,,Lab Staff
2025-04-27,AB,In-Tank,,362,100.0,84.8,307,,,,Lab Staff
2025-04-27,AB,In-Tank,,483,94.8,97.3,445,,,,Lab Staff
2025-04-27,AB,Pair-Wise,,2193,100.0,91.6,2009,,,,Lab Staff
2025-04-27,AB,Pair-Wise,,112,100.0,95.0,106,,,,Lab Staff
2025-04-27,AB,Pair-Wise,,1119,100.0,64.78,725,,,,Lab Staff
2025-04-27,AB,Pair-Wise,,0,0.0,0.0,0,,,,Lab Staff
2025-04-27,AB,Pair-Wise,,524,100.0,86.6,454,,,,Lab Staff
2025-04-28,AB,In-Tank,,1307,100.0,78.3,1023,,,,Lab Staff
2025-04-28,AB,In-Tank,,758,100.0,90.36,685,,,,Lab Staff
2025-04-29,AB,Pair-Wise,,0,0.0,0.0,0,,,,Lab Staff
2025-04-29,Casper,Pair-Wise,,0,0.0,0.0,0,,,,Lab Staff
2025-04-29,Fli,Pair-Wise,,0,0.0,0.0,0,,,,Lab Staff
2025-04-29,Fli,Pair-Wise,,0,0.0,0.0,0,,,,Lab Staff
2025-04-30,AB,In-Tank,,262,100.0,65.26,171,,,,Lab Staff
2025-04-30,AB,In-Tank,,425,96.3,86.37,353,,,,Lab Staff
2025-04-30,Casper,Pair-Wise,,0,0.0,0.0,0,,,,Lab Staff
2025-04-30,AB,Pair-Wise,,737,92.8,36.0,246,,,,Lab Staff
2025-05-03,AB,Pair-Wise,,301,100.0,71.0,214,,,,Lab Staff
2025-05-03,AB,Pair-Wise,,927,100.0,87.0,806,,,,Lab Staff
2025-05-03,AB,Pair-Wise,,968,100.0,86.32,836,,,,Lab Staff
2025-05-04,AB,Pair-Wise,,1266,100.0,85.0,1076,,,,Lab Staff
2025-05-04,AB,Pair-Wise,,517,100.0,91.0,470,,,,Lab Staff
2025-05-04,AB,Pair-Wise,,1177,100.0,84.0,989,,,,Lab Staff
2025-05-04,AB,Pair-Wise,,565,100.0,70.7,399,,,,Lab Staff
2025-05-04,AB,Pair-Wise,,586,100.0,81.0,475,,,,Lab Staff
2025-05-05,AB,Pair-Wise,,646,100.0,85.0,549,,,,Lab Staff
2025-05-05,AB,Pair-Wise,,1716,100.0,94.5,1622,,,,Lab Staff
2025-05-05,AB,Pair-Wise,,391,99.0,96.0,372,,,,Lab Staff
2025-05-05,AB,Pair-Wise,,940,100.0,82.5,776,,,,Lab Staff
2025-05-06,AB,Pair-Wise,,0,0.0,0.0,0,,,,Lab Staff
2025-05-06,AB,Pair-Wise,,235,100.0,95.0,223,,,,Lab Staff
2025-05-06,AB,Pair-Wise,,0,0.0,0.0,0,,,,Lab Staff
2025-05-07,AB,Pair-Wise,,935,100.0,69.9,654,,,,Lab Staff
2025-05-07,AB,Pair-Wise,,1201,77.0,88.2,815,,,,Lab Staff
2025-05-07,AB,Pair-Wise,,0,0.0,0.0,0,,,,Lab Staff
2025-05-10,AB,Pair-Wise,,1011,100.0,77.5,784,,,,Lab Staff
2025-05-10,AB,Pair-Wise,,548,100.0,85.0,466,,,,Lab Staff
2025-05-10,Fli,Pair-Wise,,659,100.0,42.0,277,,,,Lab Staff
2025-05-10,Fli,Pair-Wise,,1527,100.0,44.8,684,,,,Lab Staff
2025-05-11,Fli,Pair-Wise,,1239,100.0,75.0,929,,,,Lab Staff
2025-05-11,AB,Pair-Wise,,431,100.0,91.0,392,,,,Lab Staff
2025-05-11,AB,Pair-Wise,,260,100.0,95.0,247,,,,Lab Staff
2025-05-11,AB,Pair-Wise,,771,100.0,88.9,685,,,,Lab Staff
2025-05-11,Fli,Pair-Wise,,431,100.0,89.2,384,,,,Lab Staff
2025-05-11,AB,Pair-Wise,,367,100.0,72.2,265,,,,Lab Staff
2025-05-11,AB,Pair-Wise,,884,99.3,78.58,689,,,,Lab Staff
2025-05-12,AB,Pair-Wise,,816,97.0,87.0,688,,,,Lab Staff
2025-05-12,AB,Pair-Wise,,989,100.0,87.0,860,,,,Lab Staff
2025-05-12,AB,Pair-Wise,,2505,94.0,64.0,1507,,,,Lab Staff
2025-05-13,AB,Pair-Wise,,779,100.0,90.45,705,,,,Lab Staff
2025-05-13,AB,Pair-Wise,,494,100.0,68.62,339,,,,Lab Staff
2025-05-13,AB,Pair-Wise,,70,100.0,91.4,64,,,,Lab Staff
2025-05-14,AB,Pair-Wise,,458,100.0,93.23,427,,,,Lab Staff
2025-05-14,AB,Pair-Wise,,1013,100.0,86.3,874,,,,Lab Staff
2025-05-14,AB,Pair-Wise,,278,100.0,80.93,225,,,,Lab Staff
2025-05-14,AB,Pair-Wise,,718,100.0,65.8,472,,,,Lab Staff
2025-05-14,AB,Pair-Wise,,192,100.0,33.8,65,,,,Lab Staff
2025-05-17,AB,Pair-Wise,,1081,100.0,98.0,1059,,,,Lab Staff
2025-05-17,AB,Pair-Wise,,69,100.0,82.6,57,,,,Lab Staff
2025-05-17,AB,Pair-Wise,,860,100.0,95.23,819,,,,Lab Staff
2025-05-17,AB,Pair-Wise,,714,100.0,95.69,683,,,,Lab Staff
2025-05-18,AB,Pair-Wise,,2049,100.0,93.5,1916,,,,Lab Staff
2025-05-18,Fli,Pair-Wise,,445,100.0,92.0,409,,,,Lab Staff
2025-05-18,AB,Pair-Wise,,357,100.0,53.0,189,,,,Lab Staff
2025-05-18,Fli,Pair-Wise,,611,100.0,87.0,532,,,,Lab Staff
2025-05-18,AB,Pair-Wise,,837,100.0,93.0,778,,,,Lab Staff
2025-05-18,Fli,Pair-Wise,,397,100.0,22.0,87,,,,Lab Staff
2025-05-18,AB,Pair-Wise,,695,100.0,86.0,598,,,,Lab Staff
2025-05-18,AB,Pair-Wise,,822,100.0,80.0,658,,,,Lab Staff
2025-05-19,Fli,Pair-Wise,,1420,100.0,79.0,1122,,,,Lab Staff
2025-05-19,Fli,Pair-Wise,,554,100.0,61.1,338,,,,Lab Staff
2025-05-19,Fli,Pair-Wise,,1166,100.0,65.0,758,,,,Lab Staff
2025-05-19,Fli,Pair-Wise,,1291,100.0,87.7,1132,,,,Lab Staff
2025-05-19,Fli,Pair-Wise,,815,100.0,55.9,456,,,,Lab Staff
2025-05-19,AB,Pair-Wise,,1292,100.0,87.17,1126,,,,Lab Staff
2025-05-20,AB,In-Tank,,2244,94.2,87.5,1849,,,,Lab Staff
2025-05-20,AB,In-Tank,,289,100.0,82.0,237,,,,Lab Staff
2025-05-24,AB,Pair-Wise,,946,100.0,90.0,851,,,,Lab Staff
2025-05-24,AB,Pair-Wise,,876,100.0,89.0,780,,,,Lab Staff
2025-05-24,AB,Pair-Wise,,342,100.0,48.0,164,,,,Lab Staff
2025-05-24,AB,Pair-Wise,,1504,87.5,90.0,1184,,,,Lab Staff
2025-05-24,AB,Pair-Wise,,901,100.0,93.0,838,,,,Lab Staff
2025-05-26,AB,Pair-Wise,,136,100.0,97.0,132,,,,Lab Staff
2025-05-26,AB,Pair-Wise,,179,100.0,95.0,170,,,,Lab Staff
2025-05-26,AB,Pair-Wise,,917,100.0,90.0,825,,,,Lab Staff
2025-05-26,AB,Pair-Wise,,34,100.0,85.0,29,,,,Lab Staff
2025-05-26,AB,Pair-Wise,,49,100.0,67.0,33,,,,Lab Staff
2025-05-26,AB,Pair-Wise,,646,100.0,89.0,575,,,,Lab Staff
2025-05-26,AB,Pair-Wise,,271,100.0,100.0,271,,,,Lab Staff
2025-05-26,AB,Pair-Wise,,970,100.0,91.0,883,,,,Lab Staff
2025-05-27,AB,Pair-Wise,,1035,100.0,87.7,908,,,,Lab Staff
2025-05-27,AB,Pair-Wise,,559,100.0,92.8,519,,,,Lab Staff
2025-05-27,AB,Pair-Wise,,0,0.0,0.0,0,,,,Lab Staff
2025-05-28,AB,Pair-Wise,,399,100.0,94.0,375,,,,Lab Staff
2025-05-28,AB,Pair-Wise,,425,100.0,93.0,395,,,,Lab Staff
2025-05-31,AB,Pair-Wise,,398,100.0,95.72,381,,,,Lab Staff
2025-05-31,AB,Pair-Wise,,0,0.0,0.0,0,,,,Lab Staff
2025-05-31,AB,Pair-Wise,,73,100.0,98.6,72,,,,Lab Staff
2025-05-31,AB,Pair-Wise,,118,100.0,94.9,112,,,,Lab Staff
2025-05-31,AB,Pair-Wise,,1450,100.0,74.55,1081,,,,Lab Staff
2025-05-31,AB,Pair-Wise,,1515,100.0,78.31,1186,,,,Lab Staff
2025-06-01,AB,Pair-Wise,,213,100.0,95.77,204,,,,Lab Staff
2025-06-01,AB,Pair-Wise,,260,100.0,93.8,244,,,,Lab Staff
2025-06-01,AB,Pair-Wise,,0,0.0,0.0,0,,,,Lab Staff
2025-06-01,Fli,Pair-Wise,,472,100.0,13.77,65,,,,Lab Staff
2025-06-01,AB,Pair-Wise,,565,100.0,94.69,535,,,,Lab Staff
2025-06-01,Fli,Pair-Wise,,0,0.0,0.0,0,,,,Lab Staff
2025-06-01,AB,Pair-Wise,,716,100.0,85.58,613,,,,Lab Staff
2025-06-01,AB,Pair-Wise,,844,100.0,87.2,736,,,,Lab Staff
2025-06-01,AB,Pair-Wise,,625,100.0,83.68,523,,,,Lab Staff
2025-06-02,AB,In-Tank,,351,100.0,64.95,228,,,,Lab Staff
2025-06-02,AB,In-Tank,,640,97.8,58.78,367,,,,Lab Staff
2025-06-02,AB,In-Tank,,396,100.0,78.78,312,,,,Lab Staff
2025-06-03,AB,Pair-Wise,,1920,100.0,86.0,1651,,,,Lab Staff
2025-06-03,AB,Pair-Wise,,0,0.0,0.0,0,,,,Lab Staff
2025-06-03,AB,Pair-Wise,,697,100.0,27.83,194,,,,Lab Staff
2025-06-03,AB,Pair-Wise,,1890,100.0,81.1,1533,,,,Lab Staff
2025-06-03,Fli,Pair-Wise,,760,100.0,60.92,463,,,,Lab Staff
2025-06-03,Fli,Pair-Wise,,748,100.0,80.6,603,,,,Lab Staff
2025-06-09,AB,Pair-Wise,,236,100.0,85.59,202,,,,Lab Staff
2025-06-09,AB,Pair-Wise,,541,100.0,90.0,487,,,,Lab Staff
2025-06-09,AB,Pair-Wise,,354,100.0,81.07,287,,,,Lab Staff
2025-06-10,AB,Pair-Wise,,332,100.0,93.6,311,,,,Lab Staff
2025-06-10,AB,Pair-Wise,,1085,100.0,88.9,965,,,,Lab Staff
2025-06-10,AB,Pair-Wise,,1303,100.0,94.78,1235,,,,Lab Staff
2025-06-10,AB,Pair-Wise,,1097,100.0,82.31,903,,,,Lab Staff
2025-06-10,AB,Pair-Wise,,1058,99.6,92.59,975,,,,Lab Staff
2025-06-11,AB,In-Tank,,766,96.3,89.0,656,,,,Lab Staff
2025-06-11,AB,In-Tank,,1595,98.2,87.0,1362,,,,Lab Staff
2025-06-11,AB,Pair-Wise,,1163,100.0,91.5,1064,,,,Lab Staff
2025-06-11,AB,Pair-Wise,,403,100.0,94.0,379,,,,Lab Staff
2025-06-11,AB,Pair-Wise,,543,100.0,93.0,505,,,,Lab Staff
2025-06-11,AB,Pair-Wise,,1722,100.0,94.0,1619,,,,Lab Staff
2025-06-14,AB,Pair-Wise,,341,100.0,89.83,306,,,,Lab Staff
2025-06-14,AB,Pair-Wise,,0,0.0,0.0,0,,,,Lab Staff
2025-06-14,AB,Pair-Wise,,421,100.0,88.07,371,,,,Lab Staff
2025-06-14,AB,Pair-Wise,,523,100.0,72.45,379,,,,Lab Staff
2025-06-14,AB,Pair-Wise,,392,100.0,96.26,377,,,,Lab Staff
2025-06-14,AB,Pair-Wise,,558,100.0,93.1,519,,,,Lab Staff
2025-06-15,AB,In-Tank,,580,100.0,88.1,511,,,,Lab Staff
2025-06-15,AB,Pair-Wise,,1402,100.0,91.01,1276,,,,Lab Staff
2025-06-15,AB,Pair-Wise,,469,100.0,84.98,399,,,,Lab Staff
2025-06-15,AB,Pair-Wise,,212,100.0,84.4,179,,,,Lab Staff
2025-06-15,AB,Pair-Wise,,0,0.0,0.0,0,,,,Lab Staff
2025-06-15,AB,Pair-Wise,,250,100.0,80.0,200,,,,Lab Staff
2025-06-15,AB,Pair-Wise,,1400,100.0,93.8,1313,,,,Lab Staff
2025-06-15,AB,Pair-Wise,,385,100.0,91.68,353,,,,Lab Staff
2025-06-15,Casper,Pair-Wise,,392,100.0,86.4,339,,,,Lab Staff
2025-06-16,Fli,Pair-Wise,,0,0.0,0.0,0,,,,Lab Staff
2025-06-16,Gata,Pair-Wise,,239,97.0,91.63,212,,,,Lab Staff
2025-06-16,Casper,Pair-Wise,,0,0.0,0.0,0,,,,Lab Staff
2025-06-16,Fli,Pair-Wise,,0,0.0,0.0,0,,,,Lab Staff
2025-06-16,AB,Pair-Wise,,0,0.0,0.0,0,,,,Lab Staff
2025-06-16,Fli,Pair-Wise,,260,100.0,65.7,171,,,,Lab Staff
2025-06-16,Fli,Pair-Wise,,33,100.0,100.0,33,,,,Lab Staff
2025-06-16,Fli,Pair-Wise,,627,100.0,62.0,389,,,,Lab Staff
2025-06-16,AB,Pair-Wise,,565,100.0,78.0,441,,,,Lab Staff
2025-06-16,Gata,Pair-Wise,,63,100.0,68.0,43,,,,Lab Staff
2025-06-17,Fli,Pair-Wise,,480,100.0,76.25,366,,,,Lab Staff
2025-06-17,AB,Pair-Wise,,381,100.0,92.91,354,,,,Lab Staff
2025-06-17,AB,Pair-Wise,,826,100.0,81.73,675,,,,Lab Staff
2025-06-17,Fli,Pair-Wise,,671,100.0,85.39,573,,,,Lab Staff
2025-06-17,AB,Pair-Wise,,656,100.0,88.8,583,,,,Lab Staff
2025-06-17,Gata,Pair-Wise,,0,0.0,0.0,0,,,,Lab Staff
2025-06-17,Gata,Pair-Wise,,0,0.0,0.0,0,,,,Lab Staff
2025-06-18,AB,Pair-Wise,,1557,100.0,92.0,1432,,,,Lab Staff
2025-06-18,AB,Pair-Wise,,761,100.0,61.4,467,,,,Lab Staff
2025-06-18,AB,Pair-Wise,,329,100.0,94.22,310,,,,Lab Staff
2025-06-18,AB,Pair-Wise,,73,100.0,76.71,56,,,,Lab Staff
2025-06-18,AB,Pair-Wise,,428,100.0,71.0,304,,,,Lab Staff
2025-06-18,AB,Pair-Wise,,1139,100.0,64.0,729,,,,Lab Staff
2025-06-18,AB,Pair-Wise,,1133,100.0,86.6,981,,,,Lab Staff
2025-06-18,AB,Pair-Wise,,456,100.0,95.6,436,,,,Lab Staff
2025-06-21,Gata,Pair-Wise,,116,100.0,93.0,108,,,,Lab Staff
2025-06-21,Gata,Pair-Wise,,17,100.0,52.0,9,,,,Lab Staff
2025-06-21,AB,Pair-Wise,,1107,100.0,90.0,996,,,,Lab Staff
2025-06-21,AB,Pair-Wise,,274,100.0,87.0,238,,,,Lab Staff
2025-06-21,AB,Pair-Wise,,489,100.0,91.3,446,,,,Lab Staff
2025-06-21,AB,Pair-Wise,,1113,100.0,88.0,979,,,,Lab Staff
2025-06-22,AB,Pair-Wise,,137,100.0,83.0,114,,,,Lab Staff
2025-06-22,AB,Pair-Wise,,956,100.0,93.0,889,,,,Lab Staff
2025-06-22,AB,Pair-Wise,,1005,100.0,86.0,864,,,,Lab Staff
2025-06-22,AB,Pair-Wise,,823,98.3,88.0,712,,,,Lab Staff
2025-06-22,AB,Pair-Wise,,1273,98.0,79.0,985,,,,Lab Staff
2025-06-22,Fli,Pair-Wise,,188,92.6,97.6,170,,,,Lab Staff
2025-06-22,Fli,Pair-Wise,,403,100.0,56.0,226,,,,Lab Staff
2025-06-22,Fli,Pair-Wise,,69,100.0,62.0,43,,,,Lab Staff
2025-06-23,AB,Pair-Wise,,515,100.0,80.0,412,,,,Lab Staff
2025-06-23,Fli,Pair-Wise,,430,100.0,55.3,238,,,,Lab Staff
2025-06-23,Fli,Pair-Wise,,933,100.0,85.1,794,,,,Lab Staff
2025-06-23,AB,Pair-Wise,,0,0.0,0.0,0,,,,Lab Staff
2025-06-23,AB,Pair-Wise,,507,78.0,77.8,307,,,,Lab Staff
2025-06-24,AB,Pair-Wise,,147,100.0,89.0,131,,,,Lab Staff
2025-06-24,AB,Pair-Wise,,530,100.0,72.0,382,,,,Lab Staff
2025-06-24,AB,Pair-Wise,,652,100.0,74.0,482,,,,Lab Staff
2025-06-24,AB,Pair-Wise,,462,100.0,86.7,401,,,,Lab Staff
2025-06-24,AB,Pair-Wise,,887,100.0,90.4,802,,,,Lab Staff
2025-06-24,Fli,Pair-Wise,,421,100.0,95.24,401,,,,Lab Staff
2025-06-24,Fli,Pair-Wise,,78,100.0,37.17,29,,,,Lab Staff
2025-06-24,AB,Pair-Wise,,1220,98.0,76.5,914,,,,Lab Staff
2025-06-24,AB,Pair-Wise,,0,0.0,0.0,0,,,,Lab Staff
2025-06-25,AB,Pair-Wise,,326,100.0,90.0,293,,,,Lab Staff
2025-06-25,Gata,Pair-Wise,,172,100.0,91.0,157,,,,Lab Staff
2025-06-25,Gata,Pair-Wise,,57,100.0,75.0,43,,,,Lab Staff
2025-06-28,AB,Pair-Wise,,374,100.0,96.0,359,,,,Lab Staff
2025-06-28,AB,Pair-Wise,,81,100.0,98.7,80,,,,Lab Staff
2025-06-28,AB,Pair-Wise,,643,100.0,94.57,608,,,,Lab Staff
2025-06-28,AB,Pair-Wise,,555,100.0,83.6,464,,,,Lab Staff
2025-06-28,AB,Pair-Wise,,139,99.2,84.7,116,,,,Lab Staff
2025-06-29,AB,Pair-Wise,,914,99.78,93.0,847,,,,Lab Staff
2025-06-29,AB,Pair-Wise,,1394,98.42,82.0,1124,,,,Lab Staff
2025-06-29,AB,Pair-Wise,,622,100.0,90.0,560,,,,Lab Staff
2025-06-29,AB,Pair-Wise,,204,97.05,51.0,100,,,,Lab Staff
2025-06-29,AB,Pair-Wise,,0,0.0,0.0,0,,,,Lab Staff
2025-06-30,AB,In-Tank,,0,0.0,0.0,0,,,,Lab Staff
2025-06-30,AB,Pair-Wise,,1745,100.0,78.0,1361,,,,Lab Staff
2025-06-30,AB,Pair-Wise,,2457,100.0,89.5,2199,,,,Lab Staff
2025-06-30,AB,Pair-Wise,,80,100.0,71.0,57,,,,Lab Staff
2025-06-30,AB,Pair-Wise,,680,100.0,90.8,617,,,,Lab Staff
2025-07-01,AB,Pair-Wise,,394,95.4,80.0,300,,,,Lab Staff
2025-07-01,AB,Pair-Wise,,255,96.0,77.0,188,,,,Lab Staff
2025-07-02,AB,Pair-Wise,,569,99.1,71.9,405,,,,Lab Staff
2025-07-02,AB,Pair-Wise,,1467,99.6,92.8,1356,,,,Lab Staff
2025-07-02,AB,Pair-Wise,,309,98.0,96.7,292,,,,Lab Staff
2025-07-02,AB,Pair-Wise,,2731,99.4,94.2,2557,,,,Lab Staff
2025-07-02,AB,Pair-Wise,,649,100.0,86.9,564,,,,Lab Staff
2025-07-02,AB,Pair-Wise,,889,100.0,89.5,796,,,,Lab Staff
2025-07-02,Casper,Pair-Wise,,0,0.0,0.0,0,,,,Lab Staff
2025-07-02,Casper,Pair-Wise,,0,0.0,0.0,0,,,,Lab Staff
2025-07-02,Casper,Pair-Wise,,355,100.0,57.0,202,,,,Lab Staff
2025-07-02,AB,Pair-Wise,,244,100.0,94.6,231,,,,Lab Staff
2025-07-05,AB,Pair-Wise,,253,100.0,93.33,236,,,,Lab Staff
2025-07-05,AB,Pair-Wise,,482,100.0,91.1,439,,,,Lab Staff
2025-07-05,AB,Pair-Wise,,534,100.0,90.7,484,,,,Lab Staff
2025-07-05,Gata,Pair-Wise,,135,100.0,91.85,124,,,,Lab Staff
2025-07-05,Gata,Pair-Wise,,247,100.0,73.68,182,,,,Lab Staff
2025-07-05,AB,Pair-Wise,,0,0.0,0.0,0,,,,Lab Staff
2025-07-05,AB,Pair-Wise,,0,0.0,0.0,0,,,,Lab Staff
2025-07-05,AB,Pair-Wise,,1098,99.8,86.8,950,,,,Lab Staff
2025-07-05,AB,Pair-Wise,,0,0.0,0.0,0,,,,Lab Staff
2025-07-06,Fli,Pair-Wise,,363,100.0,79.61,289,,,,Lab Staff
2025-07-06,Fli,Pair-Wise,,1385,100.0,70.8,981,,,,Lab Staff
2025-07-06,Fli,Pair-Wise,,0,0.0,0.0,0,,,,Lab Staff
2025-07-06,AB,Pair-Wise,,1490,99.73,91.25,1355,,,,Lab Staff
2025-07-06,AB,Pair-Wise,,1088,100.0,88.5,963,,,,Lab Staff
2025-07-06,AB,Pair-Wise,,622,100.0,93.0,578,,,,Lab Staff
2025-07-06,AB,Pair-Wise,,459,100.0,93.89,431,,,,Lab Staff
2025-07-07,AB,Pair-Wise,,1137,100.0,83.0,944,,,,Lab Staff
2025-07-07,Fli,Pair-Wise,,242,100.0,53.0,128,,,,Lab Staff
2025-07-07,AB,Pair-Wise,,210,100.0,68.0,143,,,,Lab Staff
2025-07-07,AB,Pair-Wise,,474,100.0,94.0,446,,,,Lab Staff
2025-07-07,Fli,Pair-Wise,,65,100.0,80.0,52,,,,Lab Staff
2025-07-07,AB,Pair-Wise,,1346,100.0,76.0,1023,,,,Lab Staff
2025-07-09,AB,Pair-Wise,,686,100.0,86.0,590,,,,Lab Staff
2025-07-09,AB,Pair-Wise,,1530,100.0,86.0,1316,,,,Lab Staff
2025-07-09,AB,Pair-Wise,,243,100.0,86.0,209,,,,Lab Staff
2025-07-09,AB,Pair-Wise,,0,0.0,0.0,0,,,,Lab Staff
2025-07-09,AB,Pair-Wise,,118,100.0,61.0,72,,,,Lab Staff
2025-07-12,AB,Pair-Wise,,144,100.0,88.88,128,,,,Lab Staff
2025-07-12,Gata,Pair-Wise,,123,100.0,97.5,120,,,,Lab Staff
2025-07-12,AB,Pair-Wise,,55,100.0,94.5,52,,,,Lab Staff
2025-07-12,Gata,Pair-Wise,,61,100.0,98.8,60,,,,Lab Staff
2025-07-12,AB,Pair-Wise,,496,100.0,90.32,448,,,,Lab Staff
2025-07-12,AB,Pair-Wise,,791,100.0,61.18,484,,,,Lab Staff
2025-07-12,AB,Pair-Wise,,791,100.0,93.355,738,,,,Lab Staff
2025-07-12,AB,Pair-Wise,,1304,100.0,83.3,1086,,,,Lab Staff
2025-07-12,AB,Pair-Wise,,830,100.0,82.61,686,,,,Lab Staff
2025-07-13,Fli,Pair-Wise,,445,100.0,71.23,317,,,,Lab Staff
2025-07-13,AB,Pair-Wise,,617,100.0,90.2,557,,,,Lab Staff
2025-07-13,AB,Pair-Wise,,466,100.0,82.6,385,,,,Lab Staff
2025-07-13,AB,Pair-Wise,,687,100.0,76.12,523,,,,Lab Staff
2025-07-13,Fli,Pair-Wise,,85,100.0,94.11,80,,,,Lab Staff
2025-07-13,AB,Pair-Wise,,913,100.0,80.09,731,,,,Lab Staff
2025-07-13,AB,Pair-Wise,,1268,98.8,78.01,977,,,,Lab Staff
2025-07-13,AB,Pair-Wise,,1014,100.0,78.59,797,,,,Lab Staff
2025-07-14,Fli,Pair-Wise,,65,100.0,60.0,39,,,,Lab Staff
2025-07-14,Fli,Pair-Wise,,459,100.0,81.6,375,,,,Lab Staff
2025-07-14,Fli,Pair-Wise,,1163,100.0,67.0,779,,,,Lab Staff
2025-07-15,AB,Pair-Wise,,1505,100.0,92.0,1385,,,,Lab Staff
2025-07-15,AB,Pair-Wise,,1096,100.0,20.0,219,,,,Lab Staff
2025-07-15,AB,Pair-Wise,,431,100.0,77.0,332,,,,Lab Staff
2025-07-15,AB,Pair-Wise,,0,0.0,0.0,0,,,,Lab Staff
2025-07-16,AB,Pair-Wise,,834,100.0,89.92,750,,,,Lab Staff
2025-07-16,AB,Pair-Wise,,445,100.0,86.06,383,,,,Lab Staff
2025-07-19,AB,Pair-Wise,,1920,100.0,85.6,1644,,,,Lab Staff
2025-07-19,AB,Pair-Wise,,0,0.0,0.0,0,,,,Lab Staff
2025-07-19,AB,Pair-Wise,,1050,100.0,74.0,777,,,,Lab Staff
2025-07-19,AB,Pair-Wise,,1381,100.0,84.0,1160,,,,Lab Staff
2025-07-19,Fli,Pair-Wise,,520,100.0,83.6,435,,,,Lab Staff
2025-07-19,Fli,Pair-Wise,,209,100.0,93.3,195,,,,Lab Staff
2025-07-20,AB,Pair-Wise,,996,100.0,75.0,747,,,,Lab Staff
2025-07-20,Gata,Pair-Wise,,0,0.0,0.0,0,,,,Lab Staff
2025-07-20,Gata,Pair-Wise,,281,100.0,59.0,166,,,,Lab Staff
2025-07-20,AB,Pair-Wise,,646,100.0,93.9,607,,,,Lab Staff
2025-07-20,AB,Pair-Wise,,1356,100.0,76.0,1031,,,,Lab Staff
2025-07-20,AB,Pair-Wise,,784,100.0,94.0,737,,,,Lab Staff
2025-07-20,AB,Pair-Wise,,380,100.0,78.0,296,,,,Lab Staff
2025-07-20,AB,Pair-Wise,,961,100.0,82.0,788,,,,Lab Staff
2025-07-21,Fli,Pair-Wise,,712,100.0,68.0,484,,,,Lab Staff
2025-07-21,Fli,Pair-Wise,,34,100.0,94.0,32,,,,Lab Staff
2025-07-21,AB,Pair-Wise,,238,100.0,91.0,217,,,,Lab Staff
2025-07-21,AB,Pair-Wise,,852,100.0,88.0,750,,,,Lab Staff
2025-07-21,AB,Pair-Wise,,1404,100.0,58.0,814,,,,Lab Staff
2025-07-22,AB,Pair-Wise,,827,100.0,92.0,761,,,,Lab Staff
2025-07-22,AB,Pair-Wise,,691,100.0,83.0,574,,,,Lab Staff
2025-07-22,AB,Pair-Wise,,1387,100.0,90.0,1248,,,,Lab Staff
2025-07-22,AB,Pair-Wise,,787,100.0,88.0,693,,,,Lab Staff
2025-07-22,AB,Pair-Wise,,0,0.0,0.0,0,,,,Lab Staff
2025-07-22,AB,Pair-Wise,,296,100.0,97.0,287,,,,Lab Staff
2025-07-23,AB,Pair-Wise,,390,100.0,87.9,343,,,,Lab Staff
2025-07-23,Gata,Pair-Wise,,152,100.0,83.5,127,,,,Lab Staff
2025-07-23,AB,Pair-Wise,,355,100.0,98.59,350,,,,Lab Staff
2025-07-23,AB,Pair-Wise,,390,100.0,96.15,375,,,,Lab Staff
2025-07-23,AB,Pair-Wise,,1335,93.7,89.0,1112,,,,Lab Staff
2025-07-23,AB,Pair-Wise,,692,100.0,83.8,580,,,,Lab Staff
2025-07-26,AB,Pair-Wise,,841,59.0,79.0,392,,,,Lab Staff
2025-07-26,AB,Pair-Wise,,459,100.0,88.0,404,,,,Lab Staff
2025-07-26,AB,Pair-Wise,,1156,79.6,82.0,754,,,,Lab Staff
2025-07-26,AB,Pair-Wise,,197,100.0,92.0,181,,,,Lab Staff
2025-07-26,AB,Pair-Wise,,190,100.0,87.0,165,,,,Lab Staff
2025-07-26,Fli,Pair-Wise,,157,100.0,97.0,152,,,,Lab Staff
2025-07-26,Gata,Pair-Wise,,149,100.0,97.0,145,,,,Lab Staff
2025-07-26,Gata,Pair-Wise,,38,100.0,57.0,22,,,,Lab Staff
2025-07-26,Fli,Pair-Wise,,754,100.0,80.0,603,,,,Lab Staff
2025-07-27,Gata,Pair-Wise,,231,100.0,41.0,95,,,,Lab Staff
2025-07-27,AB,Pair-Wise,,589,100.0,83.0,489,,,,Lab Staff
2025-07-27,AB,Pair-Wise,,363,100.0,84.0,305,,,,Lab Staff
2025-07-27,AB,Pair-Wise,,1242,100.0,86.0,1068,,,,Lab Staff
2025-07-27,AB,Pair-Wise,,411,100.0,95.0,390,,,,Lab Staff
2025-07-27,AB,Pair-Wise,,55,100.0,98.0,54,,,,Lab Staff
2025-07-28,AB,Pair-Wise,,1766,100.0,89.0,1572,,,,Lab Staff
2025-07-28,AB,Pair-Wise,,1270,100.0,92.0,1168,,,,Lab Staff
2025-07-28,AB,Pair-Wise,,1188,100.0,85.0,1010,,,,Lab Staff
2025-07-29,AB,Pair-Wise,,1633,100.0,87.0,1421,,,,Lab Staff
2025-07-29,AB,Pair-Wise,,680,100.0,90.0,612,,,,Lab Staff
2025-07-30,AB,Pair-Wise,,139,100.0,87.0,121,,,,Lab Staff
2025-07-30,AB,Pair-Wise,,1081,100.0,94.9,1026,,,,Lab Staff
2025-07-30,AB,Pair-Wise,,0,0.0,0.0,0,,,,Lab Staff
2025-07-30,AB,Pair-Wise,,774,100.0,82.7,640,,,,Lab Staff
2025-07-30,AB,Pair-Wise,,186,100.0,92.4,172,,,,Lab Staff
2025-07-30,AB,Pair-Wise,,0,0.0,0.0,0,,,,Lab Staff
2025-08-02,AB,Pair-Wise,,876,100.0,91.0,797,,,,Lab Staff
2025-08-02,AB,Pair-Wise,,1502,100.0,88.0,1322,,,,Lab Staff
2025-08-02,AB,Pair-Wise,,579,100.0,89.0,515,,,,Lab Staff
2025-08-02,Casper,Pair-Wise,,200,100.0,85.0,170,,,,Lab Staff
2025-08-02,AB,Pair-Wise,,858,100.0,72.0,618,,,,Lab Staff
2025-08-02,AB,Pair-Wise,,203,90.1,88.0,160,,,,Lab Staff
2025-08-03,AB,Pair-Wise,,1113,100.0,90.0,1002,,,,Lab Staff
2025-08-03,AB,Pair-Wise,,763,100.0,93.0,710,,,,Lab Staff
2025-08-03,AB,Pair-Wise,,490,100.0,94.0,461,,,,Lab Staff
2025-08-03,AB,Pair-Wise,,230,100.0,83.0,191,,,,Lab Staff
2025-08-03,AB,Pair-Wise,,389,100.0,92.0,358,,,,Lab Staff
2025-08-03,AB,Pair-Wise,,569,100.0,82.0,467,,,,Lab Staff
2025-08-03,Fli,Pair-Wise,,225,100.0,96.0,216,,,,Lab Staff
2025-08-03,Fli,Pair-Wise,,384,100.0,52.0,200,,,,Lab Staff
2025-08-04,AB,Pair-Wise,,1416,100.0,86.0,1218,,,,Lab Staff
2025-08-04,AB,Pair-Wise,,1090,100.0,85.0,926,,,,Lab Staff
2025-08-04,AB,Pair-Wise,,1866,100.0,85.0,1586,,,,Lab Staff
2025-08-04,AB,Pair-Wise,,1029,100.0,83.0,854,,,,Lab Staff
2025-08-04,AB,Pair-Wise,,203,100.0,83.0,168,,,,Lab Staff
2025-08-04,AB,Pair-Wise,,153,100.0,80.0,122,,,,Lab Staff
2025-08-05,AB,Pair-Wise,,1010,100.0,89.0,899,,,,Lab Staff
2025-08-05,Fli,Pair-Wise,,590,100.0,84.0,496,,,,Lab Staff
2025-08-05,Gata,Pair-Wise,,487,100.0,99.0,482,,,,Lab Staff
2025-08-05,AB,Pair-Wise,,0,0.0,0.0,0,,,,Lab Staff
2025-08-05,Gata,Pair-Wise,,0,0.0,0.0,0,,,,Lab Staff
2025-08-05,AB,Pair-Wise,,0,0.0,0.0,0,,,,Lab Staff
2025-08-09,AB,Pair-Wise,,1068,100.0,82.0,876,,,,Lab Staff
2025-08-09,AB,Pair-Wise,,819,100.0,90.0,737,,,,Lab Staff
2025-08-09,AB,Pair-Wise,,239,100.0,93.0,222,,,,Lab Staff
2025-08-09,AB,Pair-Wise,,332,100.0,94.5,314,,,,Lab Staff
2025-08-09,AB,Pair-Wise,,157,100.0,71.0,111,,,,Lab Staff
2025-08-10,AB,Pair-Wise,,1275,100.0,81.0,1033,,,,Lab Staff
2025-08-10,AB,Pair-Wise,,1016,100.0,81.0,823,,,,Lab Staff
2025-08-10,AB,Pair-Wise,,452,100.0,76.0,344,,,,Lab Staff
2025-08-10,AB,Pair-Wise,,273,100.0,88.0,240,,,,Lab Staff
2025-08-10,AB,Pair-Wise,,357,100.0,97.0,346,,,,Lab Staff
2025-08-11,AB,Pair-Wise,,933,100.0,82.0,765,,,,Lab Staff
2025-08-11,AB,Pair-Wise,,714,100.0,85.0,607,,,,Lab Staff
2025-08-11,AB,Pair-Wise,,629,100.0,83.0,522,,,,Lab Staff
2025-08-11,AB,Pair-Wise,,1063,100.0,87.0,925,,,,Lab Staff
2025-08-11,AB,Pair-Wise,,76,100.0,64.0,49,,,,Lab Staff
2025-08-11,AB,Pair-Wise,,140,100.0,90.0,126,,,,Lab Staff
2025-08-11,AB,Pair-Wise,,249,100.0,95.0,237,,,,Lab Staff
2025-08-12,Fli,Pair-Wise,,175,100.0,80.0,140,,,,Lab Staff
2025-08-12,Fli,Pair-Wise,,196,100.0,82.0,161,,,,Lab Staff
2025-08-12,AB,Pair-Wise,,137,100.0,83.0,114,,,,Lab Staff
2025-08-12,AB,Pair-Wise,,698,100.0,69.0,482,,,,Lab Staff
2025-08-12,AB,Pair-Wise,,0,0.0,0.0,0,,,,Lab Staff
2025-08-12,Gata,Pair-Wise,,344,100.0,95.0,327,,,,Lab Staff
2025-08-12,Gata,Pair-Wise,,0,0.0,0.0,0,,,,Lab Staff
2025-08-13,AB,Pair-Wise,,1169,100.0,81.0,947,,,,Lab Staff
2025-08-13,AB,Pair-Wise,,0,0.0,0.0,0,,,,Lab Staff
2025-08-13,Fli,Pair-Wise,,204,100.0,83.0,169,,,,Lab Staff
2025-08-13,Fli,Pair-Wise,,1299,100.0,79.0,1026,,,,Lab Staff
2025-08-17,AB,Pair-Wise,,1029,100.0,90.81,934,,,,Lab Staff
2025-08-17,AB,Pair-Wise,,711,100.0,78.0,555,,,,Lab Staff
2025-08-17,AB,Pair-Wise,,278,100.0,95.6,266,,,,Lab Staff
2025-08-17,AB,Pair-Wise,,562,100.0,82.9,466,,,,Lab Staff
2025-08-17,AB,Pair-Wise,,214,100.0,91.4,196,,,,Lab Staff
2025-08-17,AB,Pair-Wise,,692,100.0,85.9,594,,,,Lab Staff
2025-08-18,AB,Pair-Wise,,0,0.0,81.0,0,,,,Lab Staff
2025-08-18,AB,Pair-Wise,,271,100.0,81.0,220,,,,Lab Staff
2025-08-18,AB,Pair-Wise,,0,0.0,0.0,0,,,,Lab Staff
2025-08-18,AB,Pair-Wise,,287,100.0,96.0,276,,,,Lab Staff
2025-08-18,AB,Pair-Wise,,516,100.0,81.0,418,,,,Lab Staff
2025-08-18,AB,Pair-Wise,,726,100.0,85.0,617,,,,Lab Staff
2025-08-18,AB,Pair-Wise,,670,100.0,89.0,596,,,,Lab Staff
2025-08-18,AB,Pair-Wise,,1492,100.0,90.0,1343,,,,Lab Staff
2025-08-19,Fli,Pair-Wise,,67,100.0,67.0,45,,,,Lab Staff
2025-08-19,Gata,Pair-Wise,,171,100.0,95.0,162,,,,Lab Staff
2025-08-19,AB,Pair-Wise,,432,100.0,88.0,380,,,,Lab Staff
2025-08-19,AB,Pair-Wise,,0,0.0,0.0,0,,,,Lab Staff
2025-08-19,Gata,Pair-Wise,,0,0.0,0.0,0,,,,Lab Staff
2025-08-20,AB,Pair-Wise,,1181,100.0,90.0,1063,,,,Lab Staff
2025-08-20,AB,Pair-Wise,,402,100.0,68.0,273,,,,Lab Staff
2025-08-20,AB,Pair-Wise,,301,100.0,95.0,286,,,,Lab Staff
2025-08-21,AB,Pair-Wise,,799,100.0,94.1,752,,,,Lab Staff
2025-08-21,AB,Pair-Wise,,826,100.0,93.9,776,,,,Lab Staff
2025-08-23,AB,Pair-Wise,,881,100.0,88.0,775,,,,Lab Staff
2025-08-23,AB,Pair-Wise,,1218,100.0,93.0,1133,,,,Lab Staff
2025-08-23,AB,Pair-Wise,,176,100.0,59.0,104,,,,Lab Staff
2025-08-23,AB,Pair-Wise,,0,0.0,0.0,0,,,,Lab Staff
2025-08-24,AB,Pair-Wise,,1028,100.0,78.0,802,,,,Lab Staff
2025-08-24,AB,Pair-Wise,,382,100.0,87.0,332,,,,Lab Staff
2025-08-24,AB,Pair-Wise,,205,100.0,83.0,170,,,,Lab Staff
2025-08-24,AB,Pair-Wise,,353,100.0,80.0,282,,,,Lab Staff
2025-08-25,AB,Pair-Wise,,893,100.0,86.0,768,,,,Lab Staff
2025-08-25,AB,Pair-Wise,,702,100.0,84.0,590,,,,Lab Staff
2025-08-25,AB,Pair-Wise,,650,100.0,73.0,474,,,,Lab Staff
2025-08-25,Fli,Pair-Wise,,343,100.0,55.0,189,,,,Lab Staff
2025-08-25,Fli,Pair-Wise,,162,100.0,86.0,139,,,,Lab Staff
2025-08-26,AB,Pair-Wise,,114,100.0,92.0,105,,,,Lab Staff
2025-08-26,AB,Pair-Wise,,763,106.0,78.0,630,,,,Lab Staff
2025-08-26,AB,Pair-Wise,,641,100.0,82.0,526,,,,Lab Staff
2025-08-26,AB,Pair-Wise,,241,100.0,85.0,205,,,,Lab Staff
2025-08-30,AB,Pair-Wise,,687,100.0,80.0,550,,,,Lab Staff
2025-08-30,AB,Pair-Wise,,995,100.0,90.3,898,,,,Lab Staff
2025-08-30,AB,Pair-Wise,,684,100.0,82.0,561,,,,Lab Staff
2025-08-30,AB,Pair-Wise,,609,100.0,85.5,521,,,,Lab Staff
2025-08-30,AB,Pair-Wise,,437,100.0,73.3,320,,,,Lab Staff
2025-08-31,AB,Pair-Wise,,2047,100.0,84.5,1730,,,,Lab Staff
2025-08-31,AB,Pair-Wise,,142,100.0,59.0,84,,,,Lab Staff
2025-08-31,AB,Pair-Wise,,214,100.0,86.0,184,,,,Lab Staff
2025-08-31,AB,Pair-Wise,,309,100.0,85.0,263,,,,Lab Staff
2025-08-31,AB,Pair-Wise,,163,100.0,77.0,126,,,,Lab Staff
2025-08-31,AB,Pair-Wise,,615,100.0,85.0,523,,,,Lab Staff
2025-09-01,Fli,Pair-Wise,,10,0.0,0.0,0,,,,Lab Staff
2025-09-01,Fli,Pair-Wise,,781,100.0,60.0,469,,,,Lab Staff
2025-09-01,AB,Pair-Wise,,1417,100.0,87.0,1233,,,,Lab Staff
2025-09-01,AB,Pair-Wise,,1940,100.0,85.0,1649,,,,Lab Staff
2025-09-01,Fli,Pair-Wise,,348,100.0,91.0,317,,,,Lab Staff
2025-09-01,Fli,Pair-Wise,,233,100.0,39.0,91,,,,Lab Staff
2025-09-01,Gata,Pair-Wise,,0,0.0,0.0,0,,,,Lab Staff
2025-09-01,Gata,Pair-Wise,,0,0.0,0.0,0,,,,Lab Staff
2025-09-01,Gata,Pair-Wise,,0,0.0,0.0,0,,,,Lab Staff
2025-09-01,Fli,Pair-Wise,,0,0.0,0.0,0,,,,Lab Staff
2025-09-02,AB,Pair-Wise,,828,100.0,90.0,745,,,,Lab Staff
2025-09-02,AB,Pair-Wise,,489,100.0,82.0,401,,,,Lab Staff
2025-09-02,AB,Pair-Wise,,520,100.0,84.0,437,,,,Lab Staff
2025-09-02,AB,Pair-Wise,,783,100.0,85.0,666,,,,Lab Staff
2025-09-02,AB,Pair-Wise,,1003,100.0,78.0,782,,,,Lab Staff
2025-09-02,AB,Pair-Wise,,383,100.0,91.0,349,,,,Lab Staff
2025-09-02,AB,Pair-Wise,,705,100.0,77.0,543,,,,Lab Staff
2025-09-02,AB,Pair-Wise,,0,0.0,0.0,0,,,,Lab Staff
2025-09-06,AB,Pair-Wise,,838,100.0,78.0,654,,,,Lab Staff
2025-09-06,AB,Pair-Wise,,1006,100.0,85.0,855,,,,Lab Staff
2025-09-06,AB,Pair-Wise,,402,100.0,86.0,346,,,,Lab Staff
2025-09-07,AB,Pair-Wise,,838,100.0,78.0,654,,,,Lab Staff
2025-09-07,AB,Pair-Wise,,626,100.0,85.0,532,,,,Lab Staff
2025-09-07,AB,Pair-Wise,,402,100.0,86.0,346,,,,Lab Staff
2025-09-08,AB,Pair-Wise,,159,100.0,96.0,153,,,,Lab Staff
2025-09-08,AB,Pair-Wise,,316,100.0,71.0,224,,,,Lab Staff
2025-09-08,AB,Pair-Wise,,578,100.0,86.0,497,,,,Lab Staff
2025-09-08,AB,Pair-Wise,,140,100.0,95.0,133,,,,Lab Staff
2025-09-08,Fli,Pair-Wise,,94,100.0,37.0,35,,,,Lab Staff
2025-09-08,Fli,Pair-Wise,,0,0.0,0.0,0,,,,Lab Staff
2025-09-08,AB,Pair-Wise,,325,100.0,92.0,299,,,,Lab Staff
2025-09-09,AB,Pair-Wise,,603,100.0,61.0,368,,,,Lab Staff
2025-09-09,Fli,Pair-Wise,,1333,100.0,55.4,738,,,,Lab Staff
2025-09-09,Fli,Pair-Wise,,581,100.0,70.0,407,,,,Lab Staff
2025-09-09,Fli,Pair-Wise,,0,0.0,0.0,0,,,,Lab Staff
2025-09-09,Gata,Pair-Wise,,0,0.0,0.0,0,,,,Lab Staff
2025-09-09,Gata,Pair-Wise,,0,0.0,0.0,0,,,,Lab Staff
2025-09-09,AB,Pair-Wise,,0,0.0,0.0,0,,,,Lab Staff
2025-09-09,AB,Pair-Wise,,0,0.0,0.0,0,,,,Lab Staff
2025-09-10,AB,Pair-Wise,,772,100.0,75.5,583,,,,Lab Staff
2025-09-10,AB,Pair-Wise,,102,100.0,90.0,92,,,,Lab Staff
2025-09-10,AB,Pair-Wise,,534,100.0,83.0,443,,,,Lab Staff
2025-09-11,AB,Pair-Wise,,79,100.0,86.0,68,,,,Lab Staff
2025-09-11,AB,Pair-Wise,,824,100.0,82.0,676,,,,Lab Staff
2025-09-11,AB,Pair-Wise,,497,100.0,82.0,408,,,,Lab Staff
2025-09-11,AB,Pair-Wise,,470,100.0,91.0,428,,,,Lab Staff
2025-09-11,AB,Pair-Wise,,504,100.0,73.0,368,,,,Lab Staff
2025-09-11,AB,Pair-Wise,,508,100.0,84.0,427,,,,Lab Staff
2025-09-11,Casper,Pair-Wise,,1518,95.7,82.0,1191,,,,Lab Staff
2025-09-14,AB,Pair-Wise,,1680,100.0,68.0,1142,,,,Lab Staff
2025-09-14,AB,Pair-Wise,,862,100.0,79.0,681,,,,Lab Staff
2025-09-14,AB,Pair-Wise,,109,100.0,75.0,82,,,,Lab Staff
2025-09-14,AB,Pair-Wise,,584,100.0,92.0,537,,,,Lab Staff
2025-09-14,AB,Pair-Wise,,101,100.0,92.0,93,,,,Lab Staff
2025-09-14,AB,Pair-Wise,,137,100.0,94.0,129,,,,Lab Staff
2025-09-15,AB,Pair-Wise,,1088,100.0,91.0,990,,,,Lab Staff
2025-09-15,AB,Pair-Wise,,970,100.0,86.0,834,,,,Lab Staff
2025-09-15,AB,Pair-Wise,,2340,99.4,75.0,1744,,,,Lab Staff
2025-09-15,AB,Pair-Wise,,1433,100.0,90.0,1290,,,,Lab Staff
2025-09-16,Fli,Pair-Wise,,202,100.0,90.0,182,,,,Lab Staff
2025-09-16,Fli,Pair-Wise,,130,100.0,52.0,68,,,,Lab Staff
2025-09-16,AB,Pair-Wise,,540,100.0,81.0,437,,,,Lab Staff
2025-09-16,AB,Pair-Wise,,186,100.0,90.0,167,,,,Lab Staff
2025-09-16,AB,Pair-Wise,,1193,100.0,88.0,1050,,,,Lab Staff
2025-09-17,AB,Pair-Wise,,845,100.0,81.0,684,,,,Lab Staff
2025-09-17,Fli,Pair-Wise,,213,100.0,69.0,147,,,,Lab Staff
2025-09-17,Fli,Pair-Wise,,843,100.0,52.0,438,,,,Lab Staff
2025-09-17,Fli,Pair-Wise,,405,100.0,57.0,231,,,,Lab Staff
2025-09-17,Gata,Pair-Wise,,424,100.0,99.7,423,,,,Lab Staff
2025-09-17,Gata,Pair-Wise,,0,0.0,0.0,0,,,,Lab Staff
2025-09-17,AB,Pair-Wise,,0,0.0,0.0,0,,,,Lab Staff
2025-09-18,AB,Pair-Wise,,925,100.0,93.3,863,,,,Lab Staff
2025-09-18,AB,Pair-Wise,,266,100.0,93.6,249,,,,Lab Staff
2025-09-18,AB,Pair-Wise,,305,100.0,92.7,283,,,,Lab Staff
2025-09-18,AB,Pair-Wise,,191,100.0,94.2,180,,,,Lab Staff
2025-09-21,AB,Pair-Wise,,514,100.0,69.4,357,,,,Lab Staff
2025-09-21,AB,Pair-Wise,,740,100.0,79.6,589,,,,Lab Staff
2025-09-21,AB,Pair-Wise,,129,100.0,94.0,121,,,,Lab Staff
2025-09-21,AB,Pair-Wise,,258,100.0,90.0,232,,,,Lab Staff
2025-09-21,AB,Pair-Wise,,230,100.0,94.12,216,,,,Lab Staff
2025-09-21,AB,Pair-Wise,,218,100.0,80.0,174,,,,Lab Staff
2025-09-22,AB,Pair-Wise,,1201,100.0,87.3,1048,,,,Lab Staff
2025-09-22,AB,Pair-Wise,,1565,100.0,79.2,1239,,,,Lab Staff
2025-09-22,AB,Pair-Wise,,1149,100.0,73.0,839,,,,Lab Staff
2025-09-23,AB,Pair-Wise,,990,100.0,81.0,802,,,,Lab Staff
2025-09-23,AB,Pair-Wise,,519,100.0,89.0,462,,,,Lab Staff
2025-09-23,Fli,Pair-Wise,,589,100.0,97.0,571,,,,Lab Staff
2025-09-23,AB,Pair-Wise,,148,100.0,62.0,92,,,,Lab Staff
2025-09-23,Fli,Pair-Wise,,369,100.0,61.0,225,,,,Lab Staff
2025-09-23,AB,Pair-Wise,,628,100.0,97.0,609,,,,Lab Staff
2025-09-24,Fli,Pair-Wise,,389,100.0,68.0,265,,,,Lab Staff
2025-09-24,Fli,Pair-Wise,,552,100.0,59.0,326,,,,Lab Staff
2025-09-24,AB,Pair-Wise,,721,100.0,95.0,685,,,,Lab Staff
2025-09-24,AB,Pair-Wise,,365,100.0,97.0,354,,,,Lab Staff
2025-09-28,AB,Pair-Wise,,1032,100.0,92.0,949,,,,Lab Staff
2025-09-28,AB,Pair-Wise,,444,100.0,87.0,386,,,,Lab Staff
2025-09-28,AB,Pair-Wise,,113,100.0,96.0,108,,,,Lab Staff
2025-09-29,AB,Pair-Wise,,503,100.0,91.0,458,,,,Lab Staff
2025-09-29,Fli,Pair-Wise,,187,100.0,63.0,118,,,,Lab Staff
2025-09-29,Fli,Pair-Wise,,483,100.0,82.0,396,,,,Lab Staff
2025-09-29,AB,Pair-Wise,,244,100.0,94.0,229,,,,Lab Staff
2025-09-29,AB,Pair-Wise,,664,100.0,79.0,525,,,,Lab Staff
2025-09-29,AB,Pair-Wise,,478,100.0,90.0,430,,,,Lab Staff
2025-09-29,AB,Pair-Wise,,1198,100.0,90.0,1078,,,,Lab Staff
2025-09-30,AB,Pair-Wise,,415,100.0,74.9,311,,,,Lab Staff
2025-09-30,AB,Pair-Wise,,412,100.0,89.0,367,,,,Lab Staff
2025-09-30,AB,Pair-Wise,,1088,100.0,93.0,1012,,,,Lab Staff
2025-09-30,AB,Pair-Wise,,624,100.0,87.0,543,,,,Lab Staff
2025-09-30,AB,Pair-Wise,,824,100.0,76.0,626,,,,Lab Staff
2025-10-01,Gata,Pair-Wise,,18,44.0,0.0,0,,,,Lab Staff
2025-10-01,AB,Pair-Wise,,376,100.0,99.7,375,,,,Lab Staff
2025-10-01,Fli,Pair-Wise,,788,94.0,43.0,318,,,,Lab Staff
2025-10-01,Fli,Pair-Wise,,156,100.0,56.0,87,,,,Lab Staff
2025-10-01,Gata,Pair-Wise,,199,100.0,16.0,32,,,,Lab Staff
2025-10-01,Fli,Pair-Wise,,425,100.0,79.0,336,,,,Lab Staff
2025-10-02,AB,Pair-Wise,,356,100.0,93.0,331,,,,Lab Staff
2025-10-02,AB,Pair-Wise,,306,100.0,90.0,275,,,,Lab Staff
2025-10-02,AB,Pair-Wise,,721,100.0,87.0,627,,,,Lab Staff
2025-10-02,AB,Pair-Wise,,155,100.0,65.0,101,,,,Lab Staff
2025-10-04,AB,In-Tank,,423,100.0,73.0,309,,,,Lab Staff
2025-10-04,AB,In-Tank,,912,100.0,84.5,771,,,,Lab Staff
2025-10-04,AB,Pair-Wise,,364,100.0,84.0,306,,,,Lab Staff
2025-10-04,AB,Pair-Wise,,410,100.0,93.0,381,,,,Lab Staff
2025-10-04,AB,Pair-Wise,,1433,100.0,94.0,1347,,,,Lab Staff
2025-10-04,AB,Pair-Wise,,603,100.0,72.0,434,,,,Lab Staff
2025-10-04,Fli,Pair-Wise,,717,100.0,71.03,509,,,,Lab Staff
2025-10-04,Gata,Pair-Wise,,181,100.0,93.92,170,,,,Lab Staff
2025-10-04,AB,Pair-Wise,,969,100.0,69.0,669,,,,Lab Staff
2025-10-04,AB,Pair-Wise,,0,0.0,0.0,0,,,,Lab Staff
2025-10-05,AB,Pair-Wise,,343,100.0,86.0,295,,,,Lab Staff
2025-10-05,AB,Pair-Wise,,1317,100.0,80.0,1054,,,,Lab Staff
2025-10-05,AB,Pair-Wise,,946,100.0,86.1,815,,,,Lab Staff
2025-10-05,AB,Pair-Wise,,652,100.0,89.8,585,,,,Lab Staff
2025-10-05,AB,Pair-Wise,,421,100.0,93.8,395,,,,Lab Staff
2025-10-06,AB,Pair-Wise,,677,100.0,93.79,635,,,,Lab Staff
2025-10-06,AB,Pair-Wise,,292,100.0,84.93,248,,,,Lab Staff
2025-10-06,AB,Pair-Wise,,513,100.0,92.9,477,,,,Lab Staff
2025-10-06,AB,Pair-Wise,,769,100.0,60.0,461,,,,Lab Staff
2025-10-07,AB,In-Tank,,578,100.0,97.0,561,,,,Lab Staff
2025-10-07,AB,In-Tank,,2849,99.7,93.9,2667,,,,Lab Staff
2025-10-07,AB,In-Tank,,1225,99.5,94.0,1145,,,,Lab Staff
2025-10-08,AB,In-Tank,,80,100.0,86.25,69,,,,Lab Staff
2025-10-08,AB,In-Tank,,232,100.0,89.22,207,,,,Lab Staff
2025-10-08,AB,In-Tank,,967,100.0,83.9,811,,,,Lab Staff
2025-10-11,AB,Pair-Wise,,338,100.0,80.0,270,,,,Lab Staff
2025-10-11,AB,Pair-Wise,,330,100.0,80.0,264,,,,Lab Staff
2025-10-11,AB,Pair-Wise,,464,100.0,90.0,418,,,,Lab Staff
2025-10-11,AB,Pair-Wise,,1588,100.0,78.0,1239,,,,Lab Staff
2025-10-11,AB,Pair-Wise,,523,100.0,78.0,408,,,,Lab Staff
2025-10-12,AB,Pair-Wise,,1107,100.0,89.0,985,,,,Lab Staff
2025-10-12,AB,Pair-Wise,,1049,100.0,65.0,682,,,,Lab Staff
2025-10-12,AB,Pair-Wise,,433,102.0,92.5,408,,,,Lab Staff
2025-10-12,Fli,Pair-Wise,,362,100.0,64.0,232,,,,Lab Staff
2025-10-13,Fli,Pair-Wise,,825,100.0,44.0,363,,,,Lab Staff
2025-10-13,Gata,Pair-Wise,,0,0.0,0.0,0,,,,Lab Staff
2025-10-13,Gata,Pair-Wise,,1287,72.0,87.75,813,,,,Lab Staff
2025-10-13,AB,Pair-Wise,,0,0.0,0.0,0,,,,Lab Staff
2025-10-13,AB,Pair-Wise,,490,100.0,81.0,397,,,,Lab Staff
2025-10-13,Fli,Pair-Wise,,69,100.0,76.0,52,,,,Lab Staff
2025-10-14,AB,Pair-Wise,,189,100.0,93.6,177,,,,Lab Staff
2025-10-14,AB,Pair-Wise,,0,0.0,0.0,0,,,,Lab Staff
2025-10-14,AB,Pair-Wise,,612,100.0,91.0,557,,,,Lab Staff
2025-10-14,AB,Pair-Wise,,674,100.0,88.7,598,,,,Lab Staff
2025-10-14,AB,Pair-Wise,,1170,100.0,88.0,1030,,,,Lab Staff
2025-10-14,AB,Pair-Wise,,1386,100.0,83.0,1150,,,,Lab Staff
2025-10-14,AB,Pair-Wise,,629,100.0,75.8,477,,,,Lab Staff
2025-10-15,AB,Pair-Wise,,1626,100.0,74.6,1213,,,,Lab Staff
2025-10-15,AB,Pair-Wise,,934,100.0,83.0,775,,,,Lab Staff
2025-10-15,AB,Pair-Wise,,1027,100.0,78.8,809,,,,Lab Staff
2025-10-15,AB,Pair-Wise,,457,100.0,93.0,425,,,,Lab Staff
2025-10-15,AB,Pair-Wise,,587,100.0,83.6,491,,,,Lab Staff
2025-10-15,AB,Pair-Wise,,522,100.0,71.0,371,,,,Lab Staff
2025-10-18,AB,Pair-Wise,,2002,100.0,90.0,1802,,,,Lab Staff
2025-10-18,AB,Pair-Wise,,823,100.0,80.0,658,,,,Lab Staff
2025-10-19,AB,Pair-Wise,,1089,100.0,88.0,958,,,,Lab Staff
2025-10-19,AB,Pair-Wise,,131,100.0,95.0,124,,,,Lab Staff
2025-10-19,AB,Pair-Wise,,648,100.0,83.0,538,,,,Lab Staff
2025-10-19,AB,Pair-Wise,,372,100.0,86.0,320,,,,Lab Staff
2025-10-19,Fli,Pair-Wise,,331,100.0,92.0,305,,,,Lab Staff
2025-10-19,Fli,Pair-Wise,,195,100.0,47.0,92,,,,Lab Staff
2025-10-19,AB,Pair-Wise,,470,100.0,75.9,357,,,,Lab Staff
2025-10-19,Gata,Pair-Wise,,260,100.0,96.0,250,,,,Lab Staff
2025-10-19,Fli,Pair-Wise,,196,100.0,47.0,92,,,,Lab Staff
2025-10-20,AB,Pair-Wise,,695,100.0,92.0,639,,,,Lab Staff
2025-10-20,AB,Pair-Wise,,276,100.0,94.5,261,,,,Lab Staff
2025-10-20,AB,Pair-Wise,,390,100.0,86.0,335,,,,Lab Staff
2025-10-20,AB,Pair-Wise,,192,100.0,73.0,140,,,,Lab Staff
2025-10-20,AB,Pair-Wise,,1138,100.0,84.7,964,,,,Lab Staff
2025-10-20,AB,Pair-Wise,,1656,100.0,90.0,1490,,,,Lab Staff
2025-10-20,AB,Pair-Wise,,268,100.0,83.0,222,,,,Lab Staff
2025-10-21,AB,Pair-Wise,,572,100.0,85.0,486,,,,Lab Staff
2025-10-21,AB,Pair-Wise,,633,100.0,89.9,569,,,,Lab Staff
2025-10-21,AB,Pair-Wise,,553,100.0,89.6,495,,,,Lab Staff
2025-10-21,AB,Pair-Wise,,131,100.0,87.0,114,,,,Lab Staff
2025-10-21,AB,Pair-Wise,,526,100.0,93.5,492,,,,Lab Staff
2025-10-22,AB,Pair-Wise,,1096,100.0,0.0,0,,,,Lab Staff
2025-10-22,AB,Pair-Wise,,578,100.0,61.67,356,,,,Lab Staff
2025-10-22,AB,Pair-Wise,,246,100.0,70.73,174,,,,Lab Staff
2025-10-22,AB,Pair-Wise,,341,100.0,96.48,329,,,,Lab Staff
2025-10-22,Fli,Pair-Wise,,854,100.0,16.39,140,,,,Lab Staff
2025-10-22,Fli,Pair-Wise,,94,100.0,89.36,84,,,,Lab Staff
2025-10-22,Gata,Pair-Wise,,705,100.0,96.17,678,,,,Lab Staff
2025-10-25,AB,Pair-Wise,,946,100.0,87.5,828,,,,Lab Staff
2025-10-25,AB,Pair-Wise,,553,100.0,89.0,492,,,,Lab Staff
2025-10-25,AB,Pair-Wise,,1096,100.0,82.0,899,,,,Lab Staff
2025-10-26,AB,Pair-Wise,,622,100.0,83.6,520,,,,Lab Staff
2025-10-26,AB,Pair-Wise,,894,100.0,95.35,852,,,,Lab Staff
2025-10-26,AB,Pair-Wise,,388,100.0,92.5,359,,,,Lab Staff
2025-10-26,AB,Pair-Wise,,533,100.0,81.6,435,,,,Lab Staff
2025-10-26,Fli,Pair-Wise,,267,100.0,49.0,131,,,,Lab Staff
2025-10-26,Fli,Pair-Wise,,312,100.0,96.0,300,,,,Lab Staff
2025-10-26,Gata,Pair-Wise,,213,100.0,78.8,168,,,,Lab Staff
2025-10-26,AB,Pair-Wise,,126,100.0,92.8,117,,,,Lab Staff
2025-10-27,AB,Pair-Wise,,508,100.0,82.8,421,,,,Lab Staff
2025-10-27,AB,Pair-Wise,,861,100.0,83.0,715,,,,Lab Staff
2025-10-27,AB,Pair-Wise,,783,100.0,87.0,681,,,,Lab Staff
2025-10-27,AB,Pair-Wise,,857,100.0,89.0,763,,,,Lab Staff
2025-10-27,AB,Pair-Wise,,0,0.0,0.0,0,,,,Lab Staff
2025-10-28,AB,Pair-Wise,,685,100.0,90.0,616,,,,Lab Staff
2025-10-28,AB,Pair-Wise,,106,100.0,97.0,103,,,,Lab Staff
2025-10-28,AB,Pair-Wise,,119,100.0,89.0,106,,,,Lab Staff
2025-10-28,AB,Pair-Wise,,913,100.0,78.0,712,,,,Lab Staff
2025-10-28,AB,Pair-Wise,,108,100.0,81.0,87,,,,Lab Staff
2025-10-28,AB,Pair-Wise,,1152,100.0,95.0,1094,,,,Lab Staff
2025-10-29,AB,Pair-Wise,,542,100.0,80.07,434,,,,Lab Staff
2025-10-29,AB,Pair-Wise,,0,0.0,0.0,0,,,,Lab Staff
2025-10-29,Fli,Pair-Wise,,190,100.0,65.26,124,,,,Lab Staff
2025-10-29,Fli,Pair-Wise,,537,100.0,69.27,372,,,,Lab Staff
2025-10-29,Gata,Pair-Wise,,0,0.0,0.0,0,,,,Lab Staff
2025-10-29,Gata,Pair-Wise,,569,100.0,80.33,457,,,,Lab Staff
2025-11-01,AB,Pair-Wise,,1245,100.0,88.9,1107,,,,Lab Staff
2025-11-01,AB,Pair-Wise,,649,100.0,88.9,577,,,,Lab Staff
2025-11-01,AB,Pair-Wise,,637,100.0,78.0,497,,,,Lab Staff
2025-11-01,AB,Pair-Wise,,111,100.0,99.0,110,,,,Lab Staff
2025-11-01,AB,Pair-Wise,,63,100.0,100.0,63,,,,Lab Staff
2025-11-01,AB,Pair-Wise,,954,100.0,79.7,760,,,,Lab Staff
2025-11-01,AB,Pair-Wise,,456,100.0,79.7,363,,,,Lab Staff
2025-11-01,Fli,Pair-Wise,,504,100.0,95.3,480,,,,Lab Staff
2025-11-02,AB,Pair-Wise,,154,100.0,92.8,143,,,,Lab Staff
2025-11-02,AB,Pair-Wise,,624,100.0,93.6,584,,,,Lab Staff
2025-11-02,AB,Pair-Wise,,841,100.0,86.6,728,,,,Lab Staff
2025-11-02,AB,Pair-Wise,,472,100.0,79.0,373,,,,Lab Staff
2025-11-02,AB,Pair-Wise,,499,100.0,95.7,478,,,,Lab Staff
2025-11-02,AB,Pair-Wise,,117,100.0,94.0,110,,,,Lab Staff
2025-11-03,AB,Pair-Wise,,1229,100.0,92.0,1131,,,,Lab Staff
2025-11-03,AB,Pair-Wise,,1599,100.0,83.6,1337,,,,Lab Staff
2025-11-03,AB,Pair-Wise,,426,100.0,66.0,281,,,,Lab Staff
2025-11-03,AB,Pair-Wise,,415,100.0,92.7,385,,,,Lab Staff
2025-11-04,AB,Pair-Wise,,983,100.0,88.6,871,,,,Lab Staff
2025-11-04,AB,Pair-Wise,,480,100.0,87.9,422,,,,Lab Staff
2025-11-04,AB,Pair-Wise,,173,100.0,86.7,150,,,,Lab Staff
2025-11-04,AB,Pair-Wise,,748,100.0,77.6,580,,,,Lab Staff
2025-11-04,Gata,Pair-Wise,,179,100.0,96.0,172,,,,Lab Staff
2025-11-04,AB,Pair-Wise,,684,100.0,93.0,636,,,,Lab Staff
2025-11-05,AB,Pair-Wise,,1726,95.0,80.0,1311,,,,Lab Staff
2025-11-05,Fli,Pair-Wise,,235,100.0,76.5,180,,,,Lab Staff
2025-11-05,Fli,Pair-Wise,,665,100.0,64.5,429,,,,Lab Staff
2025-11-05,Gata,Pair-Wise,,821,99.7,99.0,810,,,,Lab Staff
2025-11-08,Fli,Pair-Wise,,251,100.0,84.4,212,,,,Lab Staff
2025-11-08,AB,Pair-Wise,,400,100.0,79.7,319,,,,Lab Staff
2025-11-08,AB,Pair-Wise,,964,100.0,87.0,839,,,,Lab Staff
2025-11-08,AB,Pair-Wise,,800,100.0,90.83,727,,,,Lab Staff
2025-11-08,AB,Pair-Wise,,521,100.0,93.0,485,,,,Lab Staff
2025-11-09,AB,In-Tank,,0,0.0,0.0,0,,,,Lab Staff
2025-11-09,AB,In-Tank,,493,98.0,59.9,289,,,,Lab Staff
2025-11-09,AB,In-Tank,,992,100.0,77.0,764,,,,Lab Staff
2025-11-09,AB,Pair-Wise,,675,99.5,95.6,641,,,,Lab Staff
2025-11-09,AB,Pair-Wise,,885,99.6,83.0,731,,,,Lab Staff
2025-11-09,AB,Pair-Wise,,515,100.0,68.0,350,,,,Lab Staff
2025-11-09,AB,Pair-Wise,,559,100.0,86.0,481,,,,Lab Staff
2025-11-09,AB,Pair-Wise,,820,100.0,84.0,689,,,,Lab Staff
2025-11-09,AB,Pair-Wise,,636,100.0,85.5,544,,,,Lab Staff
2025-11-10,AB,In-Tank,,552,100.0,88.0,486,,,,Lab Staff
2025-11-10,AB,In-Tank,,137,100.0,90.0,123,,,,Lab Staff
2025-11-10,AB,In-Tank,,1235,100.0,91.6,1131,,,,Lab Staff
2025-11-10,Fli,Pair-Wise,,194,100.0,98.9,192,,,,Lab Staff
2025-11-10,AB,Pair-Wise,,1222,100.0,86.7,1059,,,,Lab Staff
2025-11-10,AB,Pair-Wise,,1599,100.0,91.0,1455,,,,Lab Staff
2025-11-11,Gata,Pair-Wise,,223,100.0,76.0,169,,,,Lab Staff
2025-11-11,AB,Pair-Wise,,332,100.0,97.0,322,,,,Lab Staff
2025-11-11,Fli,Pair-Wise,,395,100.0,56.0,221,,,,Lab Staff
2025-11-11,AB,Pair-Wise,,383,100.0,94.5,362,,,,Lab Staff
2025-11-11,AB,Pair-Wise,,459,100.0,74.9,344,,,,Lab Staff
2025-11-11,AB,Pair-Wise,,638,100.0,91.0,581,,,,Lab Staff
2025-11-11,AB,Pair-Wise,,753,100.0,87.0,655,,,,Lab Staff
2025-11-12,AB,Pair-Wise,,107,100.0,95.6,102,,,,Lab Staff
2025-11-12,Fli,Pair-Wise,,111,100.0,87.28,97,,,,Lab Staff
2025-11-12,Fli,Pair-Wise,,75,100.0,16.0,12,,,,Lab Staff
2025-11-12,Gata,Pair-Wise,,0,0.0,0.0,0,,,,Lab Staff
2025-11-12,Gata,Pair-Wise,,0,0.0,0.0,0,,,,Lab Staff
2025-11-15,AB,In-Tank,,817,100.0,93.0,760,,,,Lab Staff
2025-11-15,AB,In-Tank,,859,100.0,78.0,670,,,,Lab Staff
2025-11-15,AB,In-Tank,,640,100.0,42.6,273,,,,Lab Staff
2025-11-15,AB,Pair-Wise,,617,100.0,95.5,589,,,,Lab Staff
2025-11-15,AB,Pair-Wise,,407,100.0,92.8,378,,,,Lab Staff
2025-11-15,AB,Pair-Wise,,701,100.0,86.0,603,,,,Lab Staff
2025-11-15,AB,Pair-Wise,,250,100.0,93.0,232,,,,Lab Staff
2025-11-16,AB,Pair-Wise,,364,100.0,98.9,360,,,,Lab Staff
2025-11-16,AB,Pair-Wise,,824,100.0,79.7,657,,,,Lab Staff
2025-11-16,AB,Pair-Wise,,1442,100.0,95.0,1370,,,,Lab Staff
2025-11-16,AB,Pair-Wise,,1015,98.0,95.8,952,,,,Lab Staff
2025-11-16,AB,Pair-Wise,,799,100.0,86.0,687,,,,Lab Staff
2025-11-16,AB,Pair-Wise,,445,100.0,90.7,404,,,,Lab Staff
2025-11-16,AB,Pair-Wise,,609,100.0,84.0,512,,,,Lab Staff
2025-11-17,Fli,Pair-Wise,,150,100.0,51.0,76,,,,Lab Staff
2025-11-17,Fli,Pair-Wise,,438,100.0,92.0,403,,,,Lab Staff
2025-11-17,AB,Pair-Wise,,921,100.0,91.0,838,,,,Lab Staff
2025-11-17,AB,Pair-Wise,,3465,100.0,75.0,2599,,,,Lab Staff
2025-11-18,AB,Pair-Wise,,1173,100.0,94.0,1103,,,,Lab Staff
2025-11-18,AB,Pair-Wise,,674,100.0,87.0,586,,,,Lab Staff
2025-11-18,AB,Pair-Wise,,860,100.0,88.4,760,,,,Lab Staff
2025-11-18,AB,Pair-Wise,,570,100.0,88.7,506,,,,Lab Staff
2025-11-18,AB,Pair-Wise,,597,100.0,94.9,567,,,,Lab Staff
2025-11-19,AB,Pair-Wise,,0,0.0,0.0,0,,,,Lab Staff
2025-11-19,AB,Pair-Wise,,493,100.0,95.3,470,,,,Lab Staff
2025-11-19,AB,Pair-Wise,,0,0.0,0.0,0,,,,Lab Staff
2025-11-19,AB,Pair-Wise,,684,100.0,91.0,622,,,,Lab Staff
2025-11-19,AB,Pair-Wise,,850,100.0,83.2,707,,,,Lab Staff
2025-11-22,AB,Pair-Wise,,764,100.0,82.0,626,,,,Lab Staff
2025-11-22,AB,Pair-Wise,,264,100.0,83.0,219,,,,Lab Staff
2025-11-22,AB,Pair-Wise,,827,100.0,92.0,761,,,,Lab Staff
2025-11-22,AB,Pair-Wise,,404,100.0,84.0,339,,,,Lab Staff
2025-11-22,AB,Pair-Wise,,601,100.0,79.0,475,,,,Lab Staff
2025-11-22,AB,Pair-Wise,,858,100.0,94.0,807,,,,Lab Staff
2025-11-23,Fli,Pair-Wise,,378,100.0,64.0,242,,,,Lab Staff
2025-11-23,Fli,Pair-Wise,,495,100.0,91.0,450,,,,Lab Staff
2025-11-23,AB,Pair-Wise,,565,100.0,95.7,541,,,,Lab Staff
2025-11-23,AB,Pair-Wise,,1086,100.0,78.7,855,,,,Lab Staff
2025-11-23,AB,Pair-Wise,,1529,100.0,92.9,1420,,,,Lab Staff
2025-11-24,AB,Pair-Wise,,953,100.0,90.5,862,,,,Lab Staff
2025-11-24,AB,Pair-Wise,,1479,100.0,81.4,1204,,,,Lab Staff
2025-11-24,AB,Pair-Wise,,479,100.0,97.4,467,,,,Lab Staff
2025-11-25,AB,Pair-Wise,,501,100.0,87.6,439,,,,Lab Staff
2025-11-25,Fli,Pair-Wise,,483,100.0,47.0,227,,,,Lab Staff
2025-11-25,Fli,Pair-Wise,,78,100.0,84.6,66,,,,Lab Staff
2025-11-25,AB,Pair-Wise,,68,100.0,80.8,55,,,,Lab Staff
2025-11-25,Gata,Pair-Wise,,128,100.0,98.0,125,,,,Lab Staff
2025-11-26,Gata,Pair-Wise,,365,100.0,0.0,0,,,,Lab Staff
2025-11-26,AB,Pair-Wise,,112,100.0,76.7,86,,,,Lab Staff
2025-11-26,AB,Pair-Wise,,327,100.0,77.0,252,,,,Lab Staff
2025-11-26,Fli,Pair-Wise,,310,100.0,40.0,124,,,,Lab Staff
2025-11-26,AB,Pair-Wise,,185,100.0,84.8,157,,,,Lab Staff
2025-11-26,Fli,Pair-Wise,,160,100.0,88.7,142,,,,Lab Staff
2025-11-29,AB,Pair-Wise,,715,100.0,95.6,684,,,,Lab Staff
2025-11-29,AB,Pair-Wise,,806,100.0,94.7,763,,,,Lab Staff
2025-11-29,AB,Pair-Wise,,405,100.0,87.9,356,,,,Lab Staff
2025-11-29,AB,Pair-Wise,,994,100.0,81.3,808,,,,Lab Staff
2025-11-30,Fli,Pair-Wise,,59,100.0,37.0,22,,,,Lab Staff
2025-11-30,AB,Pair-Wise,,266,100.0,71.0,189,,,,Lab Staff
2025-11-30,AB,Pair-Wise,,435,100.0,85.7,373,,,,Lab Staff
2025-11-30,AB,Pair-Wise,,169,100.0,85.0,144,,,,Lab Staff
2025-11-30,Gata,Pair-Wise,,228,100.0,98.0,223,,,,Lab Staff
2025-11-30,Gata,Pair-Wise,,0,0.0,0.0,0,,,,Lab Staff
2025-11-30,Fli,Pair-Wise,,0,0.0,0.0,0,,,,Lab Staff
2025-11-30,AB,Pair-Wise,,0,0.0,0.0,0,,,,Lab Staff
2025-12-01,AB,In-Tank,,2485,100.0,78.8,1958,,,,Lab Staff
2025-12-01,AB,In-Tank,,3258,100.0,70.0,2281,,,,Lab Staff
2025-12-01,AB,In-Tank,,1121,100.0,84.0,942,,,,Lab Staff
2025-12-03,AB,Pair-Wise,,684,100.0,89.0,609,,,,Lab Staff
2025-12-03,AB,Pair-Wise,,704,100.0,83.0,584,,,,Lab Staff
2025-12-03,AB,Pair-Wise,,814,100.0,87.0,708,,,,Lab Staff
2025-12-06,AB,Pair-Wise,,296,100.0,85.0,252,,,,Lab Staff
2025-12-06,AB,Pair-Wise,,440,100.0,99.0,436,,,,Lab Staff
2025-12-06,AB,Pair-Wise,,1102,99.0,94.0,1025,,,,Lab Staff
2025-12-07,Fli,Pair-Wise,,415,100.0,93.7,389,,,,Lab Staff
2025-12-09,AB,Pair-Wise,,823,95.6,69.6,547,,,,Lab Staff
2025-12-09,AB,Pair-Wise,,272,100.0,89.0,242,,,,Lab Staff
2025-12-10,AB,Pair-Wise,,848,100.0,97.0,823,,,,Lab Staff
2025-12-10,AB,Pair-Wise,,495,100.0,93.0,460,,,,Lab Staff
2025-12-10,AB,Pair-Wise,,290,100.0,88.9,258,,,,Lab Staff
2025-12-11,AB,Pair-Wise,,290,100.0,86.7,251,,,,Lab Staff
2025-12-11,AB,Pair-Wise,,1384,100.0,89.8,1243,,,,Lab Staff
2025-12-15,AB,Pair-Wise,,688,100.0,87.6,603,,,,Lab Staff
2025-12-15,AB,Pair-Wise,,701,100.0,90.7,636,,,,Lab Staff
2025-12-15,AB,Pair-Wise,,693,100.0,80.6,559,,,,Lab Staff
2025-12-15,AB,Pair-Wise,,544,100.0,84.0,457,,,,Lab Staff
2025-12-15,Fli,Pair-Wise,,58,100.0,96.5,56,,,,Lab Staff
2025-12-15,Fli,Pair-Wise,,277,100.0,71.4,198,,,,Lab Staff
2025-12-15,AB,Pair-Wise,,610,100.0,96.0,586,,,,Lab Staff
2025-12-15,Gata,Pair-Wise,,540,100.0,69.0,373,,,,Lab Staff
2025-12-16,AB,Pair-Wise,,1087,100.0,80.0,870,,,,Lab Staff
2025-12-16,Fli,Pair-Wise,,567,100.0,52.0,295,,,,Lab Staff
2025-12-16,Gata,Pair-Wise,,0,0.0,0.0,0,,,,Lab Staff
2025-12-16,Gata,Pair-Wise,,0,0.0,0.0,0,,,,Lab Staff
2025-12-16,AB,Pair-Wise,,0,0.0,0.0,0,,,,Lab Staff
2025-12-20,AB,Pair-Wise,,582,100.0,88.0,512,,,,Lab Staff
2025-12-20,AB,Pair-Wise,,441,100.0,94.5,417,,,,Lab Staff
2025-12-20,AB,Pair-Wise,,439,100.0,86.0,378,,,,Lab Staff
2025-12-20,AB,Pair-Wise,,0,0.0,0.0,0,,,,Lab Staff
2025-12-21,AB,Pair-Wise,,525,100.0,77.0,404,,,,Lab Staff
2025-12-21,AB,Pair-Wise,,731,100.0,90.0,658,,,,Lab Staff
2025-12-22,Gata,Pair-Wise,,109,100.0,82.0,89,,,,Lab Staff
2025-12-22,Gata,Pair-Wise,,146,100.0,81.0,118,,,,Lab Staff
2025-12-22,Gata,Pair-Wise,,930,100.0,88.0,818,,,,Lab Staff
2025-12-23,AB,Pair-Wise,,877,100.0,75.0,658,,,,Lab Staff
2025-12-23,AB,Pair-Wise,,649,100.0,78.0,506,,,,Lab Staff
2025-12-23,AB,Pair-Wise,,716,100.0,67.0,480,,,,Lab Staff
2025-12-23,AB,Pair-Wise,,957,100.0,75.0,718,,,,Lab Staff
2026-01-01,AB,Pair-Wise,,1696,100.0,0.0,0,,,,Lab Staff
2026-01-01,AB,Pair-Wise,,433,100.0,92.8,402,,,,Lab Staff
2026-01-01,AB,Pair-Wise,,1218,100.0,73.0,889,,,,Lab Staff
2026-01-01,AB,Pair-Wise,,1783,100.0,78.0,1391,,,,Lab Staff
2026-01-01,AB,Pair-Wise,,592,100.0,97.0,574,,,,Lab Staff
2026-01-03,AB,In-Tank,,898,100.0,87.7,788,,,,Lab Staff
2026-01-03,AB,In-Tank,,468,100.0,84.6,396,,,,Lab Staff
2026-01-03,AB,In-Tank,,236,100.0,94.06,222,,,,Lab Staff
2026-01-05,AB,Pair-Wise,,447,64.0,67.0,192,,,,Lab Staff
2026-01-05,AB,Pair-Wise,,664,100.0,84.9,564,,,,Lab Staff
2026-01-05,AB,In-Tank,,579,100.0,72.0,417,,,,Lab Staff
2026-01-05,AB,In-Tank,,439,96.8,87.0,370,,,,Lab Staff
2026-01-05,AB,In-Tank,,560,78.5,91.0,400,,,,Lab Staff
2026-01-10,AB,Pair-Wise,,596,93.0,92.6,513,,,,Lab Staff
2026-01-10,AB,In-Tank,,418,84.0,81.0,284,,,,Lab Staff
2026-01-10,AB,Pair-Wise,,193,93.0,79.5,142,,,,Lab Staff
2026-01-11,AB,In-Tank,,342,91.0,84.2,262,,,,Lab Staff
2026-01-11,AB,In-Tank,,1437,98.0,88.7,1249,,,,Lab Staff
2026-01-14,AB,Pair-Wise,,0,0.0,0.0,0,,,,Lab Staff
2026-01-14,AB,Pair-Wise,,320,97.0,83.0,257,,,,Lab Staff
2026-01-14,AB,Pair-Wise,,428,97.0,98.5,409,,,,Lab Staff
2026-01-14,AB,In-Tank,,170,100.0,92.9,158,,,,Lab Staff
2026-01-15,AB,Pair-Wise,,0,0.0,0.0,0,,,,Lab Staff
2026-01-15,AB,In-Tank,,1076,0.0,93.0,0,,,,Lab Staff
2026-01-16,AB,In-Tank,,0,0.0,0.0,0,,,,Lab Staff
2026-01-16,AB,Pair-Wise,,120,85.0,85.0,87,,,,Lab Staff
2026-01-16,AB,Pair-Wise,,126,0.0,0.0,0,,,,Lab Staff
2026-01-16,AB,In-Tank,,0,0.0,0.0,0,,,,Lab Staff
2026-01-17,AB,Pair-Wise,,703,90.0,95.0,601,,,,Lab Staff
2026-01-17,AB,Pair-Wise,,246,95.0,90.0,211,,,,Lab Staff
2026-01-17,AB,Pair-Wise,,309,100.0,57.9,179,,,,Lab Staff
2026-01-17,AB,Pair-Wise,,24,100.0,58.33,14,,,,Lab Staff
2026-01-18,AB,Pair-Wise,,701,97.0,0.0,0,,,,Lab Staff
2026-01-19,AB,Pair-Wise,,898,100.0,0.0,0,,,,Lab Staff
2026-01-24,AB,Pair-Wise,,455,100.0,86.0,391,,,,Lab Staff
2026-01-24,AB,Pair-Wise,,1103,100.0,93.0,1026,,,,Lab Staff
2026-01-24,AB,Pair-Wise,,985,100.0,89.0,877,,,,Lab Staff
2026-01-25,AB,Pair-Wise,,389,100.0,94.0,366,,,,Lab Staff
2026-01-25,AB,Pair-Wise,,439,100.0,92.0,404,,,,Lab Staff
2026-01-25,Fli,Pair-Wise,,821,100.0,94.0,772,,,,Lab Staff
2026-01-25,Fli,Pair-Wise,,546,100.0,71.0,388,,,,Lab Staff
2026-01-25,Gata,Pair-Wise,,598,100.0,86.6,518,,,,Lab Staff
2026-01-25,AB,Pair-Wise,,1107,100.0,95.0,1052,,,,Lab Staff
2026-01-27,Gata,Pair-Wise,,122,100.0,34.0,41,,,,Lab Staff
2026-01-27,Gata,Pair-Wise,,0,0.0,0.0,0,,,,Lab Staff
2026-01-27,Gata,Pair-Wise,,1330,100.0,62.0,825,,,,Lab Staff
2026-01-27,Gata,Pair-Wise,,798,100.0,93.4,745,,,,Lab Staff
2026-01-27,AB,Pair-Wise,,126,100.0,73.0,92,,,,Lab Staff
2026-01-27,AB,Pair-Wise,,2470,100.0,72.0,1778,,,,Lab Staff
2026-01-31,AB,Pair-Wise,,1126,100.0,90.0,1013,,,,Lab Staff
2026-01-31,AB,Pair-Wise,,0,0.0,0.0,0,,,,Lab Staff
2026-01-31,AB,Pair-Wise,,847,100.0,88.0,745,,,,Lab Staff
2026-01-31,AB,Pair-Wise,,302,100.0,86.0,260,,,,Lab Staff
2026-02-01,AB,Pair-Wise,,1359,100.0,88.0,1196,,,,Lab Staff
2026-02-01,AB,Pair-Wise,,981,100.0,91.0,893,,,,Lab Staff
2026-02-02,AB,Pair-Wise,,1008,98.0,89.0,879,,,,Lab Staff
2026-02-02,AB,Pair-Wise,,1124,72.0,0.0,0,,,,Lab Staff
2026-02-02,AB,Pair-Wise,,937,99.0,96.0,891,,,,Lab Staff
2026-02-02,AB,Pair-Wise,,172,81.0,54.0,75,,,,Lab Staff
2026-02-02,Gata,Pair-Wise,,0,0.0,0.0,0,,,,Lab Staff
2026-02-02,Gata,Pair-Wise,,1168,100.0,96.6,1128,,,,Lab Staff
2026-02-02,AB,Pair-Wise,,0,0.0,0.0,0,,,,Lab Staff
2026-02-02,AB,Pair-Wise,,0,0.0,0.0,0,,,,Lab Staff
2026-02-03,AB,Pair-Wise,,0,0.0,0.0,0,,,,Lab Staff
2026-02-03,Fli,Pair-Wise,,0,0.0,0.0,0,,,,Lab Staff
2026-02-03,Fli,Pair-Wise,,515,100.0,84.6,436,,,,Lab Staff
2026-02-03,AB,Pair-Wise,,273,100.0,94.8,259,,,,Lab Staff
2026-02-03,Fli,Pair-Wise,,0,0.0,0.0,0,,,,Lab Staff
2026-02-03,Fli,Pair-Wise,,0,0.0,0.0,0,,,,Lab Staff
2026-02-04,AB,Pair-Wise,,0,0.0,0.0,0,,,,Lab Staff
2026-02-04,Fli,Pair-Wise,,419,100.0,66.1,277,,,,Lab Staff
2026-02-04,Fli,Pair-Wise,,0,0.0,0.0,0,,,,Lab Staff
2026-02-04,Casper,Pair-Wise,,0,0.0,0.0,0,,,,Lab Staff
2026-02-04,Casper,Pair-Wise,,113,100.0,43.36,49,,,,Lab Staff
2026-02-04,Casper,Pair-Wise,,54,100.0,0.0,0,,,,Lab Staff
2026-02-04,Casper,Pair-Wise,,789,100.0,86.31,681,,,,Lab Staff
2026-02-07,AB,Pair-Wise,,1628,100.0,88.19,1436,,,,Lab Staff
2026-02-07,AB,Pair-Wise,,567,97.0,85.5,470,,,,Lab Staff
2026-02-07,AB,In-Tank,,2544,100.0,90.6,2305,,,,Lab Staff
2026-02-10,Casper,Pair-Wise,,0,0.0,0.0,0,,,,Lab Staff
2026-02-10,Casper,Pair-Wise,,0,0.0,0.0,0,,,,Lab Staff
2026-02-10,Casper,Pair-Wise,,52,100.0,92.3,48,,,,Lab Staff
2026-02-10,Casper,Pair-Wise,,0,0.0,0.0,0,,,,Lab Staff
2026-02-10,Casper,Pair-Wise,,0,0.0,0.0,0,,,,Lab Staff
2026-02-10,Casper,Pair-Wise,,626,84.0,84.9,447,,,,Lab Staff
2026-02-10,Casper,Pair-Wise,,455,100.0,80.6,367,,,,Lab Staff
2026-02-10,Casper,Pair-Wise,,398,99.7,84.57,336,,,,Lab Staff
2026-02-11,AB,Pair-Wise,,392,100.0,93.7,367,,,,Lab Staff
2026-02-11,AB,Pair-Wise,,1638,100.0,81.7,1338,,,,Lab Staff
2026-02-11,Casper,Pair-Wise,,32,100.0,0.0,0,,,,Lab Staff
2026-02-11,Casper,Pair-Wise,,0,0.0,0.0,0,,,,Lab Staff
2026-02-11,Casper,Pair-Wise,,0,0.0,0.0,0,,,,Lab Staff
2026-02-11,Casper,Pair-Wise,,305,100.0,75.0,229,,,,Lab Staff
2026-02-11,Casper,Pair-Wise,,0,0.0,0.0,0,,,,Lab Staff
2026-02-11,AB,Pair-Wise,,192,100.0,96.8,186,,,,Lab Staff
2026-02-11,AB,Pair-Wise,,509,98.62,97.9,491,,,,Lab Staff
2026-02-14,AB,Pair-Wise,,892,99.77,0.0,0,,,,Lab Staff
2026-02-14,AB,Pair-Wise,,304,100.0,79.61,242,,,,Lab Staff
2026-02-15,AB,Pair-Wise,,168,100.0,97.02,163,,,,Lab Staff
2026-02-15,AB,Pair-Wise,,760,100.0,97.5,741,,,,Lab Staff
2026-02-16,AB,In-Tank,,482,100.0,84.85,409,,,,Lab Staff
2026-02-16,AB,In-Tank,,830,100.0,90.12,748,,,,Lab Staff
2026-02-16,AB,Pair-Wise,,0,0.0,0.0,0,,,,Lab Staff
2026-02-18,AB,Pair-Wise,,1104,100.0,88.7,979,,,,Lab Staff
2026-02-18,AB,Pair-Wise,,664,100.0,90.5,601,,,,Lab Staff
2026-02-21,AB,Pair-Wise,,344,100.0,93.02,320,,,,Lab Staff
2026-02-21,AB,Pair-Wise,,1020,100.0,97.45,994,,,,Lab Staff
2026-02-21,AB,Pair-Wise,,261,100.0,94.63,247,,,,Lab Staff
2026-02-21,AB,In-Tank,,311,100.0,65.59,204,,,,Lab Staff
2026-02-22,AB,Pair-Wise,,577,100.0,99.3,573,,,,Lab Staff
2026-02-22,AB,Pair-Wise,,468,100.0,91.45,428,,,,Lab Staff
2026-02-22,AB,Pair-Wise,,815,100.0,67.73,552,,,,Lab Staff
2026-02-23,AB,In-Tank,,0,0.0,0.0,0,,,,Lab Staff
2026-02-23,AB,In-Tank,,592,100.0,78.0,462,,,,Lab Staff
2026-02-23,AB,In-Tank,,510,99.6,51.3,261,,,,Lab Staff
2026-02-23,AB,In-Tank,,0,0.0,0.0,0,,,,Lab Staff
2026-02-23,Fli,In-Tank,,464,100.0,50.0,232,,,,Lab Staff
2026-02-24,Gata,In-Tank,,0,0.0,0.0,0,,,,Lab Staff
2026-02-24,AB,In-Tank,,0,0.0,0.0,0,,,,Lab Staff
2026-02-24,AB,In-Tank,,134,88.0,0.0,0,,,,Lab Staff
2026-02-24,AB,In-Tank,,52,0.0,0.0,0,,,,Lab Staff
2026-02-24,Fli,In-Tank,,66,62.12,0.0,0,,,,Lab Staff
2026-03-02,AB,In-Tank,,751,93.6,80.0,562,,,,Lab Staff
2026-03-02,AB,In-Tank,,513,99.4,82.0,418,,,,Lab Staff
2026-03-02,AB,In-Tank,,196,100.0,85.0,167,,,,Lab Staff
2026-03-02,AB,In-Tank,,775,93.16,67.0,484,,,,Lab Staff
2026-03-02,AB,In-Tank,,0,0.0,0.0,0,,,,Lab Staff
2026-03-03,AB,Pair-Wise,,451,100.0,92.9,419,,,,Lab Staff
2026-03-03,AB,Pair-Wise,,303,100.0,79.0,239,,,,Lab Staff
2026-03-03,AB,Pair-Wise,,720,100.0,92.6,667,,,,Lab Staff
2026-03-08,AB,In-Tank,,810,96.0,86.0,669,,,,Lab Staff
2026-03-08,AB,In-Tank,,325,100.0,84.0,273,,,,Lab Staff
2026-03-08,AB,In-Tank,,210,96.0,81.6,165,,,,Lab Staff
2026-03-09,AB,In-Tank,,772,100.0,87.82,678,,,,Lab Staff
2026-03-09,AB,In-Tank,,156,100.0,85.25,133,,,,Lab Staff
2026-03-09,AB,In-Tank,,473,100.0,90.48,428,,,,Lab Staff
2026-03-09,AB,In-Tank,,22,100.0,45.45,10,,,,Lab Staff
2026-03-09,AB,In-Tank,,115,100.0,85.34,98,,,,Lab Staff
2026-03-10,AB,In-Tank,,165,98.78,96.9,158,,,,Lab Staff
2026-03-10,Gata,In-Tank,,109,100.0,33.5,37,,,,Lab Staff
2026-03-10,Gata,In-Tank,,582,100.0,89.6,521,,,,Lab Staff
2026-03-10,Gata,In-Tank,,58,100.0,72.4,42,,,,Lab Staff
2026-03-10,Gata,In-Tank,,3,100.0,66.6,2,,,,Lab Staff
2026-03-11,Gata,In-Tank,,0,0.0,0.0,0,,,,Lab Staff
2026-03-11,Fli,In-Tank,,0,0.0,0.0,0,,,,Lab Staff
2026-03-11,Fli,In-Tank,,0,0.0,0.0,0,,,,Lab Staff
2026-03-11,Fli,Pair-Wise,,0,0.0,0.0,0,,,,Lab Staff
2026-03-11,Fli,Pair-Wise,,0,0.0,0.0,0,,,,Lab Staff
2026-03-12,AB,In-Tank,,492,0.0,0.0,0,,,,Lab Staff
2026-03-12,Fli,In-Tank,,70,0.0,0.0,0,,,,Lab Staff
2026-03-12,Fli,In-Tank,,0,0.0,0.0,0,,,,Lab Staff
2026-03-12,Gata,In-Tank,,0,0.0,0.0,0,,,,Lab Staff
2026-03-15,AB,In-Tank,,227,100.0,74.88,170,,,,Lab Staff
2026-03-15,AB,In-Tank,,388,100.0,71.0,275,,,,Lab Staff
2026-03-15,AB,In-Tank,,65,100.0,92.3,60,,,,Lab Staff
2026-03-15,AB,In-Tank,,485,100.0,83.5,405,,,,Lab Staff
2026-03-15,AB,In-Tank,,395,100.0,0.0,0,,,,Lab Staff
2026-03-16,AB,In-Tank,,885,0.0,87.0,0,,,,Lab Staff
2026-03-16,AB,In-Tank,,26,0.0,57.0,0,,,,Lab Staff
2026-03-16,AB,In-Tank,,752,0.0,83.0,0,,,,Lab Staff
2026-03-16,AB,In-Tank,,184,0.0,85.0,0,,,,Lab Staff
2026-03-16,AB,In-Tank,,152,0.0,92.0,0,,,,Lab Staff
2026-03-17,AB,In-Tank,,372,100.0,78.49,292,,,,Lab Staff
2026-03-17,AB,In-Tank,,0,0.0,0.0,0,,,,Lab Staff
2026-03-23,AB,In-Tank,,254,94.0,72.4,173,,,,Lab Staff
2026-03-23,AB,Pair-Wise,,328,100.0,0.0,0,,,,Lab Staff
2026-03-23,AB,Pair-Wise,,411,98.5,84.2,341,,,,Lab Staff
2026-03-23,Casper,Pair-Wise,,439,99.5,0.0,0,,,,Lab Staff
2026-03-24,AB,Pair-Wise,,300,100.0,90.0,270,,,,Lab Staff
2026-03-24,AB,Pair-Wise,,532,100.0,90.0,479,,,,Lab Staff
2026-03-24,AB,Pair-Wise,,785,100.0,85.0,667,,,,Lab Staff
2026-03-24,AB,Pair-Wise,,543,100.0,90.0,489,,,,Lab Staff
2026-03-24,AB,Pair-Wise,,1275,100.0,79.0,1007,,,,Lab Staff
2026-03-24,AB,Pair-Wise,,294,100.0,84.0,247,,,,Lab Staff
2026-03-25,Fli,Pair-Wise,,114,100.0,93.8,107,,,,Lab Staff
2026-03-25,Fli,Pair-Wise,,0,0.0,0.0,0,,,,Lab Staff
2026-03-25,Fli,Pair-Wise,,655,100.0,71.9,471,,,,Lab Staff
2026-03-25,Fli,Pair-Wise,,435,100.0,96.7,421,,,,Lab Staff
2026-03-25,Fli,Pair-Wise,,63,100.0,39.6,25,,,,Lab Staff
2026-03-25,AB,Pair-Wise,,1572,100.0,72.6,1141,,,,Lab Staff
2026-03-29,AB,Pair-Wise,,0,0.0,0.0,0,,,,Lab Staff
2026-03-29,AB,Pair-Wise,,531,100.0,90.0,478,,,,Lab Staff
2026-03-29,Fli,Pair-Wise,,320,100.0,83.0,266,,,,Lab Staff
2026-03-30,AB,Pair-Wise,,463,100.0,87.0,403,,,,Lab Staff
2026-03-30,AB,Pair-Wise,,546,100.0,86.8,474,,,,Lab Staff
2026-03-30,AB,Pair-Wise,,569,100.0,92.0,523,,,,Lab Staff
2026-03-30,Fli,Pair-Wise,,427,100.0,88.0,376,,,,Lab Staff
2026-03-30,Fli,Pair-Wise,,127,100.0,15.0,19,,,,Lab Staff
2026-03-30,Fli,Pair-Wise,,121,100.0,75.0,91,,,,Lab Staff
2026-03-30,Fli,Pair-Wise,,0,0.0,57.0,0,,,,Lab Staff
2026-03-30,Other,Pair-Wise,,220,100.0,0.0,0,,,,Lab Staff
2026-03-31,AB,Pair-Wise,,0,0.0,0.0,0,,,,Lab Staff
2026-03-31,Gata,Pair-Wise,,0,0.0,0.0,0,,,,Lab Staff
2026-03-31,Gata,Pair-Wise,,280,98.0,27.0,74,,,,Lab Staff
2026-03-31,Gata,Pair-Wise,,737,100.0,0.0,0,,,,Lab Staff
2026-03-31,Gata,Pair-Wise,,37,100.0,0.0,0,,,,Lab Staff
2026-03-31,Gata,Pair-Wise,,118,100.0,65.0,77,,,,Lab Staff
2026-03-31,AB,Pair-Wise,,1682,0.0,88.6,0,,,,Lab Staff
2026-03-31,Gata,Pair-Wise,,590,100.0,73.0,431,,,,Lab Staff
2026-04-01,Gata,Pair-Wise,,885,100.0,84.0,743,,,,Lab Staff
2026-04-01,Fli,Pair-Wise,,899,100.0,54.0,485,,,,Lab Staff
2026-04-01,AB,Pair-Wise,,654,100.0,68.0,445,,,,Lab Staff
2026-04-01,Fli,Pair-Wise,,321,100.0,84.7,272,,,,Lab Staff
2026-04-01,Fli,Pair-Wise,,213,100.0,84.0,179,,,,Lab Staff
2026-04-01,AB,Pair-Wise,,190,100.0,94.0,179,,,,Lab Staff
2026-04-02,AB,Pair-Wise,,1005,100.0,74.02,744,,,,Lab Staff
2026-04-02,AB,Pair-Wise,,367,100.0,81.47,299,,,,Lab Staff
2026-04-02,AB,Pair-Wise,,112,100.0,33.8,38,,,,Lab Staff
2026-04-02,AB,Pair-Wise,,67,100.0,75.05,50,,,,Lab Staff
2026-04-02,AB,Pair-Wise,,288,100.0,93.75,270,,,,Lab Staff
2026-04-02,AB,Pair-Wise,,355,100.0,98.39,349,,,,Lab Staff
2026-04-02,AB,Pair-Wise,,675,100.0,43.7,295,,,,Lab Staff
2026-04-02,AB,Pair-Wise,,0,0.0,0.0,0,,,,Lab Staff
2026-04-05,AB,Pair-Wise,,660,100.0,83.9,554,,,,Lab Staff
2026-04-05,AB,Pair-Wise,,290,100.0,88.0,255,,,,Lab Staff
2026-04-05,AB,Pair-Wise,,534,100.0,75.0,400,,,,Lab Staff
2026-04-06,Gata,Pair-Wise,,491,100.0,26.0,128,,,,Lab Staff
2026-04-06,Gata,Pair-Wise,,0,0.0,0.0,0,,,,Lab Staff
2026-04-06,AB,Pair-Wise,,474,100.0,81.0,384,,,,Lab Staff
2026-04-06,AB,Pair-Wise,,524,100.0,74.0,388,,,,Lab Staff
2026-04-06,AB,Pair-Wise,,682,100.0,90.0,614,,,,Lab Staff
2026-04-06,AB,Pair-Wise,,679,100.0,90.0,611,,,,Lab Staff
2026-04-07,Fli,Pair-Wise,,0,0.0,0.0,0,,,,Lab Staff
2026-04-07,Fli,Pair-Wise,,0,0.0,90.61,0,,,,Lab Staff
2026-04-07,Fli,Pair-Wise,,0,0.0,0.0,0,,,,Lab Staff
2026-04-07,Fli,Pair-Wise,,0,0.0,0.0,0,,,,Lab Staff
2026-04-07,Fli,Pair-Wise,,0,0.0,86.0,0,,,,Lab Staff
2026-04-08,AB,Pair-Wise,,1821,100.0,86.0,1566,,,,Lab Staff
2026-04-08,AB,Pair-Wise,,747,100.0,72.0,538,,,,Lab Staff
2026-04-08,AB,Pair-Wise,,94,100.0,97.0,91,,,,Lab Staff
2026-04-08,AB,Pair-Wise,,1830,100.0,96.0,1757,,,,Lab Staff
2026-04-08,AB,Pair-Wise,,720,100.0,92.0,662,,,,Lab Staff
2026-04-11,AB,Pair-Wise,,334,0.0,84.5,0,,,,Lab Staff
2026-04-11,Fli,Pair-Wise,,405,0.0,84.9,0,,,,Lab Staff
2026-04-11,AB,In-Tank,,0,0.0,51.0,0,,,,Lab Staff
2026-04-11,AB,In-Tank,,0,0.0,78.0,0,,,,Lab Staff
2026-04-11,AB,Pair-Wise,,274,0.0,89.7,0,,,,Lab Staff
2026-04-12,AB,Pair-Wise,,707,100.0,70.0,495,,,,Lab Staff
2026-04-12,AB,Pair-Wise,,594,100.0,66.3,394,,,,Lab Staff
2026-04-14,AB,Pair-Wise,,118,0.0,66.0,0,,,,Lab Staff
2026-04-14,AB,Pair-Wise,,715,0.0,96.0,0,,,,Lab Staff
2026-04-14,Gata,Pair-Wise,,1055,0.0,94.0,0,,,,Lab Staff
2026-04-14,Gata,Pair-Wise,,259,0.0,88.4,0,,,,Lab Staff
2026-04-14,Gata,Pair-Wise,,132,0.0,30.0,0,,,,Lab Staff
2026-04-14,Gata,Pair-Wise,,376,0.0,76.0,0,,,,Lab Staff
2026-04-14,Gata,Pair-Wise,,645,0.0,84.0,0,,,,Lab Staff
2026-04-14,AB,Pair-Wise,,0,0.0,0.0,0,,,,Lab Staff
2026-04-15,AB,Pair-Wise,,1130,0.0,93.57,0,,,,Lab Staff
2026-04-15,AB,Pair-Wise,,1538,0.0,91.28,0,,,,Lab Staff
2026-04-15,AB,Pair-Wise,,340,0.0,87.9,0,,,,Lab Staff
2026-04-18,AB,Pair-Wise,,369,100.0,89.0,328,,,,Lab Staff
2026-04-18,AB,Pair-Wise,,350,0.0,0.0,0,,,,Lab Staff
2026-04-20,AB,Pair-Wise,,845,100.0,0.0,0,,,,Lab Staff
2026-04-20,AB,Pair-Wise,,893,100.0,90.6,809,,,,Lab Staff
2026-04-20,AB,Pair-Wise,,795,100.0,92.0,731,,,,Lab Staff
2026-04-20,AB,Pair-Wise,,579,100.0,91.2,528,,,,Lab Staff
2026-04-22,AB,Pair-Wise,,294,100.0,0.0,0,,,,Lab Staff
2026-04-22,AB,Pair-Wise,,269,100.0,80.0,215,,,,Lab Staff
2026-04-22,AB,Pair-Wise,,1461,100.0,83.0,1213,,,,Lab Staff
2026-04-23,AB,Pair-Wise,,14,100.0,93.0,13,,,,Lab Staff
2026-04-23,AB,Pair-Wise,,0,0.0,61.75,0,,,,Lab Staff
2026-04-25,AB,Pair-Wise,,533,100.0,86.67,462,,,,Lab Staff
2026-04-25,AB,Pair-Wise,,597,100.0,76.04,454,,,,Lab Staff
2026-04-25,AB,Pair-Wise,,711,100.0,0.0,0,,,,Lab Staff
2026-04-25,Casper,Pair-Wise,,0,0.0,0.0,0,,,,Lab Staff
2026-04-25,Casper,In-Tank,,727,100.0,38.0,276,,,,Lab Staff
2026-04-25,Casper,In-Tank,,0,0.0,0.0,0,,,,Lab Staff
2026-04-27,AB,Pair-Wise,,364,0.0,81.0,0,,,,Lab Staff
2026-04-27,AB,Pair-Wise,,150,0.0,73.0,0,,,,Lab Staff
2026-04-27,AB,In-Tank,,119,0.0,74.7,0,,,,Lab Staff
2026-04-27,AB,Pair-Wise,,364,0.0,80.0,0,,,,Lab Staff
2026-04-27,AB,Pair-Wise,,464,0.0,85.5,0,,,,Lab Staff
2026-04-29,AB,Pair-Wise,,1344,0.0,93.0,0,,,,Lab Staff
2026-04-29,Gata,Pair-Wise,,774,0.0,79.0,0,,,,Lab Staff
2026-04-29,AB,Pair-Wise,,849,0.0,92.0,0,,,,Lab Staff
2026-04-29,Gata,Pair-Wise,,367,0.0,53.0,0,,,,Lab Staff
2026-05-02,Other,Pair-Wise,,0,0.0,0.0,0,,,,Lab Staff
2026-05-04,AB,Pair-Wise,,180,80.0,88.0,127,,,,Lab Staff
2026-05-09,AB,Pair-Wise,,198,0.0,77.0,0,,,,Lab Staff
2026-05-09,AB,Pair-Wise,,622,0.0,85.0,0,,,,Lab Staff
2026-05-10,AB,Pair-Wise,,482,100.0,87.0,419,,,,Lab Staff
2026-05-10,AB,Pair-Wise,,300,100.0,79.0,237,,,,Lab Staff
2026-05-10,AB,Pair-Wise,,1262,0.0,80.0,0,,,,Lab Staff
2026-05-10,AB,Pair-Wise,,879,0.0,78.0,0,,,,Lab Staff
2026-05-11,AB,Pair-Wise,,11,100.0,92.0,10,,,,Lab Staff
2026-05-11,AB,Pair-Wise,,165,100.0,79.0,130,,,,Lab Staff
2026-05-11,AB,Pair-Wise,,861,100.0,92.0,792,,,,Lab Staff
2026-05-11,AB,Pair-Wise,,2678,100.0,82.0,2196,,,,Lab Staff
2026-05-11,AB,Pair-Wise,,1237,100.0,91.5,1132,,,,Lab Staff
2026-05-13,AB,Pair-Wise,,1186,100.0,81.45,966,,,,Lab Staff
2026-05-13,AB,Pair-Wise,,614,100.0,75.73,465,,,,Lab Staff
2026-05-13,AB,Pair-Wise,,604,100.0,76.0,459,,,,Lab Staff
2026-05-13,AB,Pair-Wise,,2140,100.0,71.49,1530,,,,Lab Staff
2026-05-16,Casper,Pair-Wise,,4,100.0,25.0,1,,,,Lab Staff
2026-05-16,Casper,Pair-Wise,,0,0.0,0.0,0,,,,Lab Staff
2026-05-16,Casper,Pair-Wise,,89,100.0,93.0,83,,,,Lab Staff
2026-05-16,Casper,Pair-Wise,,294,85.0,97.6,244,,,,Lab Staff
2026-05-16,AB,Pair-Wise,,327,100.0,0.0,0,,,,Lab Staff
2026-05-16,AB,Pair-Wise,,60,100.0,96.6,58,,,,Lab Staff
2026-05-18,AB,Pair-Wise,,823,100.0,0.0,0,,,,Lab Staff
2026-05-18,AB,Pair-Wise,,946,100.0,0.0,0,,,,Lab Staff
2026-05-18,AB,Pair-Wise,,663,100.0,0.0,0,,,,Lab Staff
2026-05-19,Fli,Pair-Wise,,132,100.0,0.0,0,,,,Lab Staff
2026-05-19,Fli,Pair-Wise,,714,100.0,29.8,213,,,,Lab Staff
2026-05-19,Fli,Pair-Wise,,225,100.0,77.7,175,,,,Lab Staff
2026-05-19,Fli,Pair-Wise,,272,100.0,48.8,133,,,,Lab Staff
2026-05-19,Fli,Pair-Wise,,427,82.0,52.0,182,,,,Lab Staff
2026-05-19,Fli,Pair-Wise,,66,100.0,92.0,61,,,,Lab Staff
2026-05-20,Gata,Pair-Wise,,677,100.0,82.0,555,,,,Lab Staff
2026-05-20,Gata,Pair-Wise,,1056,100.0,68.0,718,,,,Lab Staff
2026-05-24,Gata,Pair-Wise,,208,100.0,0.0,0,,,,Lab Staff
2026-05-24,Gata,Pair-Wise,,1095,100.0,94.0,1029,,,,Lab Staff
2026-05-24,Gata,Pair-Wise,,636,100.0,6.0,38,,,,Lab Staff
2026-05-24,Gata,Pair-Wise,,411,90.0,50.0,185,,,,Lab Staff
2026-05-26,AB,Pair-Wise,,452,100.0,76.0,344,,,,Lab Staff
2026-05-26,AB,Pair-Wise,,1036,100.0,84.0,870,,,,Lab Staff
2026-05-26,AB,Pair-Wise,,433,100.0,94.0,407,,,,Lab Staff
2026-05-26,AB,Pair-Wise,,1214,100.0,80.0,971,,,,Lab Staff
2026-05-29,AB,Pair-Wise,,346,100.0,87.0,301,,,,Lab Staff
2026-05-29,AB,Pair-Wise,,1023,100.0,83.0,849,,,,Lab Staff
2026-05-29,AB,Pair-Wise,,226,100.0,92.0,208,,,,Lab Staff
2026-05-29,AB,Pair-Wise,,332,100.0,93.0,309,,,,Lab Staff
2026-05-30,AB,Pair-Wise,,346,100.0,0.0,0,,,,Lab Staff
2026-05-30,AB,Pair-Wise,,270,100.0,0.0,0,,,,Lab Staff
2026-05-30,AB,Pair-Wise,,200,100.0,93.0,186,,,,Lab Staff
2026-06-01,AB,Pair-Wise,,802,100.0,75.0,602,,,,Lab Staff
2026-06-01,AB,Pair-Wise,,424,100.0,82.0,348,,,,Lab Staff
2026-06-01,AB,Pair-Wise,,478,100.0,71.0,339,,,,Lab Staff
2026-06-02,Gata,Pair-Wise,,404,100.0,80.0,323,,,,Lab Staff
2026-06-02,Gata,Pair-Wise,,142,100.0,57.0,81,,,,Lab Staff
2026-06-02,Gata,Pair-Wise,,144,100.0,90.0,130,,,,Lab Staff
2026-06-04,AB,Pair-Wise,,951,100.0,0.0,0,,,,Lab Staff
2026-06-05,AB,Pair-Wise,,328,100.0,89.6,294,,,,Lab Staff
2026-06-05,AB,Pair-Wise,,735,99.7,84.4,619,,,,Lab Staff
2026-06-05,AB,Pair-Wise,,69,98.5,80.8,55,,,,Lab Staff
2026-06-05,AB,Pair-Wise,,191,98.5,96.8,182,,,,Lab Staff
2026-06-05,AB,Pair-Wise,,181,97.2,78.9,139,,,,Lab Staff
2026-06-06,AB,Pair-Wise,,511,100.0,70.0,358,,,,Lab Staff
2026-06-06,Gata,Pair-Wise,,145,100.0,0.0,0,,,,Lab Staff
2026-06-06,Gata,Pair-Wise,,489,100.0,67.0,328,,,,Lab Staff
2026-06-06,Gata,Pair-Wise,,582,100.0,89.0,518,,,,Lab Staff
2026-06-06,Gata,Pair-Wise,,836,100.0,73.0,610,,,,Lab Staff
2026-06-07,AB,Pair-Wise,,466,100.0,88.0,410,,,,Lab Staff
2026-06-07,AB,Pair-Wise,,269,100.0,92.0,247,,,,Lab Staff
2026-06-07,AB,Pair-Wise,,311,100.0,81.0,252,,,,Lab Staff
2026-06-08,AB,Pair-Wise,,349,100.0,79.0,276,,,,Lab Staff
2026-06-08,AB,Pair-Wise,,1546,100.0,67.0,1036,,,,Lab Staff
2026-06-08,AB,Pair-Wise,,429,100.0,83.0,356,,,,Lab Staff
2026-06-08,AB,Pair-Wise,,922,100.0,68.0,627,,,,Lab Staff
2026-06-10,Gata,Pair-Wise,,0,100.0,0.0,0,,,,Lab Staff
2026-06-10,AB,In-Tank,,467,100.0,77.0,360,,,,Lab Staff
2026-06-10,AB,In-Tank,,347,100.0,75.0,260,,,,Lab Staff
2026-06-10,AB,In-Tank,,617,100.0,78.0,481,,,,Lab Staff
2026-06-10,Other,In-Tank,,1055,100.0,70.0,738,,,,Lab Staff
2026-06-10,Gata,Pair-Wise,,131,100.0,0.0,0,,,,Lab Staff
2026-06-13,AB,Pair-Wise,,403,100.0,0.0,0,,,,Lab Staff
2026-06-13,AB,Pair-Wise,,238,100.0,85.0,202,,,,Lab Staff
2026-06-13,AB,Pair-Wise,,762,100.0,86.0,655,,,,Lab Staff
2026-06-13,Casper,Pair-Wise,,0,100.0,0.0,0,,,,Lab Staff
2026-06-13,Casper,Pair-Wise,,279,100.0,0.0,0,,,,Lab Staff
2026-06-13,Casper,Pair-Wise,,93,100.0,82.7,77,,,,Lab Staff
2026-06-13,Casper,Pair-Wise,,0,100.0,0.0,0,,,,Lab Staff
2026-06-13,Casper,Pair-Wise,,20,100.0,95.0,19,,,,Lab Staff
2026-06-13,Casper,Pair-Wise,,0,100.0,0.0,0,,,,Lab Staff
2026-06-13,Casper,Pair-Wise,,0,100.0,0.0,0,,,,Lab Staff
2026-06-14,Casper,Pair-Wise,,145,100.0,0.0,0,,,,Lab Staff
2026-06-14,Casper,Pair-Wise,,0,100.0,0.0,0,,,,Lab Staff
2026-06-14,Casper,Pair-Wise,,0,100.0,0.0,0,,,,Lab Staff
2026-06-14,Casper,Pair-Wise,,0,100.0,0.0,0,,,,Lab Staff
2026-06-14,Casper,Pair-Wise,,0,100.0,0.0,0,,,,Lab Staff
2026-06-14,Casper,Pair-Wise,,0,100.0,0.0,0,,,,Lab Staff
2026-06-14,Casper,Pair-Wise,,75,100.0,100.0,75,,,,Lab Staff
2026-06-16,AB,Pair-Wise,,408,100.0,88.23,360,,,,Lab Staff
2026-06-16,AB,Pair-Wise,,637,100.0,113.0,720,,,,Lab Staff
2026-06-17,AB,Pair-Wise,,1410,100.0,81.98,1156,,,,Lab Staff
2026-06-17,Casper,In-Tank,,443,100.0,65.23,289,,,,Lab Staff
2026-06-17,Casper,In-Tank,,1263,99.52,0.0,0,,,,Lab Staff
2026-06-17,Casper,Pair-Wise,,0,100.0,0.0,0,,,,Lab Staff
2026-06-17,Casper,Pair-Wise,,0,100.0,0.0,0,,,,Lab Staff
2026-06-17,Casper,Pair-Wise,,357,100.0,79.55,284,,,,Lab Staff
2026-06-20,Other,Pair-Wise,,0,100.0,0.0,0,,,,Lab Staff
2026-06-21,AB,Pair-Wise,,333,100.0,87.58,292,,,,Lab Staff
2026-06-21,AB,Pair-Wise,,242,100.0,84.29,204,,,,Lab Staff
2026-06-21,AB,Pair-Wise,,649,100.0,84.5,548,,,,Lab Staff
2026-06-21,AB,Pair-Wise,,135,100.0,84.4,114,,,,Lab Staff
2026-06-21,Gata,Pair-Wise,,865,100.0,83.0,718,,,,Lab Staff
2026-06-21,AB,Pair-Wise,,479,100.0,64.0,307,,,,Lab Staff
2026-06-21,AB,Pair-Wise,,192,100.0,88.5,170,,,,Lab Staff
2026-06-26,Casper,In-Tank,,0,100.0,2.0,0,,,,Lab Staff
2026-06-26,Casper,In-Tank,,99,100.0,0.0,0,,,,Lab Staff
2026-06-26,Casper,In-Tank,,0,100.0,0.0,0,,,,Lab Staff
2026-06-26,AB,Pair-Wise,,403,100.0,82.5,332,,,,Lab Staff
2026-06-26,AB,Pair-Wise,,0,100.0,0.0,0,,,,Lab Staff
2026-06-27,Casper,In-Tank,,0,100.0,0.0,0,,,,Lab Staff
2026-06-27,Casper,In-Tank,,0,100.0,0.0,0,,,,Lab Staff
2026-06-28,AB,Pair-Wise,,443,100.0,82.2,364,,,,Lab Staff
2026-06-28,AB,Pair-Wise,,904,100.0,228.0,2061,,,,Lab Staff
2026-06-28,AB,Pair-Wise,,1028,100.0,7.33,75,,,,Lab Staff
2026-06-28,AB,Pair-Wise,,106,100.0,85.8,91,,,,Lab Staff
2026-06-28,AB,Pair-Wise,,1118,100.0,73.7,824,,,,Lab Staff
2026-06-29,Casper,In-Tank,,219,100.0,91.32,200,,,,Lab Staff
2026-06-29,Casper,In-Tank,,198,100.0,78.28,155,,,,Lab Staff
2026-06-29,AB,Pair-Wise,,330,100.0,89.0,294,,,,Lab Staff
2026-06-29,Gata,In-Tank,,368,100.0,95.0,350,,,,Lab Staff
2026-06-29,Gata,In-Tank,,102,100.0,63.0,64,,,,Lab Staff
2026-06-29,Gata,In-Tank,,131,100.0,78.0,102,,,,Lab Staff
2026-06-29,Gata,In-Tank,,306,100.0,23.0,70,,,,Lab Staff
2026-06-30,Gata,Pair-Wise,,0,0.0,0.0,0,,,,Lab Staff
2026-06-30,Gata,Pair-Wise,,48,100.0,75.0,36,,,,Lab Staff
2026-06-30,Gata,In-Tank,,101,100.0,92.0,93,,,,Lab Staff
2026-06-30,Gata,Pair-Wise,,911,100.0,86.0,783,,,,Lab Staff
2026-07-04,Casper,In-Tank,,0,0.0,0.0,0,,,,Lab Staff
2026-07-04,Casper,Pair-Wise,,0,0.0,0.0,0,,,,Lab Staff
2026-07-04,Casper,Pair-Wise,,0,0.0,0.0,0,,,,Lab Staff
2026-07-04,Casper,Pair-Wise,,175,99.4,33.0,57,,,,Lab Staff
2026-07-04,Casper,Pair-Wise,,0,0.0,0.0,0,,,,Lab Staff
2026-07-04,Casper,Pair-Wise,,0,0.0,0.0,0,,,,Lab Staff
2026-07-04,Casper,Pair-Wise,,0,0.0,0.0,0,,,,Lab Staff
2026-07-04,Casper,Pair-Wise,,0,0.0,0.0,0,,,,Lab Staff
2026-07-04,Casper,Pair-Wise,,134,96.0,91.66,118,,,,Lab Staff
2026-07-04,Casper,In-Tank,,226,100.0,90.5,205,,,,Lab Staff
2026-07-04,Casper,In-Tank,,231,100.0,79.2,183,,,,Lab Staff
2026-07-04,Casper,In-Tank,,737,100.0,84.12,620,,,,Lab Staff
2026-07-05,AB,Pair-Wise,,955,100.0,93.0,888,,,,Lab Staff
2026-07-05,AB,Pair-Wise,,744,100.0,82.0,610,,,,Lab Staff
2026-07-05,AB,Pair-Wise,,411,100.0,92.0,378,,,,Lab Staff
2026-07-05,AB,Pair-Wise,,487,100.0,94.0,458,,,,Lab Staff
2026-07-06,Gata,Pair-Wise,,546,100.0,94.0,513,,,,Lab Staff
2026-07-06,Gata,Pair-Wise,,0,0.0,0.0,0,,,,Lab Staff
2026-07-07,Gata,Pair-Wise,,471,100.0,72.0,339,,,,Lab Staff
2026-07-11,AB,Pair-Wise,,0,0.0,0.0,0,,,,Lab Staff
2026-07-11,AB,Pair-Wise,,228,100.0,73.0,166,,,,Lab Staff
2026-07-18,AB,In-Tank,,391,100.0,84.0,328,,,,Lab Staff
2026-07-18,AB,In-Tank,,421,100.0,75.0,316,,,,Lab Staff
2026-07-18,AB,In-Tank,,387,100.0,74.0,286,,,,Lab Staff
2026-07-19,AB,In-Tank,,333,100.0,90.0,300,,,,Lab Staff
2026-07-19,AB,In-Tank,,598,100.0,83.0,496,,,,Lab Staff
2026-07-19,AB,In-Tank,,331,100.0,61.0,202,,,,Lab Staff
2026-07-19,Gata,In-Tank,,76,100.0,94.0,71,,,,Lab Staff
2026-07-19,Gata,In-Tank,,32,100.0,62.0,20,,,,Lab Staff
2026-07-20,Fli,In-Tank,,274,100.0,34.3,94,,,,Lab Staff
2026-07-20,Fli,In-Tank,,624,100.0,77.8,485,,,,Lab Staff
2026-07-20,Fli,In-Tank,,747,93.0,76.7,533,,,,Lab Staff
2026-07-20,Fli,In-Tank,,345,100.0,95.9,331,,,,Lab Staff
2026-07-20,Fli,In-Tank,,163,58.0,84.2,80,,,,Lab Staff
2026-07-25,Gata,Pair-Wise,,0,0.0,0.0,0,,,,Lab Staff
2026-07-25,Gata,Pair-Wise,,71,100.0,60.0,43,,,,Lab Staff
2026-07-26,Gata,Pair-Wise,,897,100.0,22.0,197,,,,Lab Staff
2026-07-26,Gata,Pair-Wise,,138,100.0,0.0,0,,,,Lab Staff
2026-07-26,Gata,Pair-Wise,,349,100.0,22.0,77,,,,Lab Staff
2026-07-26,Gata,Pair-Wise,,666,100.0,44.0,293,,,,Lab Staff
2026-07-26,Gata,Pair-Wise,,268,100.0,84.0,225,,,,Lab Staff
2026-07-27,AB,Pair-Wise,,768,97.0,93.0,693,,,,Lab Staff
2026-07-27,AB,Pair-Wise,,634,100.0,78.0,495,,,,Lab Staff
2026-07-27,AB,Pair-Wise,,906,100.0,66.0,598,,,,Lab Staff
2026-07-27,AB,Pair-Wise,,931,100.0,89.0,829,,,,Lab Staff
2026-07-28,AB,Pair-Wise,,947,100.0,76.0,720,,,,Lab Staff
2026-07-28,AB,Pair-Wise,,2080,100.0,79.0,1643,,,,Lab Staff
2026-07-28,AB,Pair-Wise,,681,100.0,73.0,497,,,,Lab Staff
2026-07-28,AB,Pair-Wise,,159,100.0,81.0,129,,,,Lab Staff
2026-07-28,AB,Pair-Wise,,760,100.0,83.0,631,,,,Lab Staff
2026-07-28,AB,Pair-Wise,,317,100.0,68.0,216,,,,Lab Staff
2026-08-03,AB,Pair-Wise,,625,100.0,95.2,595,,,,Lab Staff
2026-08-03,AB,Pair-Wise,,774,100.0,81.0,627,,,,Lab Staff
2026-08-03,AB,Pair-Wise,,1007,100.0,87.6,882,,,,Lab Staff
2026-08-03,AB,Pair-Wise,,387,100.0,78.0,302,,,,Lab Staff
2026-08-03,AB,Pair-Wise,,1722,100.0,71.0,1223,,,,Lab Staff
2026-08-04,AB,Pair-Wise,,528,100.0,82.9,438,,,,Lab Staff
2026-08-04,AB,Pair-Wise,,1017,100.0,91.0,925,,,,Lab Staff
2026-08-04,AB,Pair-Wise,,409,100.0,79.0,323,,,,Lab Staff
2026-08-04,AB,Pair-Wise,,502,100.0,91.0,457,,,,Lab Staff
2026-08-04,AB,Pair-Wise,,298,100.0,68.0,203,,,,Lab Staff
2026-08-04,AB,Pair-Wise,,147,100.0,97.0,143,,,,Lab Staff
2026-08-04,AB,Pair-Wise,,210,100.0,96.0,202,,,,Lab Staff
2026-08-08,AB,Pair-Wise,,61,100.0,78.0,48,,,,Lab Staff
2026-08-08,AB,Pair-Wise,,374,100.0,95.1,356,,,,Lab Staff
2026-08-10,AB,Pair-Wise,,201,100.0,73.0,147,,,,Lab Staff
2026-08-11,Fli,Pair-Wise,,60,100.0,10.0,6,,,,Lab Staff
2026-08-11,Fli,Pair-Wise,,466,100.0,96.5,450,,,,Lab Staff
2026-08-11,Fli,Pair-Wise,,177,100.0,87.5,155,,,,Lab Staff
2026-08-11,Fli,Pair-Wise,,516,100.0,88.0,454,,,,Lab Staff
2026-08-11,Fli,Pair-Wise,,355,100.0,7.0,25,,,,Lab Staff
2026-08-11,AB,In-Tank,,211,100.0,72.9,154,,,,Lab Staff
2026-08-11,Fli,Pair-Wise,,71,100.0,73.0,52,,,,Lab Staff
2026-08-11,AB,In-Tank,,597,100.0,87.0,519,,,,Lab Staff
2026-08-11,AB,In-Tank,,567,100.0,89.9,510,,,,Lab Staff
2026-08-15,Fli,Pair-Wise,,506,100.0,91.0,460,,,,Lab Staff
2026-08-15,Fli,Pair-Wise,,872,100.0,95.0,828,,,,Lab Staff
2026-08-16,Fli,Pair-Wise,,306,100.0,77.0,236,,,,Lab Staff
2026-08-16,Fli,Pair-Wise,,282,100.0,83.0,234,,,,Lab Staff
2026-08-16,Fli,Pair-Wise,,237,100.0,91.0,216,,,,Lab Staff
2026-08-16,Fli,Pair-Wise,,350,100.0,14.0,49,,,,Lab Staff
2026-08-16,Fli,Pair-Wise,,57,100.0,0.0,0,,,,Lab Staff
2026-08-22,AB,In-Tank,,122,100.0,81.9,100,,,,Lab Staff
2026-08-22,AB,Pair-Wise,,699,100.0,86.0,601,,,,Lab Staff
2026-08-23,AB,Pair-Wise,,361,100.0,96.0,347,,,,Lab Staff
2026-08-23,AB,Pair-Wise,,392,100.0,67.0,263,,,,Lab Staff
2026-08-24,AB,Pair-Wise,,303,100.0,92.0,279,,,,Lab Staff
2026-08-24,AB,Pair-Wise,,1312,100.0,74.92,983,,,,Lab Staff
2026-08-25,AB,Pair-Wise,,0,0.0,0.0,0,,,,Lab Staff
2026-08-25,AB,Pair-Wise,,759,100.0,69.2,525,,,,Lab Staff
2026-08-25,AB,Pair-Wise,,2252,74.0,84.6,1409,,,,Lab Staff
2026-08-26,Fli,Pair-Wise,,467,100.0,93.61,437,,,,Lab Staff
2026-08-28,Fli,Pair-Wise,,508,100.0,88.6,450,,,,Lab Staff
2026-08-29,AB,Pair-Wise,,320,100.0,97.8,313,,,,Lab Staff
2026-08-29,AB,Pair-Wise,,185,100.0,70.27,130,,,,Lab Staff
2026-08-29,AB,Pair-Wise,,0,0.0,0.0,0,,,,Lab Staff
2026-08-29,AB,Pair-Wise,,1244,100.0,86.2,1072,,,,Lab Staff
2026-08-29,AB,Pair-Wise,,98,100.0,94.8,93,,,,Lab Staff
5 Jan 26 / 6 Jan 26,Fli,In-Tank,,50,20.0,0.0,0,,,,Lab Staff
6 Jan 26 / 5 Jan 26,Casper,In-Tank,,0,0.0,0.0,0,,,,Lab Staff
APR27/26,Fli,Pair-Wise,,877,100.0,57.0,500,,,,Lab Staff
APR27/26,Fli,Pair-Wise,,272,100.0,29.6,81,,,,Lab Staff
APR27/26,AB,Pair-Wise,,258,100.0,93.0,240,,,,Lab Staff
APR27/26,Fli,Pair-Wise,,0,0.0,0.0,0,,,,Lab Staff
Collection: June 04,AB,Pair-Wise,,2,100.0,83.5,2,,,,Lab Staff
Collection: June 04,AB,Pair-Wise,,1025,100.0,73.3,751,,,,Lab Staff
Collection: June 04,AB,Pair-Wise,,554,100.0,95.6,530,,,,Lab Staff
Collection: June 04,AB,Pair-Wise,,421,100.0,85.0,358,,,,Lab Staff
"June 15, 26",AB,Pair-Wise,,250,100.0,94.58,236,,,,Lab Staff
"June 15, 26",AB,Pair-Wise,,1155,100.0,83.29,962,,,,Lab Staff
"June 15, 26",AB,Pair-Wise,,721,100.0,62.0,447,,,,Lab Staff
"June 15, 26",AB,Pair-Wise,,385,100.0,84.0,323,,,,Lab Staff
"June 15, 26",AB,Pair-Wise,,51,100.0,94.0,48,,,,Lab Staff
"June 15, 26",AB,Pair-Wise,,501,100.0,0.0,0,,,,Lab Staff
"June 15, 26",AB,Pair-Wise,,807,100.0,0.0,0,,,,Lab Staff
June 17-26,Casper,In-Tank,,0,100.0,0.0,0,,,,Lab Staff
June 17-26,Casper,Pair-Wise,,0,100.0,0.0,0,,,,Lab Staff
"June 22, 26",Gata,Pair-Wise,,36,100.0,83.0,30,,,,Lab Staff
"June 22, 26",Gata,Pair-Wise,,381,100.0,23.0,88,,,,Lab Staff
"June 22, 26",Gata,Pair-Wise,,786,100.0,96.0,755,,,,Lab Staff
"June 23-setup, June 24-counting",Gata,Pair-Wise,,490,100.0,84.08,412,,,,Lab Staff
"June 23-setup, June 24-counting",AB,Pair-Wise,,1970,98.98,72.85,1421,,,,Lab Staff
"June 23-setup, June 24-counting",Gata,Pair-Wise,,31,100.0,31.0,10,,,,Lab Staff
"June 23-setup, June 24-counting",Gata,Pair-Wise,,751,100.0,41.94,315,,,,Lab Staff
"June 23-setup, June 24-counting",Gata,Pair-Wise,,828,100.0,63.64,527,,,,Lab Staff
"June 24-setup, June 25-counting",AB,In-Tank,,1101,100.0,79.83,879,,,,Lab Staff
"June 24-setup, June 25-counting",AB,In-Tank,,574,100.0,67.59,388,,,,Lab Staff
"June 24-setup, June 25-counting",AB,In-Tank,,3714,100.0,74.34,2761,,,,Lab Staff
"June 9, 26",AB,Pair-Wise,,1005,100.0,74.9,753,,,,Lab Staff
"June 9, 26",AB,Pair-Wise,,1081,100.0,89.0,962,,,,Lab Staff
"June 9, 26",AB,Pair-Wise,,455,100.0,81.7,372,,,,Lab Staff
"June 9, 26",AB,Pair-Wise,,144,100.0,90.0,130,,,,Lab Staff
